#! /c/Source/iverilog-install/bin/vvp
:ivl_version "12.0 (devel)" "(s20150603-1539-g2693dd32b)";
:ivl_delay_selection "TYPICAL";
:vpi_time_precision + 0;
:vpi_module "C:\iverilog\lib\ivl\system.vpi";
:vpi_module "C:\iverilog\lib\ivl\vhdl_sys.vpi";
:vpi_module "C:\iverilog\lib\ivl\vhdl_textio.vpi";
:vpi_module "C:\iverilog\lib\ivl\v2005_math.vpi";
:vpi_module "C:\iverilog\lib\ivl\va_math.vpi";
S_0000025004cee1b0 .scope module, "adder" "adder" 2 301;
 .timescale 0 0;
    .port_info 0 /INPUT 7 "a";
    .port_info 1 /INPUT 7 "b";
    .port_info 2 /INPUT 1 "subtract";
    .port_info 3 /OUTPUT 7 "sum";
o0000025004e00b48 .functor BUFZ 7, C4<zzzzzzz>; HiZ drive
v0000025004dfa510_0 .net "a", 6 0, o0000025004e00b48;  0 drivers
o0000025004e00b78 .functor BUFZ 7, C4<zzzzzzz>; HiZ drive
v0000025004dfa010_0 .net "b", 6 0, o0000025004e00b78;  0 drivers
o0000025004e00ba8 .functor BUFZ 1, C4<z>; HiZ drive
v0000025004df9a70_0 .net "subtract", 0 0, o0000025004e00ba8;  0 drivers
v0000025004dfa330_0 .var "sum", 6 0;
E_0000025004d29d10 .event anyedge, v0000025004df9a70_0, v0000025004dfa510_0, v0000025004dfa010_0;
S_0000025004cee340 .scope module, "mux2to1" "mux2to1" 2 275;
 .timescale 0 0;
    .port_info 0 /INPUT 4 "A";
    .port_info 1 /INPUT 7 "B";
    .port_info 2 /INPUT 1 "sel";
    .port_info 3 /OUTPUT 7 "Y";
o0000025004e00cc8 .functor BUFZ 4, C4<zzzz>; HiZ drive
v0000025004dfb190_0 .net "A", 3 0, o0000025004e00cc8;  0 drivers
o0000025004e00cf8 .functor BUFZ 7, C4<zzzzzzz>; HiZ drive
v0000025004df9e30_0 .net "B", 6 0, o0000025004e00cf8;  0 drivers
v0000025004df92f0_0 .net "Y", 6 0, L_0000025004e72490;  1 drivers
L_0000025004e74fa8 .functor BUFT 1, C4<000>, C4<0>, C4<0>, C4<0>;
v0000025004dfa290_0 .net/2u *"_ivl_0", 2 0, L_0000025004e74fa8;  1 drivers
v0000025004dfa8d0_0 .net *"_ivl_2", 6 0, L_0000025004e72350;  1 drivers
o0000025004e00db8 .functor BUFZ 1, C4<z>; HiZ drive
v0000025004dfa5b0_0 .net "sel", 0 0, o0000025004e00db8;  0 drivers
L_0000025004e72350 .concat [ 4 3 0 0], o0000025004e00cc8, L_0000025004e74fa8;
L_0000025004e72490 .functor MUXZ 7, L_0000025004e72350, o0000025004e00cf8, o0000025004e00db8, C4<>;
S_0000025004cd2990 .scope module, "mux4to1" "mux4to1" 2 285;
 .timescale 0 0;
    .port_info 0 /INPUT 4 "A";
    .port_info 1 /INPUT 7 "B";
    .port_info 2 /INPUT 7 "C";
    .port_info 3 /INPUT 7 "D";
    .port_info 4 /INPUT 2 "sel";
    .port_info 5 /OUTPUT 7 "Y";
o0000025004e00ea8 .functor BUFZ 4, C4<zzzz>; HiZ drive
v0000025004dfa0b0_0 .net "A", 3 0, o0000025004e00ea8;  0 drivers
o0000025004e00ed8 .functor BUFZ 7, C4<zzzzzzz>; HiZ drive
v0000025004df9cf0_0 .net "B", 6 0, o0000025004e00ed8;  0 drivers
o0000025004e00f08 .functor BUFZ 7, C4<zzzzzzz>; HiZ drive
v0000025004dfa970_0 .net "C", 6 0, o0000025004e00f08;  0 drivers
o0000025004e00f38 .functor BUFZ 7, C4<zzzzzzz>; HiZ drive
v0000025004df99d0_0 .net "D", 6 0, o0000025004e00f38;  0 drivers
v0000025004dfa150_0 .net "Y", 6 0, L_0000025004e740b0;  1 drivers
L_0000025004e74ff0 .functor BUFT 1, C4<00>, C4<0>, C4<0>, C4<0>;
v0000025004dfa650_0 .net/2u *"_ivl_0", 1 0, L_0000025004e74ff0;  1 drivers
v0000025004df9b10_0 .net *"_ivl_10", 0 0, L_0000025004e74290;  1 drivers
L_0000025004e750c8 .functor BUFT 1, C4<10>, C4<0>, C4<0>, C4<0>;
v0000025004dfaf10_0 .net/2u *"_ivl_12", 1 0, L_0000025004e750c8;  1 drivers
v0000025004df94d0_0 .net *"_ivl_14", 0 0, L_0000025004e73890;  1 drivers
L_0000025004e75110 .functor BUFT 1, C4<11>, C4<0>, C4<0>, C4<0>;
v0000025004dfa6f0_0 .net/2u *"_ivl_16", 1 0, L_0000025004e75110;  1 drivers
v0000025004df9ed0_0 .net *"_ivl_18", 0 0, L_0000025004e73a70;  1 drivers
v0000025004dfafb0_0 .net *"_ivl_2", 0 0, L_0000025004e74010;  1 drivers
L_0000025004e75158 .functor BUFT 1, C4<0000000>, C4<0>, C4<0>, C4<0>;
v0000025004dfb0f0_0 .net/2u *"_ivl_20", 6 0, L_0000025004e75158;  1 drivers
v0000025004df9bb0_0 .net *"_ivl_22", 6 0, L_0000025004e74bf0;  1 drivers
v0000025004dfa1f0_0 .net *"_ivl_24", 6 0, L_0000025004e74970;  1 drivers
v0000025004dfa790_0 .net *"_ivl_26", 6 0, L_0000025004e743d0;  1 drivers
L_0000025004e75038 .functor BUFT 1, C4<000>, C4<0>, C4<0>, C4<0>;
v0000025004df9430_0 .net/2u *"_ivl_4", 2 0, L_0000025004e75038;  1 drivers
v0000025004df9570_0 .net *"_ivl_6", 6 0, L_0000025004e73bb0;  1 drivers
L_0000025004e75080 .functor BUFT 1, C4<01>, C4<0>, C4<0>, C4<0>;
v0000025004dfb050_0 .net/2u *"_ivl_8", 1 0, L_0000025004e75080;  1 drivers
o0000025004e01238 .functor BUFZ 2, C4<zz>; HiZ drive
v0000025004df9c50_0 .net "sel", 1 0, o0000025004e01238;  0 drivers
L_0000025004e74010 .cmp/eq 2, o0000025004e01238, L_0000025004e74ff0;
L_0000025004e73bb0 .concat [ 4 3 0 0], o0000025004e00ea8, L_0000025004e75038;
L_0000025004e74290 .cmp/eq 2, o0000025004e01238, L_0000025004e75080;
L_0000025004e73890 .cmp/eq 2, o0000025004e01238, L_0000025004e750c8;
L_0000025004e73a70 .cmp/eq 2, o0000025004e01238, L_0000025004e75110;
L_0000025004e74bf0 .functor MUXZ 7, L_0000025004e75158, o0000025004e00f38, L_0000025004e73a70, C4<>;
L_0000025004e74970 .functor MUXZ 7, L_0000025004e74bf0, o0000025004e00f08, L_0000025004e73890, C4<>;
L_0000025004e743d0 .functor MUXZ 7, L_0000025004e74970, o0000025004e00ed8, L_0000025004e74290, C4<>;
L_0000025004e740b0 .functor MUXZ 7, L_0000025004e743d0, L_0000025004e73bb0, L_0000025004e74010, C4<>;
S_0000025004cd2b20 .scope module, "testbench_top" "testbench_top" 3 1;
 .timescale 0 0;
v0000025004e71630_0 .net "clk", 0 0, v0000025004dfab50_0;  1 drivers
v0000025004e72210_0 .net "final_sum", 6 0, L_0000025004df32c0;  1 drivers
v0000025004e71450_0 .net "input_matrix", 319 0, v0000025004df9930_0;  1 drivers
v0000025004e736b0_0 .net "s_vi", 0 0, v0000025004df9d90_0;  1 drivers
v0000025004e722b0_0 .net "stop", 0 0, v0000025004d20120_0;  1 drivers
v0000025004e71090_0 .net "vo", 0 0, v0000025004d206c0_0;  1 drivers
S_0000025004cd9ff0 .scope module, "clk_gen" "clock_gen" 3 10, 4 1 0, S_0000025004cd2b20;
 .timescale 0 0;
    .port_info 0 /OUTPUT 1 "clk";
v0000025004dfab50_0 .var "clk", 0 0;
S_0000025004cda180 .scope module, "generator" "test_generator" 3 14, 5 1 0, S_0000025004cd2b20;
 .timescale 0 0;
    .port_info 0 /INPUT 1 "clk";
    .port_info 1 /INPUT 1 "stop";
    .port_info 2 /OUTPUT 320 "input_matrix";
    .port_info 3 /OUTPUT 1 "s_vi";
v0000025004dfadd0_0 .net "clk", 0 0, v0000025004dfab50_0;  alias, 1 drivers
v0000025004df9930_0 .var "input_matrix", 319 0;
v0000025004df9d90_0 .var "s_vi", 0 0;
v0000025004df9f70_0 .net "stop", 0 0, v0000025004d20120_0;  alias, 1 drivers
E_0000025004d29710 .event anyedge, v0000025004df9f70_0;
S_0000025004cd9b20 .scope module, "uut" "LONG_CHAIN_ADDITION_PART3" 3 21, 6 1 0, S_0000025004cd2b20;
 .timescale 0 0;
    .port_info 0 /INPUT 320 "input_matrix";
    .port_info 1 /INPUT 1 "s_vi";
    .port_info 2 /INPUT 1 "clk";
    .port_info 3 /OUTPUT 7 "final_sum";
    .port_info 4 /OUTPUT 1 "vo";
    .port_info 5 /OUTPUT 1 "stop";
v0000025004e71810_0 .net "clk", 0 0, v0000025004dfab50_0;  alias, 1 drivers
v0000025004e71d10_0 .net "final_sum", 6 0, L_0000025004df32c0;  alias, 1 drivers
v0000025004e723f0_0 .net "input_matrix", 319 0, v0000025004df9930_0;  alias, 1 drivers
v0000025004e72ad0_0 .net "s_ld_REG0", 0 0, v0000025004dfa830_0;  1 drivers
v0000025004e71db0_0 .net "s_ld_REG1", 0 0, v0000025004dfaab0_0;  1 drivers
v0000025004e72c10_0 .net "s_ld_REG2", 0 0, v0000025004dfabf0_0;  1 drivers
v0000025004e72e90_0 .net "s_ld_REG3", 0 0, v0000025004dfaa10_0;  1 drivers
v0000025004e72f30_0 .net "s_ld_REG4", 0 0, v0000025004dfad30_0;  1 drivers
v0000025004e718b0_0 .net "s_ld_REG5", 0 0, v0000025004dfae70_0;  1 drivers
v0000025004e71e50_0 .net "s_ld_REG6", 0 0, v0000025004df9890_0;  1 drivers
v0000025004e720d0_0 .net "s_ld_REG7", 0 0, v0000025004d20ee0_0;  1 drivers
v0000025004e72670_0 .net "s_ld_REGX0", 0 0, v0000025004d203a0_0;  1 drivers
v0000025004e72170_0 .net "s_ld_REGX1", 0 0, v0000025004d20e40_0;  1 drivers
v0000025004e716d0_0 .net "s_ld_REGX2", 0 0, v0000025004d20f80_0;  1 drivers
v0000025004e72fd0_0 .net "s_ld_REGX3", 0 0, v0000025004d20800_0;  1 drivers
v0000025004e73070_0 .net "s_ld_REGY0", 0 0, v0000025004d20440_0;  1 drivers
v0000025004e71590_0 .net "s_ld_REGY1", 0 0, v0000025004d21020_0;  1 drivers
v0000025004e71bd0_0 .net "s_ld_REGZ", 0 0, v0000025004d20760_0;  1 drivers
v0000025004e71f90_0 .net "s_sel_MUX", 3 0, v0000025004d20b20_0;  1 drivers
v0000025004e719f0_0 .net "s_vi", 0 0, v0000025004df9d90_0;  alias, 1 drivers
v0000025004e73110_0 .net "stop", 0 0, v0000025004d20120_0;  alias, 1 drivers
v0000025004e73750_0 .net "test_r0", 3 0, L_0000025004df3f70;  1 drivers
v0000025004e73570_0 .net "test_r1", 3 0, L_0000025004df40c0;  1 drivers
v0000025004e72530_0 .net "test_r2", 3 0, L_0000025004df3560;  1 drivers
v0000025004e727b0_0 .net "test_r3", 3 0, L_0000025004df3d40;  1 drivers
v0000025004e731b0_0 .net "test_r4", 3 0, L_0000025004df3790;  1 drivers
v0000025004e71a90_0 .net "test_r5", 3 0, L_0000025004df3e90;  1 drivers
v0000025004e71b30_0 .net "test_r6", 3 0, L_0000025004df3bf0;  1 drivers
v0000025004e72030_0 .net "test_r7", 3 0, L_0000025004df35d0;  1 drivers
v0000025004e713b0_0 .net "test_x0", 6 0, L_0000025004ebddd0;  1 drivers
v0000025004e73610_0 .net "test_x1", 6 0, L_0000025004ebdbf0;  1 drivers
v0000025004e71ef0_0 .net "test_x2", 6 0, L_0000025004ebea50;  1 drivers
v0000025004e72850_0 .net "test_x3", 6 0, L_0000025004ebeb90;  1 drivers
v0000025004e732f0_0 .net "test_y0", 6 0, L_0000025004ebd3d0;  1 drivers
v0000025004e71c70_0 .net "test_y1", 6 0, L_0000025004ebe5f0;  1 drivers
v0000025004e70ff0_0 .net "test_z", 6 0, L_0000025004df3fe0;  1 drivers
v0000025004e73390_0 .net "vo", 0 0, v0000025004d206c0_0;  alias, 1 drivers
S_0000025004cd9cb0 .scope module, "controller" "CONTROLLER" 6 44, 7 1 0, S_0000025004cd9b20;
 .timescale 0 0;
    .port_info 0 /INPUT 1 "s_vi";
    .port_info 1 /INPUT 1 "clk";
    .port_info 2 /OUTPUT 4 "s_sel_MUX";
    .port_info 3 /OUTPUT 1 "s_ld_REG0";
    .port_info 4 /OUTPUT 1 "s_ld_REG1";
    .port_info 5 /OUTPUT 1 "s_ld_REG2";
    .port_info 6 /OUTPUT 1 "s_ld_REG3";
    .port_info 7 /OUTPUT 1 "s_ld_REG4";
    .port_info 8 /OUTPUT 1 "s_ld_REG5";
    .port_info 9 /OUTPUT 1 "s_ld_REG6";
    .port_info 10 /OUTPUT 1 "s_ld_REG7";
    .port_info 11 /OUTPUT 1 "s_ld_REGX0";
    .port_info 12 /OUTPUT 1 "s_ld_REGX1";
    .port_info 13 /OUTPUT 1 "s_ld_REGX2";
    .port_info 14 /OUTPUT 1 "s_ld_REGX3";
    .port_info 15 /OUTPUT 1 "s_ld_REGY0";
    .port_info 16 /OUTPUT 1 "s_ld_REGY1";
    .port_info 17 /OUTPUT 1 "s_ld_REGZ";
    .port_info 18 /OUTPUT 1 "vo";
    .port_info 19 /OUTPUT 1 "stop";
v0000025004dfa3d0_0 .net "clk", 0 0, v0000025004dfab50_0;  alias, 1 drivers
v0000025004dfa470_0 .var "counter", 3 0;
v0000025004df9610_0 .var "current_state", 2 0;
v0000025004df9750_0 .var "i", 3 0;
v0000025004df97f0_0 .var "next_state", 2 0;
v0000025004dfa830_0 .var "s_ld_REG0", 0 0;
v0000025004dfaab0_0 .var "s_ld_REG1", 0 0;
v0000025004dfabf0_0 .var "s_ld_REG2", 0 0;
v0000025004dfaa10_0 .var "s_ld_REG3", 0 0;
v0000025004dfad30_0 .var "s_ld_REG4", 0 0;
v0000025004dfae70_0 .var "s_ld_REG5", 0 0;
v0000025004df9890_0 .var "s_ld_REG6", 0 0;
v0000025004d20ee0_0 .var "s_ld_REG7", 0 0;
v0000025004d203a0_0 .var "s_ld_REGX0", 0 0;
v0000025004d20e40_0 .var "s_ld_REGX1", 0 0;
v0000025004d20f80_0 .var "s_ld_REGX2", 0 0;
v0000025004d20800_0 .var "s_ld_REGX3", 0 0;
v0000025004d20440_0 .var "s_ld_REGY0", 0 0;
v0000025004d21020_0 .var "s_ld_REGY1", 0 0;
v0000025004d20760_0 .var "s_ld_REGZ", 0 0;
v0000025004d20b20_0 .var "s_sel_MUX", 3 0;
v0000025004d204e0_0 .net "s_vi", 0 0, v0000025004df9d90_0;  alias, 1 drivers
v0000025004d20120_0 .var "stop", 0 0;
v0000025004d206c0_0 .var "vo", 0 0;
E_0000025004d298d0 .event posedge, v0000025004dfab50_0;
S_0000025004ce1d90 .scope module, "data_path" "DATAPATH" 6 67, 2 1 0, S_0000025004cd9b20;
 .timescale 0 0;
    .port_info 0 /INPUT 1 "clk";
    .port_info 1 /OUTPUT 7 "final_sum";
    .port_info 2 /INPUT 320 "input_matrix";
    .port_info 3 /INPUT 1 "s_ld_REG0";
    .port_info 4 /INPUT 1 "s_ld_REG1";
    .port_info 5 /INPUT 1 "s_ld_REG2";
    .port_info 6 /INPUT 1 "s_ld_REG3";
    .port_info 7 /INPUT 1 "s_ld_REG4";
    .port_info 8 /INPUT 1 "s_ld_REG5";
    .port_info 9 /INPUT 1 "s_ld_REG6";
    .port_info 10 /INPUT 1 "s_ld_REG7";
    .port_info 11 /INPUT 1 "s_ld_REGX0";
    .port_info 12 /INPUT 1 "s_ld_REGX1";
    .port_info 13 /INPUT 1 "s_ld_REGX2";
    .port_info 14 /INPUT 1 "s_ld_REGX3";
    .port_info 15 /INPUT 1 "s_ld_REGY0";
    .port_info 16 /INPUT 1 "s_ld_REGY1";
    .port_info 17 /INPUT 1 "s_ld_REGZ";
    .port_info 18 /INPUT 4 "s_sel_MUX";
    .port_info 19 /OUTPUT 4 "test_r0";
    .port_info 20 /OUTPUT 4 "test_r1";
    .port_info 21 /OUTPUT 4 "test_r2";
    .port_info 22 /OUTPUT 4 "test_r3";
    .port_info 23 /OUTPUT 4 "test_r4";
    .port_info 24 /OUTPUT 4 "test_r5";
    .port_info 25 /OUTPUT 4 "test_r6";
    .port_info 26 /OUTPUT 4 "test_r7";
    .port_info 27 /OUTPUT 7 "test_x0";
    .port_info 28 /OUTPUT 7 "test_x1";
    .port_info 29 /OUTPUT 7 "test_x2";
    .port_info 30 /OUTPUT 7 "test_x3";
    .port_info 31 /OUTPUT 7 "test_y0";
    .port_info 32 /OUTPUT 7 "test_y1";
    .port_info 33 /OUTPUT 7 "test_z";
L_0000025004df32c0 .functor BUFZ 7, v0000025004e68640_0, C4<0000000>, C4<0000000>, C4<0000000>;
L_0000025004df3f70 .functor BUFZ 4, v0000025004e5bfc0_0, C4<0000>, C4<0000>, C4<0000>;
L_0000025004df40c0 .functor BUFZ 4, v0000025004e5c920_0, C4<0000>, C4<0000>, C4<0000>;
L_0000025004df3560 .functor BUFZ 4, v0000025004e686e0_0, C4<0000>, C4<0000>, C4<0000>;
L_0000025004df3d40 .functor BUFZ 4, v0000025004e68500_0, C4<0000>, C4<0000>, C4<0000>;
L_0000025004df3790 .functor BUFZ 4, v0000025004e672e0_0, C4<0000>, C4<0000>, C4<0000>;
L_0000025004df3e90 .functor BUFZ 4, v0000025004e67100_0, C4<0000>, C4<0000>, C4<0000>;
L_0000025004df3bf0 .functor BUFZ 4, v0000025004e67560_0, C4<0000>, C4<0000>, C4<0000>;
L_0000025004df35d0 .functor BUFZ 4, v0000025004e67420_0, C4<0000>, C4<0000>, C4<0000>;
L_0000025004df3fe0 .functor BUFZ 7, v0000025004e68640_0, C4<0000000>, C4<0000000>, C4<0000000>;
v0000025004e68be0_0 .net "ADDER_1_OUT", 4 0, v0000025004e50f20_0;  1 drivers
v0000025004e690e0_0 .net "ADDER_2_OUT", 4 0, v0000025004e51920_0;  1 drivers
v0000025004e68c80_0 .net "ADDER_3_OUT", 4 0, v0000025004e51c40_0;  1 drivers
v0000025004e68d20_0 .net "ADDER_4_OUT", 4 0, v0000025004e52780_0;  1 drivers
v0000025004e694a0_0 .net "ADDER_5_OUT", 5 0, v0000025004e526e0_0;  1 drivers
v0000025004e68dc0_0 .net "ADDER_6_OUT", 5 0, v0000025004e52960_0;  1 drivers
v0000025004e68e60_0 .net "ADDER_7_OUT", 6 0, v0000025004e52320_0;  1 drivers
v0000025004e68f00_0 .net "MUX_REG0_OUT", 3 0, v0000025004e54bf0_0;  1 drivers
v0000025004e68fa0_0 .net "MUX_REG1_OUT", 3 0, v0000025004e53070_0;  1 drivers
v0000025004e69040_0 .net "MUX_REG2_OUT", 3 0, v0000025004e54ab0_0;  1 drivers
v0000025004e69180_0 .net "MUX_REG3_OUT", 3 0, v0000025004e5a410_0;  1 drivers
v0000025004e69360_0 .net "MUX_REG4_OUT", 3 0, v0000025004e5aaf0_0;  1 drivers
v0000025004e69400_0 .net "MUX_REG5_OUT", 3 0, v0000025004e5c060_0;  1 drivers
v0000025004e69540_0 .net "MUX_REG6_OUT", 3 0, v0000025004e5ce20_0;  1 drivers
v0000025004e6a4e0_0 .net "MUX_REG7_OUT", 3 0, v0000025004e5c2e0_0;  1 drivers
v0000025004e6a940_0 .net "REG0_OUT", 3 0, v0000025004e5bfc0_0;  1 drivers
v0000025004e69ae0_0 .net "REG1_OUT", 3 0, v0000025004e5c920_0;  1 drivers
v0000025004e6a3a0_0 .net "REG2_OUT", 3 0, v0000025004e686e0_0;  1 drivers
v0000025004e699a0_0 .net "REG3_OUT", 3 0, v0000025004e68500_0;  1 drivers
v0000025004e6a9e0_0 .net "REG4_OUT", 3 0, v0000025004e672e0_0;  1 drivers
v0000025004e6a6c0_0 .net "REG5_OUT", 3 0, v0000025004e67100_0;  1 drivers
v0000025004e69ea0_0 .net "REG6_OUT", 3 0, v0000025004e67560_0;  1 drivers
v0000025004e69860_0 .net "REG7_OUT", 3 0, v0000025004e67420_0;  1 drivers
v0000025004e69900_0 .net "REGX0_OUT", 4 0, v0000025004e677e0_0;  1 drivers
v0000025004e6ada0_0 .net "REGX1_OUT", 4 0, v0000025004e688c0_0;  1 drivers
v0000025004e6ab20_0 .net "REGX2_OUT", 4 0, v0000025004e68820_0;  1 drivers
v0000025004e69a40_0 .net "REGX3_OUT", 4 0, v0000025004e676a0_0;  1 drivers
v0000025004e69c20_0 .net "REGY0_OUT", 5 0, v0000025004e67d80_0;  1 drivers
v0000025004e69cc0_0 .net "REGY1_OUT", 5 0, v0000025004e68320_0;  1 drivers
v0000025004e6aa80_0 .net "REGZ_OUT", 6 0, v0000025004e68640_0;  1 drivers
L_0000025004e76118 .functor BUFT 1, C4<00>, C4<0>, C4<0>, C4<0>;
v0000025004e6a760_0 .net *"_ivl_291", 1 0, L_0000025004e76118;  1 drivers
L_0000025004e76160 .functor BUFT 1, C4<00>, C4<0>, C4<0>, C4<0>;
v0000025004e6a300_0 .net *"_ivl_295", 1 0, L_0000025004e76160;  1 drivers
L_0000025004e761a8 .functor BUFT 1, C4<00>, C4<0>, C4<0>, C4<0>;
v0000025004e6a8a0_0 .net *"_ivl_299", 1 0, L_0000025004e761a8;  1 drivers
L_0000025004e761f0 .functor BUFT 1, C4<00>, C4<0>, C4<0>, C4<0>;
v0000025004e69b80_0 .net *"_ivl_303", 1 0, L_0000025004e761f0;  1 drivers
L_0000025004e76238 .functor BUFT 1, C4<0>, C4<0>, C4<0>, C4<0>;
v0000025004e6a580_0 .net *"_ivl_307", 0 0, L_0000025004e76238;  1 drivers
L_0000025004e76280 .functor BUFT 1, C4<0>, C4<0>, C4<0>, C4<0>;
v0000025004e6a620_0 .net *"_ivl_311", 0 0, L_0000025004e76280;  1 drivers
v0000025004e6abc0_0 .net "clk", 0 0, v0000025004dfab50_0;  alias, 1 drivers
v0000025004e69d60_0 .net "final_sum", 6 0, L_0000025004df32c0;  alias, 1 drivers
v0000025004e69e00_0 .net "input_matrix", 319 0, v0000025004df9930_0;  alias, 1 drivers
v0000025004e69f40_0 .net "s_ld_REG0", 0 0, v0000025004dfa830_0;  alias, 1 drivers
v0000025004e6a800_0 .net "s_ld_REG1", 0 0, v0000025004dfaab0_0;  alias, 1 drivers
v0000025004e69fe0_0 .net "s_ld_REG2", 0 0, v0000025004dfabf0_0;  alias, 1 drivers
v0000025004e6a080_0 .net "s_ld_REG3", 0 0, v0000025004dfaa10_0;  alias, 1 drivers
v0000025004e6ac60_0 .net "s_ld_REG4", 0 0, v0000025004dfad30_0;  alias, 1 drivers
v0000025004e6a120_0 .net "s_ld_REG5", 0 0, v0000025004dfae70_0;  alias, 1 drivers
v0000025004e6a1c0_0 .net "s_ld_REG6", 0 0, v0000025004df9890_0;  alias, 1 drivers
v0000025004e6a260_0 .net "s_ld_REG7", 0 0, v0000025004d20ee0_0;  alias, 1 drivers
v0000025004e6ad00_0 .net "s_ld_REGX0", 0 0, v0000025004d203a0_0;  alias, 1 drivers
v0000025004e6a440_0 .net "s_ld_REGX1", 0 0, v0000025004d20e40_0;  alias, 1 drivers
v0000025004e6ae40_0 .net "s_ld_REGX2", 0 0, v0000025004d20f80_0;  alias, 1 drivers
v0000025004e697c0_0 .net "s_ld_REGX3", 0 0, v0000025004d20800_0;  alias, 1 drivers
v0000025004e734d0_0 .net "s_ld_REGY0", 0 0, v0000025004d20440_0;  alias, 1 drivers
v0000025004e71130_0 .net "s_ld_REGY1", 0 0, v0000025004d21020_0;  alias, 1 drivers
v0000025004e72990_0 .net "s_ld_REGZ", 0 0, v0000025004d20760_0;  alias, 1 drivers
v0000025004e71770_0 .net "s_sel_MUX", 3 0, v0000025004d20b20_0;  alias, 1 drivers
v0000025004e711d0_0 .net "test_r0", 3 0, L_0000025004df3f70;  alias, 1 drivers
v0000025004e728f0_0 .net "test_r1", 3 0, L_0000025004df40c0;  alias, 1 drivers
v0000025004e72a30_0 .net "test_r2", 3 0, L_0000025004df3560;  alias, 1 drivers
v0000025004e72b70_0 .net "test_r3", 3 0, L_0000025004df3d40;  alias, 1 drivers
v0000025004e73250_0 .net "test_r4", 3 0, L_0000025004df3790;  alias, 1 drivers
v0000025004e71270_0 .net "test_r5", 3 0, L_0000025004df3e90;  alias, 1 drivers
v0000025004e72d50_0 .net "test_r6", 3 0, L_0000025004df3bf0;  alias, 1 drivers
v0000025004e725d0_0 .net "test_r7", 3 0, L_0000025004df35d0;  alias, 1 drivers
v0000025004e71310_0 .net "test_x0", 6 0, L_0000025004ebddd0;  alias, 1 drivers
v0000025004e714f0_0 .net "test_x1", 6 0, L_0000025004ebdbf0;  alias, 1 drivers
v0000025004e72cb0_0 .net "test_x2", 6 0, L_0000025004ebea50;  alias, 1 drivers
v0000025004e71950_0 .net "test_x3", 6 0, L_0000025004ebeb90;  alias, 1 drivers
v0000025004e73430_0 .net "test_y0", 6 0, L_0000025004ebd3d0;  alias, 1 drivers
v0000025004e72df0_0 .net "test_y1", 6 0, L_0000025004ebe5f0;  alias, 1 drivers
v0000025004e72710_0 .net "test_z", 6 0, L_0000025004df3fe0;  alias, 1 drivers
L_0000025004e73b10 .part v0000025004df9930_0, 316, 4;
L_0000025004e73930 .part v0000025004df9930_0, 284, 4;
L_0000025004e74a10 .part v0000025004df9930_0, 252, 4;
L_0000025004e74790 .part v0000025004df9930_0, 220, 4;
L_0000025004e74330 .part v0000025004df9930_0, 188, 4;
L_0000025004e74c90 .part v0000025004df9930_0, 156, 4;
L_0000025004e748d0 .part v0000025004df9930_0, 124, 4;
L_0000025004e74510 .part v0000025004df9930_0, 92, 4;
L_0000025004e74ab0 .part v0000025004df9930_0, 60, 4;
L_0000025004e73c50 .part v0000025004df9930_0, 28, 4;
L_0000025004e739d0 .part v0000025004df9930_0, 312, 4;
L_0000025004e73cf0 .part v0000025004df9930_0, 280, 4;
L_0000025004e73d90 .part v0000025004df9930_0, 248, 4;
L_0000025004e74150 .part v0000025004df9930_0, 216, 4;
L_0000025004e74b50 .part v0000025004df9930_0, 184, 4;
L_0000025004e737f0 .part v0000025004df9930_0, 152, 4;
L_0000025004e745b0 .part v0000025004df9930_0, 120, 4;
L_0000025004e73e30 .part v0000025004df9930_0, 88, 4;
L_0000025004e74650 .part v0000025004df9930_0, 56, 4;
L_0000025004e74470 .part v0000025004df9930_0, 24, 4;
L_0000025004e74e70 .part v0000025004df9930_0, 308, 4;
L_0000025004e746f0 .part v0000025004df9930_0, 276, 4;
L_0000025004e74d30 .part v0000025004df9930_0, 244, 4;
L_0000025004e74830 .part v0000025004df9930_0, 212, 4;
L_0000025004e73ed0 .part v0000025004df9930_0, 180, 4;
L_0000025004e74dd0 .part v0000025004df9930_0, 148, 4;
L_0000025004e73f70 .part v0000025004df9930_0, 116, 4;
L_0000025004e741f0 .part v0000025004df9930_0, 84, 4;
L_0000025004ec03f0 .part v0000025004df9930_0, 52, 4;
L_0000025004ec0530 .part v0000025004df9930_0, 20, 4;
L_0000025004ec05d0 .part v0000025004df9930_0, 304, 4;
L_0000025004ec0170 .part v0000025004df9930_0, 272, 4;
L_0000025004ebfe50 .part v0000025004df9930_0, 240, 4;
L_0000025004ebfdb0 .part v0000025004df9930_0, 208, 4;
L_0000025004ec0670 .part v0000025004df9930_0, 176, 4;
L_0000025004ebf810 .part v0000025004df9930_0, 144, 4;
L_0000025004ec0210 .part v0000025004df9930_0, 112, 4;
L_0000025004ec00d0 .part v0000025004df9930_0, 80, 4;
L_0000025004ec02b0 .part v0000025004df9930_0, 48, 4;
L_0000025004ec0e90 .part v0000025004df9930_0, 16, 4;
L_0000025004ec0490 .part v0000025004df9930_0, 300, 4;
L_0000025004ec0350 .part v0000025004df9930_0, 268, 4;
L_0000025004ebfd10 .part v0000025004df9930_0, 236, 4;
L_0000025004ec07b0 .part v0000025004df9930_0, 204, 4;
L_0000025004ec0b70 .part v0000025004df9930_0, 172, 4;
L_0000025004ec0710 .part v0000025004df9930_0, 140, 4;
L_0000025004ebf8b0 .part v0000025004df9930_0, 108, 4;
L_0000025004ebff90 .part v0000025004df9930_0, 76, 4;
L_0000025004ec0cb0 .part v0000025004df9930_0, 44, 4;
L_0000025004ec0850 .part v0000025004df9930_0, 12, 4;
L_0000025004ec08f0 .part v0000025004df9930_0, 296, 4;
L_0000025004ebf950 .part v0000025004df9930_0, 264, 4;
L_0000025004ec0990 .part v0000025004df9930_0, 232, 4;
L_0000025004ec0a30 .part v0000025004df9930_0, 200, 4;
L_0000025004ec0ad0 .part v0000025004df9930_0, 168, 4;
L_0000025004ec0c10 .part v0000025004df9930_0, 136, 4;
L_0000025004ec0d50 .part v0000025004df9930_0, 104, 4;
L_0000025004ec0df0 .part v0000025004df9930_0, 72, 4;
L_0000025004ec0030 .part v0000025004df9930_0, 40, 4;
L_0000025004ebf9f0 .part v0000025004df9930_0, 8, 4;
L_0000025004ebfa90 .part v0000025004df9930_0, 292, 4;
L_0000025004ebfb30 .part v0000025004df9930_0, 260, 4;
L_0000025004ebfef0 .part v0000025004df9930_0, 228, 4;
L_0000025004ebfbd0 .part v0000025004df9930_0, 196, 4;
L_0000025004ebfc70 .part v0000025004df9930_0, 164, 4;
L_0000025004ebeff0 .part v0000025004df9930_0, 132, 4;
L_0000025004ebe2d0 .part v0000025004df9930_0, 100, 4;
L_0000025004ebf6d0 .part v0000025004df9930_0, 68, 4;
L_0000025004ebe230 .part v0000025004df9930_0, 36, 4;
L_0000025004ebf630 .part v0000025004df9930_0, 4, 4;
L_0000025004ebd470 .part v0000025004df9930_0, 288, 4;
L_0000025004ebda10 .part v0000025004df9930_0, 256, 4;
L_0000025004ebf270 .part v0000025004df9930_0, 224, 4;
L_0000025004ebeeb0 .part v0000025004df9930_0, 192, 4;
L_0000025004ebe7d0 .part v0000025004df9930_0, 160, 4;
L_0000025004ebe4b0 .part v0000025004df9930_0, 128, 4;
L_0000025004ebeaf0 .part v0000025004df9930_0, 96, 4;
L_0000025004ebd5b0 .part v0000025004df9930_0, 64, 4;
L_0000025004ebd6f0 .part v0000025004df9930_0, 32, 4;
L_0000025004ebe550 .part v0000025004df9930_0, 0, 4;
L_0000025004ebddd0 .concat [ 5 2 0 0], v0000025004e677e0_0, L_0000025004e76118;
L_0000025004ebdbf0 .concat [ 5 2 0 0], v0000025004e688c0_0, L_0000025004e76160;
L_0000025004ebea50 .concat [ 5 2 0 0], v0000025004e68820_0, L_0000025004e761a8;
L_0000025004ebeb90 .concat [ 5 2 0 0], v0000025004e676a0_0, L_0000025004e761f0;
L_0000025004ebd3d0 .concat [ 6 1 0 0], v0000025004e67d80_0, L_0000025004e76238;
L_0000025004ebe5f0 .concat [ 6 1 0 0], v0000025004e68320_0, L_0000025004e76280;
S_0000025004cdd870 .scope module, "ADDER1" "adder_4bit" 2 225, 2 317 0, S_0000025004ce1d90;
 .timescale 0 0;
    .port_info 0 /INPUT 4 "a";
    .port_info 1 /INPUT 4 "b";
    .port_info 2 /INPUT 1 "subtract";
    .port_info 3 /OUTPUT 5 "sum";
P_0000025004d29f90 .param/l "width" 0 2 317, +C4<00000000000000000000000000000011>;
v0000025004d208a0_0 .net "a", 3 0, v0000025004e5bfc0_0;  alias, 1 drivers
v0000025004d201c0_0 .var "a_ext", 4 0;
v0000025004d20260_0 .net "b", 3 0, v0000025004e5c920_0;  alias, 1 drivers
v0000025004d20300_0 .var "b_ext", 4 0;
L_0000025004e75f20 .functor BUFT 1, C4<0>, C4<0>, C4<0>, C4<0>;
v0000025004e51880_0 .net "subtract", 0 0, L_0000025004e75f20;  1 drivers
v0000025004e50f20_0 .var "sum", 4 0;
E_0000025004d29c10 .event anyedge, v0000025004e51880_0, v0000025004d201c0_0, v0000025004d20300_0;
S_0000025004cdda00 .scope module, "ADDER2" "adder_4bit" 2 226, 2 317 0, S_0000025004ce1d90;
 .timescale 0 0;
    .port_info 0 /INPUT 4 "a";
    .port_info 1 /INPUT 4 "b";
    .port_info 2 /INPUT 1 "subtract";
    .port_info 3 /OUTPUT 5 "sum";
P_0000025004d29f10 .param/l "width" 0 2 317, +C4<00000000000000000000000000000011>;
v0000025004e52aa0_0 .net "a", 3 0, v0000025004e686e0_0;  alias, 1 drivers
v0000025004e51740_0 .var "a_ext", 4 0;
v0000025004e50c00_0 .net "b", 3 0, v0000025004e68500_0;  alias, 1 drivers
v0000025004e51b00_0 .var "b_ext", 4 0;
L_0000025004e75f68 .functor BUFT 1, C4<0>, C4<0>, C4<0>, C4<0>;
v0000025004e52140_0 .net "subtract", 0 0, L_0000025004e75f68;  1 drivers
v0000025004e51920_0 .var "sum", 4 0;
E_0000025004d29590 .event anyedge, v0000025004e52140_0, v0000025004e51740_0, v0000025004e51b00_0;
S_0000025004e52bc0 .scope module, "ADDER3" "adder_4bit" 2 227, 2 317 0, S_0000025004ce1d90;
 .timescale 0 0;
    .port_info 0 /INPUT 4 "a";
    .port_info 1 /INPUT 4 "b";
    .port_info 2 /INPUT 1 "subtract";
    .port_info 3 /OUTPUT 5 "sum";
P_0000025004d297d0 .param/l "width" 0 2 317, +C4<00000000000000000000000000000011>;
v0000025004e51a60_0 .net "a", 3 0, v0000025004e672e0_0;  alias, 1 drivers
v0000025004e519c0_0 .var "a_ext", 4 0;
v0000025004e51d80_0 .net "b", 3 0, v0000025004e67100_0;  alias, 1 drivers
v0000025004e51ba0_0 .var "b_ext", 4 0;
L_0000025004e75fb0 .functor BUFT 1, C4<0>, C4<0>, C4<0>, C4<0>;
v0000025004e52640_0 .net "subtract", 0 0, L_0000025004e75fb0;  1 drivers
v0000025004e51c40_0 .var "sum", 4 0;
E_0000025004d29fd0 .event anyedge, v0000025004e52640_0, v0000025004e519c0_0, v0000025004e51ba0_0;
S_0000025004e52d50 .scope module, "ADDER4" "adder_4bit" 2 228, 2 317 0, S_0000025004ce1d90;
 .timescale 0 0;
    .port_info 0 /INPUT 4 "a";
    .port_info 1 /INPUT 4 "b";
    .port_info 2 /INPUT 1 "subtract";
    .port_info 3 /OUTPUT 5 "sum";
P_0000025004d2a2d0 .param/l "width" 0 2 317, +C4<00000000000000000000000000000011>;
v0000025004e51ce0_0 .net "a", 3 0, v0000025004e67560_0;  alias, 1 drivers
v0000025004e51e20_0 .var "a_ext", 4 0;
v0000025004e51ec0_0 .net "b", 3 0, v0000025004e67420_0;  alias, 1 drivers
v0000025004e51060_0 .var "b_ext", 4 0;
L_0000025004e75ff8 .functor BUFT 1, C4<0>, C4<0>, C4<0>, C4<0>;
v0000025004e51560_0 .net "subtract", 0 0, L_0000025004e75ff8;  1 drivers
v0000025004e52780_0 .var "sum", 4 0;
E_0000025004d29b50 .event anyedge, v0000025004e51560_0, v0000025004e51e20_0, v0000025004e51060_0;
S_0000025004cdb090 .scope module, "ADDER5" "adder_4bit" 2 229, 2 317 0, S_0000025004ce1d90;
 .timescale 0 0;
    .port_info 0 /INPUT 5 "a";
    .port_info 1 /INPUT 5 "b";
    .port_info 2 /INPUT 1 "subtract";
    .port_info 3 /OUTPUT 6 "sum";
P_0000025004d29810 .param/l "width" 0 2 317, +C4<00000000000000000000000000000100>;
v0000025004e50fc0_0 .net "a", 4 0, v0000025004e677e0_0;  alias, 1 drivers
v0000025004e51100_0 .var "a_ext", 5 0;
v0000025004e51240_0 .net "b", 4 0, v0000025004e688c0_0;  alias, 1 drivers
v0000025004e521e0_0 .var "b_ext", 5 0;
L_0000025004e76040 .functor BUFT 1, C4<0>, C4<0>, C4<0>, C4<0>;
v0000025004e52280_0 .net "subtract", 0 0, L_0000025004e76040;  1 drivers
v0000025004e526e0_0 .var "sum", 5 0;
E_0000025004d29a50 .event anyedge, v0000025004e52280_0, v0000025004e51100_0, v0000025004e521e0_0;
S_0000025004cdb220 .scope module, "ADDER6" "adder_4bit" 2 230, 2 317 0, S_0000025004ce1d90;
 .timescale 0 0;
    .port_info 0 /INPUT 5 "a";
    .port_info 1 /INPUT 5 "b";
    .port_info 2 /INPUT 1 "subtract";
    .port_info 3 /OUTPUT 6 "sum";
P_0000025004d29e50 .param/l "width" 0 2 317, +C4<00000000000000000000000000000100>;
v0000025004e52820_0 .net "a", 4 0, v0000025004e68820_0;  alias, 1 drivers
v0000025004e51f60_0 .var "a_ext", 5 0;
v0000025004e511a0_0 .net "b", 4 0, v0000025004e676a0_0;  alias, 1 drivers
v0000025004e52000_0 .var "b_ext", 5 0;
L_0000025004e76088 .functor BUFT 1, C4<0>, C4<0>, C4<0>, C4<0>;
v0000025004e525a0_0 .net "subtract", 0 0, L_0000025004e76088;  1 drivers
v0000025004e52960_0 .var "sum", 5 0;
E_0000025004d29c90 .event anyedge, v0000025004e525a0_0, v0000025004e51f60_0, v0000025004e52000_0;
S_0000025004dc64d0 .scope module, "ADDER7" "adder_4bit" 2 231, 2 317 0, S_0000025004ce1d90;
 .timescale 0 0;
    .port_info 0 /INPUT 6 "a";
    .port_info 1 /INPUT 6 "b";
    .port_info 2 /INPUT 1 "subtract";
    .port_info 3 /OUTPUT 7 "sum";
P_0000025004d29e90 .param/l "width" 0 2 317, +C4<00000000000000000000000000000101>;
v0000025004e520a0_0 .net "a", 5 0, v0000025004e67d80_0;  alias, 1 drivers
v0000025004e512e0_0 .var "a_ext", 6 0;
v0000025004e51420_0 .net "b", 5 0, v0000025004e68320_0;  alias, 1 drivers
v0000025004e52460_0 .var "b_ext", 6 0;
L_0000025004e760d0 .functor BUFT 1, C4<0>, C4<0>, C4<0>, C4<0>;
v0000025004e51600_0 .net "subtract", 0 0, L_0000025004e760d0;  1 drivers
v0000025004e52320_0 .var "sum", 6 0;
E_0000025004d29cd0 .event anyedge, v0000025004e51600_0, v0000025004e512e0_0, v0000025004e52460_0;
S_0000025004dc6660 .scope module, "MUX_REG0" "mux16to1_4bit" 2 97, 2 338 0, S_0000025004ce1d90;
 .timescale 0 0;
    .port_info 0 /INPUT 4 "in0";
    .port_info 1 /INPUT 4 "in1";
    .port_info 2 /INPUT 4 "in2";
    .port_info 3 /INPUT 4 "in3";
    .port_info 4 /INPUT 4 "in4";
    .port_info 5 /INPUT 4 "in5";
    .port_info 6 /INPUT 4 "in6";
    .port_info 7 /INPUT 4 "in7";
    .port_info 8 /INPUT 4 "in8";
    .port_info 9 /INPUT 4 "in9";
    .port_info 10 /INPUT 4 "in10";
    .port_info 11 /INPUT 4 "in11";
    .port_info 12 /INPUT 4 "in12";
    .port_info 13 /INPUT 4 "in13";
    .port_info 14 /INPUT 4 "in14";
    .port_info 15 /INPUT 4 "in15";
    .port_info 16 /INPUT 4 "sel";
    .port_info 17 /OUTPUT 4 "out";
v0000025004e523c0_0 .net "in0", 3 0, L_0000025004e73b10;  1 drivers
v0000025004e514c0_0 .net "in1", 3 0, L_0000025004e73930;  1 drivers
L_0000025004e751a0 .functor BUFT 1, C4<0000>, C4<0>, C4<0>, C4<0>;
v0000025004e50d40_0 .net "in10", 3 0, L_0000025004e751a0;  1 drivers
L_0000025004e751e8 .functor BUFT 1, C4<0000>, C4<0>, C4<0>, C4<0>;
v0000025004e52500_0 .net "in11", 3 0, L_0000025004e751e8;  1 drivers
L_0000025004e75230 .functor BUFT 1, C4<0000>, C4<0>, C4<0>, C4<0>;
v0000025004e528c0_0 .net "in12", 3 0, L_0000025004e75230;  1 drivers
L_0000025004e75278 .functor BUFT 1, C4<0000>, C4<0>, C4<0>, C4<0>;
v0000025004e50de0_0 .net "in13", 3 0, L_0000025004e75278;  1 drivers
L_0000025004e752c0 .functor BUFT 1, C4<0000>, C4<0>, C4<0>, C4<0>;
v0000025004e52a00_0 .net "in14", 3 0, L_0000025004e752c0;  1 drivers
L_0000025004e75308 .functor BUFT 1, C4<0000>, C4<0>, C4<0>, C4<0>;
v0000025004e50ca0_0 .net "in15", 3 0, L_0000025004e75308;  1 drivers
v0000025004e516a0_0 .net "in2", 3 0, L_0000025004e74a10;  1 drivers
v0000025004e50e80_0 .net "in3", 3 0, L_0000025004e74790;  1 drivers
v0000025004e517e0_0 .net "in4", 3 0, L_0000025004e74330;  1 drivers
v0000025004e54650_0 .net "in5", 3 0, L_0000025004e74c90;  1 drivers
v0000025004e53430_0 .net "in6", 3 0, L_0000025004e748d0;  1 drivers
v0000025004e54150_0 .net "in7", 3 0, L_0000025004e74510;  1 drivers
v0000025004e54290_0 .net "in8", 3 0, L_0000025004e74ab0;  1 drivers
v0000025004e546f0_0 .net "in9", 3 0, L_0000025004e73c50;  1 drivers
v0000025004e54bf0_0 .var "out", 3 0;
v0000025004e54b50_0 .net "sel", 3 0, v0000025004d20b20_0;  alias, 1 drivers
E_0000025004d2a010/0 .event anyedge, v0000025004d20b20_0, v0000025004e523c0_0, v0000025004e514c0_0, v0000025004e516a0_0;
E_0000025004d2a010/1 .event anyedge, v0000025004e50e80_0, v0000025004e517e0_0, v0000025004e54650_0, v0000025004e53430_0;
E_0000025004d2a010/2 .event anyedge, v0000025004e54150_0, v0000025004e54290_0, v0000025004e546f0_0, v0000025004e50d40_0;
E_0000025004d2a010/3 .event anyedge, v0000025004e52500_0, v0000025004e528c0_0, v0000025004e50de0_0, v0000025004e52a00_0;
E_0000025004d2a010/4 .event anyedge, v0000025004e50ca0_0;
E_0000025004d2a010 .event/or E_0000025004d2a010/0, E_0000025004d2a010/1, E_0000025004d2a010/2, E_0000025004d2a010/3, E_0000025004d2a010/4;
S_0000025004e54f40 .scope module, "MUX_REG1" "mux16to1_4bit" 2 113, 2 338 0, S_0000025004ce1d90;
 .timescale 0 0;
    .port_info 0 /INPUT 4 "in0";
    .port_info 1 /INPUT 4 "in1";
    .port_info 2 /INPUT 4 "in2";
    .port_info 3 /INPUT 4 "in3";
    .port_info 4 /INPUT 4 "in4";
    .port_info 5 /INPUT 4 "in5";
    .port_info 6 /INPUT 4 "in6";
    .port_info 7 /INPUT 4 "in7";
    .port_info 8 /INPUT 4 "in8";
    .port_info 9 /INPUT 4 "in9";
    .port_info 10 /INPUT 4 "in10";
    .port_info 11 /INPUT 4 "in11";
    .port_info 12 /INPUT 4 "in12";
    .port_info 13 /INPUT 4 "in13";
    .port_info 14 /INPUT 4 "in14";
    .port_info 15 /INPUT 4 "in15";
    .port_info 16 /INPUT 4 "sel";
    .port_info 17 /OUTPUT 4 "out";
v0000025004e53f70_0 .net "in0", 3 0, L_0000025004e739d0;  1 drivers
v0000025004e54330_0 .net "in1", 3 0, L_0000025004e73cf0;  1 drivers
L_0000025004e75350 .functor BUFT 1, C4<0000>, C4<0>, C4<0>, C4<0>;
v0000025004e543d0_0 .net "in10", 3 0, L_0000025004e75350;  1 drivers
L_0000025004e75398 .functor BUFT 1, C4<0000>, C4<0>, C4<0>, C4<0>;
v0000025004e53b10_0 .net "in11", 3 0, L_0000025004e75398;  1 drivers
L_0000025004e753e0 .functor BUFT 1, C4<0000>, C4<0>, C4<0>, C4<0>;
v0000025004e53d90_0 .net "in12", 3 0, L_0000025004e753e0;  1 drivers
L_0000025004e75428 .functor BUFT 1, C4<0000>, C4<0>, C4<0>, C4<0>;
v0000025004e53570_0 .net "in13", 3 0, L_0000025004e75428;  1 drivers
L_0000025004e75470 .functor BUFT 1, C4<0000>, C4<0>, C4<0>, C4<0>;
v0000025004e53bb0_0 .net "in14", 3 0, L_0000025004e75470;  1 drivers
L_0000025004e754b8 .functor BUFT 1, C4<0000>, C4<0>, C4<0>, C4<0>;
v0000025004e53e30_0 .net "in15", 3 0, L_0000025004e754b8;  1 drivers
v0000025004e52fd0_0 .net "in2", 3 0, L_0000025004e73d90;  1 drivers
v0000025004e54510_0 .net "in3", 3 0, L_0000025004e74150;  1 drivers
v0000025004e53ed0_0 .net "in4", 3 0, L_0000025004e74b50;  1 drivers
v0000025004e54010_0 .net "in5", 3 0, L_0000025004e737f0;  1 drivers
v0000025004e53610_0 .net "in6", 3 0, L_0000025004e745b0;  1 drivers
v0000025004e54470_0 .net "in7", 3 0, L_0000025004e73e30;  1 drivers
v0000025004e545b0_0 .net "in8", 3 0, L_0000025004e74650;  1 drivers
v0000025004e54d30_0 .net "in9", 3 0, L_0000025004e74470;  1 drivers
v0000025004e53070_0 .var "out", 3 0;
v0000025004e53c50_0 .net "sel", 3 0, v0000025004d20b20_0;  alias, 1 drivers
E_0000025004d295d0/0 .event anyedge, v0000025004d20b20_0, v0000025004e53f70_0, v0000025004e54330_0, v0000025004e52fd0_0;
E_0000025004d295d0/1 .event anyedge, v0000025004e54510_0, v0000025004e53ed0_0, v0000025004e54010_0, v0000025004e53610_0;
E_0000025004d295d0/2 .event anyedge, v0000025004e54470_0, v0000025004e545b0_0, v0000025004e54d30_0, v0000025004e543d0_0;
E_0000025004d295d0/3 .event anyedge, v0000025004e53b10_0, v0000025004e53d90_0, v0000025004e53570_0, v0000025004e53bb0_0;
E_0000025004d295d0/4 .event anyedge, v0000025004e53e30_0;
E_0000025004d295d0 .event/or E_0000025004d295d0/0, E_0000025004d295d0/1, E_0000025004d295d0/2, E_0000025004d295d0/3, E_0000025004d295d0/4;
S_0000025004e55710 .scope module, "MUX_REG2" "mux16to1_4bit" 2 129, 2 338 0, S_0000025004ce1d90;
 .timescale 0 0;
    .port_info 0 /INPUT 4 "in0";
    .port_info 1 /INPUT 4 "in1";
    .port_info 2 /INPUT 4 "in2";
    .port_info 3 /INPUT 4 "in3";
    .port_info 4 /INPUT 4 "in4";
    .port_info 5 /INPUT 4 "in5";
    .port_info 6 /INPUT 4 "in6";
    .port_info 7 /INPUT 4 "in7";
    .port_info 8 /INPUT 4 "in8";
    .port_info 9 /INPUT 4 "in9";
    .port_info 10 /INPUT 4 "in10";
    .port_info 11 /INPUT 4 "in11";
    .port_info 12 /INPUT 4 "in12";
    .port_info 13 /INPUT 4 "in13";
    .port_info 14 /INPUT 4 "in14";
    .port_info 15 /INPUT 4 "in15";
    .port_info 16 /INPUT 4 "sel";
    .port_info 17 /OUTPUT 4 "out";
v0000025004e539d0_0 .net "in0", 3 0, L_0000025004e74e70;  1 drivers
v0000025004e536b0_0 .net "in1", 3 0, L_0000025004e746f0;  1 drivers
L_0000025004e75500 .functor BUFT 1, C4<0000>, C4<0>, C4<0>, C4<0>;
v0000025004e531b0_0 .net "in10", 3 0, L_0000025004e75500;  1 drivers
L_0000025004e75548 .functor BUFT 1, C4<0000>, C4<0>, C4<0>, C4<0>;
v0000025004e54790_0 .net "in11", 3 0, L_0000025004e75548;  1 drivers
L_0000025004e75590 .functor BUFT 1, C4<0000>, C4<0>, C4<0>, C4<0>;
v0000025004e53cf0_0 .net "in12", 3 0, L_0000025004e75590;  1 drivers
L_0000025004e755d8 .functor BUFT 1, C4<0000>, C4<0>, C4<0>, C4<0>;
v0000025004e53110_0 .net "in13", 3 0, L_0000025004e755d8;  1 drivers
L_0000025004e75620 .functor BUFT 1, C4<0000>, C4<0>, C4<0>, C4<0>;
v0000025004e54830_0 .net "in14", 3 0, L_0000025004e75620;  1 drivers
L_0000025004e75668 .functor BUFT 1, C4<0000>, C4<0>, C4<0>, C4<0>;
v0000025004e53a70_0 .net "in15", 3 0, L_0000025004e75668;  1 drivers
v0000025004e548d0_0 .net "in2", 3 0, L_0000025004e74d30;  1 drivers
v0000025004e53750_0 .net "in3", 3 0, L_0000025004e74830;  1 drivers
v0000025004e540b0_0 .net "in4", 3 0, L_0000025004e73ed0;  1 drivers
v0000025004e54970_0 .net "in5", 3 0, L_0000025004e74dd0;  1 drivers
v0000025004e54a10_0 .net "in6", 3 0, L_0000025004e73f70;  1 drivers
v0000025004e54dd0_0 .net "in7", 3 0, L_0000025004e741f0;  1 drivers
v0000025004e537f0_0 .net "in8", 3 0, L_0000025004ec03f0;  1 drivers
v0000025004e53250_0 .net "in9", 3 0, L_0000025004ec0530;  1 drivers
v0000025004e54ab0_0 .var "out", 3 0;
v0000025004e54c90_0 .net "sel", 3 0, v0000025004d20b20_0;  alias, 1 drivers
E_0000025004d29d50/0 .event anyedge, v0000025004d20b20_0, v0000025004e539d0_0, v0000025004e536b0_0, v0000025004e548d0_0;
E_0000025004d29d50/1 .event anyedge, v0000025004e53750_0, v0000025004e540b0_0, v0000025004e54970_0, v0000025004e54a10_0;
E_0000025004d29d50/2 .event anyedge, v0000025004e54dd0_0, v0000025004e537f0_0, v0000025004e53250_0, v0000025004e531b0_0;
E_0000025004d29d50/3 .event anyedge, v0000025004e54790_0, v0000025004e53cf0_0, v0000025004e53110_0, v0000025004e54830_0;
E_0000025004d29d50/4 .event anyedge, v0000025004e53a70_0;
E_0000025004d29d50 .event/or E_0000025004d29d50/0, E_0000025004d29d50/1, E_0000025004d29d50/2, E_0000025004d29d50/3, E_0000025004d29d50/4;
S_0000025004e553f0 .scope module, "MUX_REG3" "mux16to1_4bit" 2 145, 2 338 0, S_0000025004ce1d90;
 .timescale 0 0;
    .port_info 0 /INPUT 4 "in0";
    .port_info 1 /INPUT 4 "in1";
    .port_info 2 /INPUT 4 "in2";
    .port_info 3 /INPUT 4 "in3";
    .port_info 4 /INPUT 4 "in4";
    .port_info 5 /INPUT 4 "in5";
    .port_info 6 /INPUT 4 "in6";
    .port_info 7 /INPUT 4 "in7";
    .port_info 8 /INPUT 4 "in8";
    .port_info 9 /INPUT 4 "in9";
    .port_info 10 /INPUT 4 "in10";
    .port_info 11 /INPUT 4 "in11";
    .port_info 12 /INPUT 4 "in12";
    .port_info 13 /INPUT 4 "in13";
    .port_info 14 /INPUT 4 "in14";
    .port_info 15 /INPUT 4 "in15";
    .port_info 16 /INPUT 4 "sel";
    .port_info 17 /OUTPUT 4 "out";
v0000025004e53390_0 .net "in0", 3 0, L_0000025004ec05d0;  1 drivers
v0000025004e53890_0 .net "in1", 3 0, L_0000025004ec0170;  1 drivers
L_0000025004e756b0 .functor BUFT 1, C4<0000>, C4<0>, C4<0>, C4<0>;
v0000025004e53930_0 .net "in10", 3 0, L_0000025004e756b0;  1 drivers
L_0000025004e756f8 .functor BUFT 1, C4<0000>, C4<0>, C4<0>, C4<0>;
v0000025004e51380_0 .net "in11", 3 0, L_0000025004e756f8;  1 drivers
L_0000025004e75740 .functor BUFT 1, C4<0000>, C4<0>, C4<0>, C4<0>;
v0000025004e5a5f0_0 .net "in12", 3 0, L_0000025004e75740;  1 drivers
L_0000025004e75788 .functor BUFT 1, C4<0000>, C4<0>, C4<0>, C4<0>;
v0000025004e598d0_0 .net "in13", 3 0, L_0000025004e75788;  1 drivers
L_0000025004e757d0 .functor BUFT 1, C4<0000>, C4<0>, C4<0>, C4<0>;
v0000025004e5acd0_0 .net "in14", 3 0, L_0000025004e757d0;  1 drivers
L_0000025004e75818 .functor BUFT 1, C4<0000>, C4<0>, C4<0>, C4<0>;
v0000025004e595b0_0 .net "in15", 3 0, L_0000025004e75818;  1 drivers
v0000025004e5a2d0_0 .net "in2", 3 0, L_0000025004ebfe50;  1 drivers
v0000025004e58f70_0 .net "in3", 3 0, L_0000025004ebfdb0;  1 drivers
v0000025004e59150_0 .net "in4", 3 0, L_0000025004ec0670;  1 drivers
v0000025004e5a9b0_0 .net "in5", 3 0, L_0000025004ebf810;  1 drivers
v0000025004e59bf0_0 .net "in6", 3 0, L_0000025004ec0210;  1 drivers
v0000025004e59650_0 .net "in7", 3 0, L_0000025004ec00d0;  1 drivers
v0000025004e59010_0 .net "in8", 3 0, L_0000025004ec02b0;  1 drivers
v0000025004e59b50_0 .net "in9", 3 0, L_0000025004ec0e90;  1 drivers
v0000025004e5a410_0 .var "out", 3 0;
v0000025004e59c90_0 .net "sel", 3 0, v0000025004d20b20_0;  alias, 1 drivers
E_0000025004d29d90/0 .event anyedge, v0000025004d20b20_0, v0000025004e53390_0, v0000025004e53890_0, v0000025004e5a2d0_0;
E_0000025004d29d90/1 .event anyedge, v0000025004e58f70_0, v0000025004e59150_0, v0000025004e5a9b0_0, v0000025004e59bf0_0;
E_0000025004d29d90/2 .event anyedge, v0000025004e59650_0, v0000025004e59010_0, v0000025004e59b50_0, v0000025004e53930_0;
E_0000025004d29d90/3 .event anyedge, v0000025004e51380_0, v0000025004e5a5f0_0, v0000025004e598d0_0, v0000025004e5acd0_0;
E_0000025004d29d90/4 .event anyedge, v0000025004e595b0_0;
E_0000025004d29d90 .event/or E_0000025004d29d90/0, E_0000025004d29d90/1, E_0000025004d29d90/2, E_0000025004d29d90/3, E_0000025004d29d90/4;
S_0000025004e558a0 .scope module, "MUX_REG4" "mux16to1_4bit" 2 161, 2 338 0, S_0000025004ce1d90;
 .timescale 0 0;
    .port_info 0 /INPUT 4 "in0";
    .port_info 1 /INPUT 4 "in1";
    .port_info 2 /INPUT 4 "in2";
    .port_info 3 /INPUT 4 "in3";
    .port_info 4 /INPUT 4 "in4";
    .port_info 5 /INPUT 4 "in5";
    .port_info 6 /INPUT 4 "in6";
    .port_info 7 /INPUT 4 "in7";
    .port_info 8 /INPUT 4 "in8";
    .port_info 9 /INPUT 4 "in9";
    .port_info 10 /INPUT 4 "in10";
    .port_info 11 /INPUT 4 "in11";
    .port_info 12 /INPUT 4 "in12";
    .port_info 13 /INPUT 4 "in13";
    .port_info 14 /INPUT 4 "in14";
    .port_info 15 /INPUT 4 "in15";
    .port_info 16 /INPUT 4 "sel";
    .port_info 17 /OUTPUT 4 "out";
v0000025004e59970_0 .net "in0", 3 0, L_0000025004ec0490;  1 drivers
v0000025004e5a4b0_0 .net "in1", 3 0, L_0000025004ec0350;  1 drivers
L_0000025004e75860 .functor BUFT 1, C4<0000>, C4<0>, C4<0>, C4<0>;
v0000025004e59d30_0 .net "in10", 3 0, L_0000025004e75860;  1 drivers
L_0000025004e758a8 .functor BUFT 1, C4<0000>, C4<0>, C4<0>, C4<0>;
v0000025004e5a370_0 .net "in11", 3 0, L_0000025004e758a8;  1 drivers
L_0000025004e758f0 .functor BUFT 1, C4<0000>, C4<0>, C4<0>, C4<0>;
v0000025004e59dd0_0 .net "in12", 3 0, L_0000025004e758f0;  1 drivers
L_0000025004e75938 .functor BUFT 1, C4<0000>, C4<0>, C4<0>, C4<0>;
v0000025004e59290_0 .net "in13", 3 0, L_0000025004e75938;  1 drivers
L_0000025004e75980 .functor BUFT 1, C4<0000>, C4<0>, C4<0>, C4<0>;
v0000025004e5a0f0_0 .net "in14", 3 0, L_0000025004e75980;  1 drivers
L_0000025004e759c8 .functor BUFT 1, C4<0000>, C4<0>, C4<0>, C4<0>;
v0000025004e59fb0_0 .net "in15", 3 0, L_0000025004e759c8;  1 drivers
v0000025004e5a550_0 .net "in2", 3 0, L_0000025004ebfd10;  1 drivers
v0000025004e5a230_0 .net "in3", 3 0, L_0000025004ec07b0;  1 drivers
v0000025004e590b0_0 .net "in4", 3 0, L_0000025004ec0b70;  1 drivers
v0000025004e5ac30_0 .net "in5", 3 0, L_0000025004ec0710;  1 drivers
v0000025004e596f0_0 .net "in6", 3 0, L_0000025004ebf8b0;  1 drivers
v0000025004e5a050_0 .net "in7", 3 0, L_0000025004ebff90;  1 drivers
v0000025004e5a190_0 .net "in8", 3 0, L_0000025004ec0cb0;  1 drivers
v0000025004e5a690_0 .net "in9", 3 0, L_0000025004ec0850;  1 drivers
v0000025004e5aaf0_0 .var "out", 3 0;
v0000025004e5a730_0 .net "sel", 3 0, v0000025004d20b20_0;  alias, 1 drivers
E_0000025004d29ed0/0 .event anyedge, v0000025004d20b20_0, v0000025004e59970_0, v0000025004e5a4b0_0, v0000025004e5a550_0;
E_0000025004d29ed0/1 .event anyedge, v0000025004e5a230_0, v0000025004e590b0_0, v0000025004e5ac30_0, v0000025004e596f0_0;
E_0000025004d29ed0/2 .event anyedge, v0000025004e5a050_0, v0000025004e5a190_0, v0000025004e5a690_0, v0000025004e59d30_0;
E_0000025004d29ed0/3 .event anyedge, v0000025004e5a370_0, v0000025004e59dd0_0, v0000025004e59290_0, v0000025004e5a0f0_0;
E_0000025004d29ed0/4 .event anyedge, v0000025004e59fb0_0;
E_0000025004d29ed0 .event/or E_0000025004d29ed0/0, E_0000025004d29ed0/1, E_0000025004d29ed0/2, E_0000025004d29ed0/3, E_0000025004d29ed0/4;
S_0000025004e550d0 .scope module, "MUX_REG5" "mux16to1_4bit" 2 177, 2 338 0, S_0000025004ce1d90;
 .timescale 0 0;
    .port_info 0 /INPUT 4 "in0";
    .port_info 1 /INPUT 4 "in1";
    .port_info 2 /INPUT 4 "in2";
    .port_info 3 /INPUT 4 "in3";
    .port_info 4 /INPUT 4 "in4";
    .port_info 5 /INPUT 4 "in5";
    .port_info 6 /INPUT 4 "in6";
    .port_info 7 /INPUT 4 "in7";
    .port_info 8 /INPUT 4 "in8";
    .port_info 9 /INPUT 4 "in9";
    .port_info 10 /INPUT 4 "in10";
    .port_info 11 /INPUT 4 "in11";
    .port_info 12 /INPUT 4 "in12";
    .port_info 13 /INPUT 4 "in13";
    .port_info 14 /INPUT 4 "in14";
    .port_info 15 /INPUT 4 "in15";
    .port_info 16 /INPUT 4 "sel";
    .port_info 17 /OUTPUT 4 "out";
v0000025004e5a870_0 .net "in0", 3 0, L_0000025004ec08f0;  1 drivers
v0000025004e5a910_0 .net "in1", 3 0, L_0000025004ebf950;  1 drivers
L_0000025004e75a10 .functor BUFT 1, C4<0000>, C4<0>, C4<0>, C4<0>;
v0000025004e59330_0 .net "in10", 3 0, L_0000025004e75a10;  1 drivers
L_0000025004e75a58 .functor BUFT 1, C4<0000>, C4<0>, C4<0>, C4<0>;
v0000025004e59f10_0 .net "in11", 3 0, L_0000025004e75a58;  1 drivers
L_0000025004e75aa0 .functor BUFT 1, C4<0000>, C4<0>, C4<0>, C4<0>;
v0000025004e59510_0 .net "in12", 3 0, L_0000025004e75aa0;  1 drivers
L_0000025004e75ae8 .functor BUFT 1, C4<0000>, C4<0>, C4<0>, C4<0>;
v0000025004e5ad70_0 .net "in13", 3 0, L_0000025004e75ae8;  1 drivers
L_0000025004e75b30 .functor BUFT 1, C4<0000>, C4<0>, C4<0>, C4<0>;
v0000025004e59790_0 .net "in14", 3 0, L_0000025004e75b30;  1 drivers
L_0000025004e75b78 .functor BUFT 1, C4<0000>, C4<0>, C4<0>, C4<0>;
v0000025004e5aa50_0 .net "in15", 3 0, L_0000025004e75b78;  1 drivers
v0000025004e59830_0 .net "in2", 3 0, L_0000025004ec0990;  1 drivers
v0000025004e5ae10_0 .net "in3", 3 0, L_0000025004ec0a30;  1 drivers
v0000025004e59ab0_0 .net "in4", 3 0, L_0000025004ec0ad0;  1 drivers
v0000025004e5ab90_0 .net "in5", 3 0, L_0000025004ec0c10;  1 drivers
v0000025004e591f0_0 .net "in6", 3 0, L_0000025004ec0d50;  1 drivers
v0000025004e593d0_0 .net "in7", 3 0, L_0000025004ec0df0;  1 drivers
v0000025004e59470_0 .net "in8", 3 0, L_0000025004ec0030;  1 drivers
v0000025004e532f0_0 .net "in9", 3 0, L_0000025004ebf9f0;  1 drivers
v0000025004e5c060_0 .var "out", 3 0;
v0000025004e5b2a0_0 .net "sel", 3 0, v0000025004d20b20_0;  alias, 1 drivers
E_0000025004d2a210/0 .event anyedge, v0000025004d20b20_0, v0000025004e5a870_0, v0000025004e5a910_0, v0000025004e59830_0;
E_0000025004d2a210/1 .event anyedge, v0000025004e5ae10_0, v0000025004e59ab0_0, v0000025004e5ab90_0, v0000025004e591f0_0;
E_0000025004d2a210/2 .event anyedge, v0000025004e593d0_0, v0000025004e59470_0, v0000025004e532f0_0, v0000025004e59330_0;
E_0000025004d2a210/3 .event anyedge, v0000025004e59f10_0, v0000025004e59510_0, v0000025004e5ad70_0, v0000025004e59790_0;
E_0000025004d2a210/4 .event anyedge, v0000025004e5aa50_0;
E_0000025004d2a210 .event/or E_0000025004d2a210/0, E_0000025004d2a210/1, E_0000025004d2a210/2, E_0000025004d2a210/3, E_0000025004d2a210/4;
S_0000025004e55260 .scope module, "MUX_REG6" "mux16to1_4bit" 2 193, 2 338 0, S_0000025004ce1d90;
 .timescale 0 0;
    .port_info 0 /INPUT 4 "in0";
    .port_info 1 /INPUT 4 "in1";
    .port_info 2 /INPUT 4 "in2";
    .port_info 3 /INPUT 4 "in3";
    .port_info 4 /INPUT 4 "in4";
    .port_info 5 /INPUT 4 "in5";
    .port_info 6 /INPUT 4 "in6";
    .port_info 7 /INPUT 4 "in7";
    .port_info 8 /INPUT 4 "in8";
    .port_info 9 /INPUT 4 "in9";
    .port_info 10 /INPUT 4 "in10";
    .port_info 11 /INPUT 4 "in11";
    .port_info 12 /INPUT 4 "in12";
    .port_info 13 /INPUT 4 "in13";
    .port_info 14 /INPUT 4 "in14";
    .port_info 15 /INPUT 4 "in15";
    .port_info 16 /INPUT 4 "sel";
    .port_info 17 /OUTPUT 4 "out";
v0000025004e5c600_0 .net "in0", 3 0, L_0000025004ebfa90;  1 drivers
v0000025004e5cba0_0 .net "in1", 3 0, L_0000025004ebfb30;  1 drivers
L_0000025004e75bc0 .functor BUFT 1, C4<0000>, C4<0>, C4<0>, C4<0>;
v0000025004e5b480_0 .net "in10", 3 0, L_0000025004e75bc0;  1 drivers
L_0000025004e75c08 .functor BUFT 1, C4<0000>, C4<0>, C4<0>, C4<0>;
v0000025004e5c1a0_0 .net "in11", 3 0, L_0000025004e75c08;  1 drivers
L_0000025004e75c50 .functor BUFT 1, C4<0000>, C4<0>, C4<0>, C4<0>;
v0000025004e5c880_0 .net "in12", 3 0, L_0000025004e75c50;  1 drivers
L_0000025004e75c98 .functor BUFT 1, C4<0000>, C4<0>, C4<0>, C4<0>;
v0000025004e5bd40_0 .net "in13", 3 0, L_0000025004e75c98;  1 drivers
L_0000025004e75ce0 .functor BUFT 1, C4<0000>, C4<0>, C4<0>, C4<0>;
v0000025004e5b0c0_0 .net "in14", 3 0, L_0000025004e75ce0;  1 drivers
L_0000025004e75d28 .functor BUFT 1, C4<0000>, C4<0>, C4<0>, C4<0>;
v0000025004e5c380_0 .net "in15", 3 0, L_0000025004e75d28;  1 drivers
v0000025004e5b200_0 .net "in2", 3 0, L_0000025004ebfef0;  1 drivers
v0000025004e5cc40_0 .net "in3", 3 0, L_0000025004ebfbd0;  1 drivers
v0000025004e5b5c0_0 .net "in4", 3 0, L_0000025004ebfc70;  1 drivers
v0000025004e5b3e0_0 .net "in5", 3 0, L_0000025004ebeff0;  1 drivers
v0000025004e5bac0_0 .net "in6", 3 0, L_0000025004ebe2d0;  1 drivers
v0000025004e5be80_0 .net "in7", 3 0, L_0000025004ebf6d0;  1 drivers
v0000025004e5b980_0 .net "in8", 3 0, L_0000025004ebe230;  1 drivers
v0000025004e5b160_0 .net "in9", 3 0, L_0000025004ebf630;  1 drivers
v0000025004e5ce20_0 .var "out", 3 0;
v0000025004e5b340_0 .net "sel", 3 0, v0000025004d20b20_0;  alias, 1 drivers
E_0000025004d2a250/0 .event anyedge, v0000025004d20b20_0, v0000025004e5c600_0, v0000025004e5cba0_0, v0000025004e5b200_0;
E_0000025004d2a250/1 .event anyedge, v0000025004e5cc40_0, v0000025004e5b5c0_0, v0000025004e5b3e0_0, v0000025004e5bac0_0;
E_0000025004d2a250/2 .event anyedge, v0000025004e5be80_0, v0000025004e5b980_0, v0000025004e5b160_0, v0000025004e5b480_0;
E_0000025004d2a250/3 .event anyedge, v0000025004e5c1a0_0, v0000025004e5c880_0, v0000025004e5bd40_0, v0000025004e5b0c0_0;
E_0000025004d2a250/4 .event anyedge, v0000025004e5c380_0;
E_0000025004d2a250 .event/or E_0000025004d2a250/0, E_0000025004d2a250/1, E_0000025004d2a250/2, E_0000025004d2a250/3, E_0000025004d2a250/4;
S_0000025004e55a30 .scope module, "MUX_REG7" "mux16to1_4bit" 2 209, 2 338 0, S_0000025004ce1d90;
 .timescale 0 0;
    .port_info 0 /INPUT 4 "in0";
    .port_info 1 /INPUT 4 "in1";
    .port_info 2 /INPUT 4 "in2";
    .port_info 3 /INPUT 4 "in3";
    .port_info 4 /INPUT 4 "in4";
    .port_info 5 /INPUT 4 "in5";
    .port_info 6 /INPUT 4 "in6";
    .port_info 7 /INPUT 4 "in7";
    .port_info 8 /INPUT 4 "in8";
    .port_info 9 /INPUT 4 "in9";
    .port_info 10 /INPUT 4 "in10";
    .port_info 11 /INPUT 4 "in11";
    .port_info 12 /INPUT 4 "in12";
    .port_info 13 /INPUT 4 "in13";
    .port_info 14 /INPUT 4 "in14";
    .port_info 15 /INPUT 4 "in15";
    .port_info 16 /INPUT 4 "sel";
    .port_info 17 /OUTPUT 4 "out";
v0000025004e5b520_0 .net "in0", 3 0, L_0000025004ebd470;  1 drivers
v0000025004e5c420_0 .net "in1", 3 0, L_0000025004ebda10;  1 drivers
L_0000025004e75d70 .functor BUFT 1, C4<0000>, C4<0>, C4<0>, C4<0>;
v0000025004e5cd80_0 .net "in10", 3 0, L_0000025004e75d70;  1 drivers
L_0000025004e75db8 .functor BUFT 1, C4<0000>, C4<0>, C4<0>, C4<0>;
v0000025004e5b7a0_0 .net "in11", 3 0, L_0000025004e75db8;  1 drivers
L_0000025004e75e00 .functor BUFT 1, C4<0000>, C4<0>, C4<0>, C4<0>;
v0000025004e5b840_0 .net "in12", 3 0, L_0000025004e75e00;  1 drivers
L_0000025004e75e48 .functor BUFT 1, C4<0000>, C4<0>, C4<0>, C4<0>;
v0000025004e5c4c0_0 .net "in13", 3 0, L_0000025004e75e48;  1 drivers
L_0000025004e75e90 .functor BUFT 1, C4<0000>, C4<0>, C4<0>, C4<0>;
v0000025004e5af80_0 .net "in14", 3 0, L_0000025004e75e90;  1 drivers
L_0000025004e75ed8 .functor BUFT 1, C4<0000>, C4<0>, C4<0>, C4<0>;
v0000025004e5b660_0 .net "in15", 3 0, L_0000025004e75ed8;  1 drivers
v0000025004e5b8e0_0 .net "in2", 3 0, L_0000025004ebf270;  1 drivers
v0000025004e5ca60_0 .net "in3", 3 0, L_0000025004ebeeb0;  1 drivers
v0000025004e5ba20_0 .net "in4", 3 0, L_0000025004ebe7d0;  1 drivers
v0000025004e5c100_0 .net "in5", 3 0, L_0000025004ebe4b0;  1 drivers
v0000025004e5bb60_0 .net "in6", 3 0, L_0000025004ebeaf0;  1 drivers
v0000025004e5bc00_0 .net "in7", 3 0, L_0000025004ebd5b0;  1 drivers
v0000025004e5bca0_0 .net "in8", 3 0, L_0000025004ebd6f0;  1 drivers
v0000025004e5bde0_0 .net "in9", 3 0, L_0000025004ebe550;  1 drivers
v0000025004e5c2e0_0 .var "out", 3 0;
v0000025004e5c240_0 .net "sel", 3 0, v0000025004d20b20_0;  alias, 1 drivers
E_0000025004d2a290/0 .event anyedge, v0000025004d20b20_0, v0000025004e5b520_0, v0000025004e5c420_0, v0000025004e5b8e0_0;
E_0000025004d2a290/1 .event anyedge, v0000025004e5ca60_0, v0000025004e5ba20_0, v0000025004e5c100_0, v0000025004e5bb60_0;
E_0000025004d2a290/2 .event anyedge, v0000025004e5bc00_0, v0000025004e5bca0_0, v0000025004e5bde0_0, v0000025004e5cd80_0;
E_0000025004d2a290/3 .event anyedge, v0000025004e5b7a0_0, v0000025004e5b840_0, v0000025004e5c4c0_0, v0000025004e5af80_0;
E_0000025004d2a290/4 .event anyedge, v0000025004e5b660_0;
E_0000025004d2a290 .event/or E_0000025004d2a290/0, E_0000025004d2a290/1, E_0000025004d2a290/2, E_0000025004d2a290/3, E_0000025004d2a290/4;
S_0000025004e55bc0 .scope module, "REG0" "register" 2 78, 2 253 0, S_0000025004ce1d90;
 .timescale 0 0;
    .port_info 0 /OUTPUT 4 "out";
    .port_info 1 /INPUT 4 "in";
    .port_info 2 /INPUT 1 "clock";
    .port_info 3 /INPUT 1 "writing_enable";
P_0000025004d2a310 .param/l "WIDTH" 0 2 254, +C4<00000000000000000000000000000100>;
v0000025004e5b700_0 .net "clock", 0 0, v0000025004dfab50_0;  alias, 1 drivers
v0000025004e5c560_0 .net "in", 3 0, v0000025004e54bf0_0;  alias, 1 drivers
v0000025004e5bfc0_0 .var "out", 3 0;
v0000025004e5c6a0_0 .net "writing_enable", 0 0, v0000025004dfa830_0;  alias, 1 drivers
S_0000025004e55580 .scope module, "REG1" "register" 2 79, 2 253 0, S_0000025004ce1d90;
 .timescale 0 0;
    .port_info 0 /OUTPUT 4 "out";
    .port_info 1 /INPUT 4 "in";
    .port_info 2 /INPUT 1 "clock";
    .port_info 3 /INPUT 1 "writing_enable";
P_0000025004d29950 .param/l "WIDTH" 0 2 254, +C4<00000000000000000000000000000100>;
v0000025004e5c740_0 .net "clock", 0 0, v0000025004dfab50_0;  alias, 1 drivers
v0000025004e5c7e0_0 .net "in", 3 0, v0000025004e53070_0;  alias, 1 drivers
v0000025004e5c920_0 .var "out", 3 0;
v0000025004e5c9c0_0 .net "writing_enable", 0 0, v0000025004dfaab0_0;  alias, 1 drivers
S_0000025004e55d50 .scope module, "REG2" "register" 2 80, 2 253 0, S_0000025004ce1d90;
 .timescale 0 0;
    .port_info 0 /OUTPUT 4 "out";
    .port_info 1 /INPUT 4 "in";
    .port_info 2 /INPUT 1 "clock";
    .port_info 3 /INPUT 1 "writing_enable";
P_0000025004d29610 .param/l "WIDTH" 0 2 254, +C4<00000000000000000000000000000100>;
v0000025004e5cb00_0 .net "clock", 0 0, v0000025004dfab50_0;  alias, 1 drivers
v0000025004e59a10_0 .net "in", 3 0, v0000025004e54ab0_0;  alias, 1 drivers
v0000025004e686e0_0 .var "out", 3 0;
v0000025004e67a60_0 .net "writing_enable", 0 0, v0000025004dfabf0_0;  alias, 1 drivers
S_0000025004e6bab0 .scope module, "REG3" "register" 2 81, 2 253 0, S_0000025004ce1d90;
 .timescale 0 0;
    .port_info 0 /OUTPUT 4 "out";
    .port_info 1 /INPUT 4 "in";
    .port_info 2 /INPUT 1 "clock";
    .port_info 3 /INPUT 1 "writing_enable";
P_0000025004d29650 .param/l "WIDTH" 0 2 254, +C4<00000000000000000000000000000100>;
v0000025004e69680_0 .net "clock", 0 0, v0000025004dfab50_0;  alias, 1 drivers
v0000025004e69720_0 .net "in", 3 0, v0000025004e5a410_0;  alias, 1 drivers
v0000025004e68500_0 .var "out", 3 0;
v0000025004e67740_0 .net "writing_enable", 0 0, v0000025004dfaa10_0;  alias, 1 drivers
S_0000025004e6c8c0 .scope module, "REG4" "register" 2 82, 2 253 0, S_0000025004ce1d90;
 .timescale 0 0;
    .port_info 0 /OUTPUT 4 "out";
    .port_info 1 /INPUT 4 "in";
    .port_info 2 /INPUT 1 "clock";
    .port_info 3 /INPUT 1 "writing_enable";
P_0000025004d29790 .param/l "WIDTH" 0 2 254, +C4<00000000000000000000000000000100>;
v0000025004e674c0_0 .net "clock", 0 0, v0000025004dfab50_0;  alias, 1 drivers
v0000025004e67b00_0 .net "in", 3 0, v0000025004e5aaf0_0;  alias, 1 drivers
v0000025004e672e0_0 .var "out", 3 0;
v0000025004e681e0_0 .net "writing_enable", 0 0, v0000025004dfad30_0;  alias, 1 drivers
S_0000025004e6c0f0 .scope module, "REG5" "register" 2 83, 2 253 0, S_0000025004ce1d90;
 .timescale 0 0;
    .port_info 0 /OUTPUT 4 "out";
    .port_info 1 /INPUT 4 "in";
    .port_info 2 /INPUT 1 "clock";
    .port_info 3 /INPUT 1 "writing_enable";
P_0000025004d22f10 .param/l "WIDTH" 0 2 254, +C4<00000000000000000000000000000100>;
v0000025004e67060_0 .net "clock", 0 0, v0000025004dfab50_0;  alias, 1 drivers
v0000025004e68780_0 .net "in", 3 0, v0000025004e5c060_0;  alias, 1 drivers
v0000025004e67100_0 .var "out", 3 0;
v0000025004e69220_0 .net "writing_enable", 0 0, v0000025004dfae70_0;  alias, 1 drivers
S_0000025004e6ca50 .scope module, "REG6" "register" 2 84, 2 253 0, S_0000025004ce1d90;
 .timescale 0 0;
    .port_info 0 /OUTPUT 4 "out";
    .port_info 1 /INPUT 4 "in";
    .port_info 2 /INPUT 1 "clock";
    .port_info 3 /INPUT 1 "writing_enable";
P_0000025004d22b90 .param/l "WIDTH" 0 2 254, +C4<00000000000000000000000000000100>;
v0000025004e695e0_0 .net "clock", 0 0, v0000025004dfab50_0;  alias, 1 drivers
v0000025004e683c0_0 .net "in", 3 0, v0000025004e5ce20_0;  alias, 1 drivers
v0000025004e67560_0 .var "out", 3 0;
v0000025004e679c0_0 .net "writing_enable", 0 0, v0000025004df9890_0;  alias, 1 drivers
S_0000025004e6b790 .scope module, "REG7" "register" 2 85, 2 253 0, S_0000025004ce1d90;
 .timescale 0 0;
    .port_info 0 /OUTPUT 4 "out";
    .port_info 1 /INPUT 4 "in";
    .port_info 2 /INPUT 1 "clock";
    .port_info 3 /INPUT 1 "writing_enable";
P_0000025004d23110 .param/l "WIDTH" 0 2 254, +C4<00000000000000000000000000000100>;
v0000025004e685a0_0 .net "clock", 0 0, v0000025004dfab50_0;  alias, 1 drivers
v0000025004e68280_0 .net "in", 3 0, v0000025004e5c2e0_0;  alias, 1 drivers
v0000025004e67420_0 .var "out", 3 0;
v0000025004e68aa0_0 .net "writing_enable", 0 0, v0000025004d20ee0_0;  alias, 1 drivers
S_0000025004e6b2e0 .scope module, "REGX0" "register" 2 87, 2 253 0, S_0000025004ce1d90;
 .timescale 0 0;
    .port_info 0 /OUTPUT 5 "out";
    .port_info 1 /INPUT 5 "in";
    .port_info 2 /INPUT 1 "clock";
    .port_info 3 /INPUT 1 "writing_enable";
P_0000025004d22590 .param/l "WIDTH" 0 2 254, +C4<00000000000000000000000000000101>;
v0000025004e692c0_0 .net "clock", 0 0, v0000025004dfab50_0;  alias, 1 drivers
v0000025004e671a0_0 .net "in", 4 0, v0000025004e50f20_0;  alias, 1 drivers
v0000025004e677e0_0 .var "out", 4 0;
v0000025004e66fc0_0 .net "writing_enable", 0 0, v0000025004d203a0_0;  alias, 1 drivers
S_0000025004e6c5a0 .scope module, "REGX1" "register" 2 88, 2 253 0, S_0000025004ce1d90;
 .timescale 0 0;
    .port_info 0 /OUTPUT 5 "out";
    .port_info 1 /INPUT 5 "in";
    .port_info 2 /INPUT 1 "clock";
    .port_info 3 /INPUT 1 "writing_enable";
P_0000025004d22d10 .param/l "WIDTH" 0 2 254, +C4<00000000000000000000000000000101>;
v0000025004e67600_0 .net "clock", 0 0, v0000025004dfab50_0;  alias, 1 drivers
v0000025004e68460_0 .net "in", 4 0, v0000025004e51920_0;  alias, 1 drivers
v0000025004e688c0_0 .var "out", 4 0;
v0000025004e67880_0 .net "writing_enable", 0 0, v0000025004d20e40_0;  alias, 1 drivers
S_0000025004e6c410 .scope module, "REGX2" "register" 2 89, 2 253 0, S_0000025004ce1d90;
 .timescale 0 0;
    .port_info 0 /OUTPUT 5 "out";
    .port_info 1 /INPUT 5 "in";
    .port_info 2 /INPUT 1 "clock";
    .port_info 3 /INPUT 1 "writing_enable";
P_0000025004d22f90 .param/l "WIDTH" 0 2 254, +C4<00000000000000000000000000000101>;
v0000025004e67240_0 .net "clock", 0 0, v0000025004dfab50_0;  alias, 1 drivers
v0000025004e67920_0 .net "in", 4 0, v0000025004e51c40_0;  alias, 1 drivers
v0000025004e68820_0 .var "out", 4 0;
v0000025004e67380_0 .net "writing_enable", 0 0, v0000025004d20f80_0;  alias, 1 drivers
S_0000025004e6afc0 .scope module, "REGX3" "register" 2 90, 2 253 0, S_0000025004ce1d90;
 .timescale 0 0;
    .port_info 0 /OUTPUT 5 "out";
    .port_info 1 /INPUT 5 "in";
    .port_info 2 /INPUT 1 "clock";
    .port_info 3 /INPUT 1 "writing_enable";
P_0000025004d22a50 .param/l "WIDTH" 0 2 254, +C4<00000000000000000000000000000101>;
v0000025004e67ba0_0 .net "clock", 0 0, v0000025004dfab50_0;  alias, 1 drivers
v0000025004e67e20_0 .net "in", 4 0, v0000025004e52780_0;  alias, 1 drivers
v0000025004e676a0_0 .var "out", 4 0;
v0000025004e67c40_0 .net "writing_enable", 0 0, v0000025004d20800_0;  alias, 1 drivers
S_0000025004e6c730 .scope module, "REGY0" "register" 2 92, 2 253 0, S_0000025004ce1d90;
 .timescale 0 0;
    .port_info 0 /OUTPUT 6 "out";
    .port_info 1 /INPUT 6 "in";
    .port_info 2 /INPUT 1 "clock";
    .port_info 3 /INPUT 1 "writing_enable";
P_0000025004d22450 .param/l "WIDTH" 0 2 254, +C4<00000000000000000000000000000110>;
v0000025004e67ce0_0 .net "clock", 0 0, v0000025004dfab50_0;  alias, 1 drivers
v0000025004e68960_0 .net "in", 5 0, v0000025004e526e0_0;  alias, 1 drivers
v0000025004e67d80_0 .var "out", 5 0;
v0000025004e68a00_0 .net "writing_enable", 0 0, v0000025004d20440_0;  alias, 1 drivers
S_0000025004e6b150 .scope module, "REGY1" "register" 2 93, 2 253 0, S_0000025004ce1d90;
 .timescale 0 0;
    .port_info 0 /OUTPUT 6 "out";
    .port_info 1 /INPUT 6 "in";
    .port_info 2 /INPUT 1 "clock";
    .port_info 3 /INPUT 1 "writing_enable";
P_0000025004d233d0 .param/l "WIDTH" 0 2 254, +C4<00000000000000000000000000000110>;
v0000025004e67ec0_0 .net "clock", 0 0, v0000025004dfab50_0;  alias, 1 drivers
v0000025004e67f60_0 .net "in", 5 0, v0000025004e52960_0;  alias, 1 drivers
v0000025004e68320_0 .var "out", 5 0;
v0000025004e68000_0 .net "writing_enable", 0 0, v0000025004d21020_0;  alias, 1 drivers
S_0000025004e6bc40 .scope module, "REGZ" "register" 2 95, 2 253 0, S_0000025004ce1d90;
 .timescale 0 0;
    .port_info 0 /OUTPUT 7 "out";
    .port_info 1 /INPUT 7 "in";
    .port_info 2 /INPUT 1 "clock";
    .port_info 3 /INPUT 1 "writing_enable";
P_0000025004d231d0 .param/l "WIDTH" 0 2 254, +C4<00000000000000000000000000000111>;
v0000025004e680a0_0 .net "clock", 0 0, v0000025004dfab50_0;  alias, 1 drivers
v0000025004e68140_0 .net "in", 6 0, v0000025004e52320_0;  alias, 1 drivers
v0000025004e68640_0 .var "out", 6 0;
v0000025004e68b40_0 .net "writing_enable", 0 0, v0000025004d20760_0;  alias, 1 drivers
    .scope S_0000025004cee1b0;
T_0 ;
    %wait E_0000025004d29d10;
    %load/vec4 v0000025004df9a70_0;
    %pad/u 32;
    %cmpi/e 1, 0, 32;
    %jmp/0xz  T_0.0, 4;
    %load/vec4 v0000025004dfa510_0;
    %load/vec4 v0000025004dfa010_0;
    %sub;
    %store/vec4 v0000025004dfa330_0, 0, 7;
    %jmp T_0.1;
T_0.0 ;
    %load/vec4 v0000025004dfa510_0;
    %load/vec4 v0000025004dfa010_0;
    %add;
    %store/vec4 v0000025004dfa330_0, 0, 7;
T_0.1 ;
    %jmp T_0;
    .thread T_0, $push;
    .scope S_0000025004cd9ff0;
T_1 ;
    %pushi/vec4 0, 0, 1;
    %store/vec4 v0000025004dfab50_0, 0, 1;
    %end;
    .thread T_1;
    .scope S_0000025004cd9ff0;
T_2 ;
    %delay 5, 0;
    %load/vec4 v0000025004dfab50_0;
    %inv;
    %store/vec4 v0000025004dfab50_0, 0, 1;
    %jmp T_2;
    .thread T_2;
    .scope S_0000025004cda180;
T_3 ;
    %pushi/vec4 2290649225, 0, 35;
    %concati/vec4 2290649228, 0, 35;
    %concati/vec4 3435973841, 0, 32;
    %concati/vec4 2290649258, 0, 35;
    %concati/vec4 2863311564, 0, 32;
    %concati/vec4 3435973870, 0, 32;
    %concati/vec4 4008636177, 0, 32;
    %concati/vec4 2290649497, 0, 35;
    %concati/vec4 2576980650, 0, 32;
    %concati/vec4 699050, 0, 20;
    %store/vec4 v0000025004df9930_0, 0, 320;
    %pushi/vec4 0, 0, 1;
    %store/vec4 v0000025004df9d90_0, 0, 1;
    %delay 3, 0;
    %pushi/vec4 1, 0, 1;
    %store/vec4 v0000025004df9d90_0, 0, 1;
    %delay 6, 0;
    %pushi/vec4 0, 0, 1;
    %store/vec4 v0000025004df9d90_0, 0, 1;
    %delay 6, 0;
T_3.0 ;
    %load/vec4 v0000025004df9f70_0;
    %cmpi/ne 1, 0, 1;
    %jmp/0xz T_3.1, 6;
    %wait E_0000025004d29710;
    %jmp T_3.0;
T_3.1 ;
    %vpi_call 5 28 "$finish" {0 0 0};
    %end;
    .thread T_3;
    .scope S_0000025004cd9cb0;
T_4 ;
    %pushi/vec4 0, 0, 3;
    %store/vec4 v0000025004df9610_0, 0, 3;
    %pushi/vec4 15, 0, 4;
    %store/vec4 v0000025004df9750_0, 0, 4;
    %pushi/vec4 0, 0, 4;
    %store/vec4 v0000025004dfa470_0, 0, 4;
    %end;
    .thread T_4;
    .scope S_0000025004cd9cb0;
T_5 ;
    %wait E_0000025004d298d0;
    %load/vec4 v0000025004df97f0_0;
    %pad/u 32;
    %cmpi/e 2, 0, 32;
    %jmp/0xz  T_5.0, 4;
    %load/vec4 v0000025004df97f0_0;
    %store/vec4 v0000025004df9610_0, 0, 3;
    %jmp T_5.1;
T_5.0 ;
    %load/vec4 v0000025004df97f0_0;
    %assign/vec4 v0000025004df9610_0, 0;
T_5.1 ;
    %delay 1, 0;
    %vpi_call 7 39 "$display", "%t , Currstate=%b, nextstate=%b, svi=%b", $time, v0000025004df9610_0, v0000025004df97f0_0, v0000025004d204e0_0 {0 0 0};
    %jmp T_5;
    .thread T_5;
    .scope S_0000025004cd9cb0;
T_6 ;
    %wait E_0000025004d298d0;
    %load/vec4 v0000025004df9610_0;
    %dup/vec4;
    %pushi/vec4 0, 0, 3;
    %cmp/u;
    %jmp/1 T_6.0, 6;
    %dup/vec4;
    %pushi/vec4 1, 0, 3;
    %cmp/u;
    %jmp/1 T_6.1, 6;
    %dup/vec4;
    %pushi/vec4 2, 0, 3;
    %cmp/u;
    %jmp/1 T_6.2, 6;
    %dup/vec4;
    %pushi/vec4 3, 0, 3;
    %cmp/u;
    %jmp/1 T_6.3, 6;
    %pushi/vec4 0, 0, 3;
    %store/vec4 v0000025004df97f0_0, 0, 3;
    %jmp T_6.5;
T_6.0 ;
    %load/vec4 v0000025004d204e0_0;
    %flag_set/vec4 8;
    %jmp/0xz  T_6.6, 8;
    %pushi/vec4 1, 0, 3;
    %store/vec4 v0000025004df97f0_0, 0, 3;
    %jmp T_6.7;
T_6.6 ;
    %pushi/vec4 0, 0, 3;
    %store/vec4 v0000025004df97f0_0, 0, 3;
T_6.7 ;
    %jmp T_6.5;
T_6.1 ;
    %load/vec4 v0000025004df9750_0;
    %cmpi/e 11, 0, 4;
    %jmp/0xz  T_6.8, 4;
    %pushi/vec4 2, 0, 3;
    %store/vec4 v0000025004df97f0_0, 0, 3;
    %jmp T_6.9;
T_6.8 ;
    %pushi/vec4 1, 0, 3;
    %store/vec4 v0000025004df97f0_0, 0, 3;
    %load/vec4 v0000025004df9750_0;
    %addi 1, 0, 4;
    %store/vec4 v0000025004df9750_0, 0, 4;
T_6.9 ;
    %jmp T_6.5;
T_6.2 ;
    %pushi/vec4 3, 0, 3;
    %store/vec4 v0000025004df97f0_0, 0, 3;
    %jmp T_6.5;
T_6.3 ;
    %pushi/vec4 3, 0, 3;
    %store/vec4 v0000025004df97f0_0, 0, 3;
    %jmp T_6.5;
T_6.5 ;
    %pop/vec4 1;
    %load/vec4 v0000025004df9610_0;
    %dup/vec4;
    %pushi/vec4 0, 0, 3;
    %cmp/u;
    %jmp/1 T_6.10, 6;
    %dup/vec4;
    %pushi/vec4 1, 0, 3;
    %cmp/u;
    %jmp/1 T_6.11, 6;
    %dup/vec4;
    %pushi/vec4 2, 0, 3;
    %cmp/u;
    %jmp/1 T_6.12, 6;
    %dup/vec4;
    %pushi/vec4 3, 0, 3;
    %cmp/u;
    %jmp/1 T_6.13, 6;
    %jmp T_6.14;
T_6.10 ;
    %pushi/vec4 0, 0, 4;
    %assign/vec4 v0000025004d20b20_0, 0;
    %pushi/vec4 1, 0, 1;
    %assign/vec4 v0000025004dfa830_0, 0;
    %pushi/vec4 1, 0, 1;
    %assign/vec4 v0000025004dfaab0_0, 0;
    %pushi/vec4 1, 0, 1;
    %assign/vec4 v0000025004dfabf0_0, 0;
    %pushi/vec4 1, 0, 1;
    %assign/vec4 v0000025004dfaa10_0, 0;
    %pushi/vec4 1, 0, 1;
    %assign/vec4 v0000025004dfad30_0, 0;
    %pushi/vec4 1, 0, 1;
    %assign/vec4 v0000025004dfae70_0, 0;
    %pushi/vec4 1, 0, 1;
    %assign/vec4 v0000025004df9890_0, 0;
    %pushi/vec4 1, 0, 1;
    %assign/vec4 v0000025004d20ee0_0, 0;
    %pushi/vec4 1, 0, 1;
    %assign/vec4 v0000025004d203a0_0, 0;
    %pushi/vec4 1, 0, 1;
    %assign/vec4 v0000025004d20e40_0, 0;
    %pushi/vec4 1, 0, 1;
    %assign/vec4 v0000025004d20f80_0, 0;
    %pushi/vec4 1, 0, 1;
    %assign/vec4 v0000025004d20800_0, 0;
    %pushi/vec4 1, 0, 1;
    %assign/vec4 v0000025004d20440_0, 0;
    %pushi/vec4 1, 0, 1;
    %assign/vec4 v0000025004d21020_0, 0;
    %pushi/vec4 1, 0, 1;
    %assign/vec4 v0000025004d20760_0, 0;
    %pushi/vec4 0, 0, 1;
    %store/vec4 v0000025004d206c0_0, 0, 1;
    %pushi/vec4 0, 0, 1;
    %store/vec4 v0000025004d20120_0, 0, 1;
    %jmp T_6.14;
T_6.11 ;
    %load/vec4 v0000025004df9750_0;
    %addi 1, 0, 4;
    %assign/vec4 v0000025004d20b20_0, 0;
    %pushi/vec4 1, 0, 1;
    %assign/vec4 v0000025004dfa830_0, 0;
    %pushi/vec4 1, 0, 1;
    %assign/vec4 v0000025004dfaab0_0, 0;
    %pushi/vec4 1, 0, 1;
    %assign/vec4 v0000025004dfabf0_0, 0;
    %pushi/vec4 1, 0, 1;
    %assign/vec4 v0000025004dfaa10_0, 0;
    %pushi/vec4 1, 0, 1;
    %assign/vec4 v0000025004dfad30_0, 0;
    %pushi/vec4 1, 0, 1;
    %assign/vec4 v0000025004dfae70_0, 0;
    %pushi/vec4 1, 0, 1;
    %assign/vec4 v0000025004df9890_0, 0;
    %pushi/vec4 1, 0, 1;
    %assign/vec4 v0000025004d20ee0_0, 0;
    %pushi/vec4 1, 0, 1;
    %assign/vec4 v0000025004d203a0_0, 0;
    %pushi/vec4 1, 0, 1;
    %assign/vec4 v0000025004d20e40_0, 0;
    %pushi/vec4 1, 0, 1;
    %assign/vec4 v0000025004d20f80_0, 0;
    %pushi/vec4 1, 0, 1;
    %assign/vec4 v0000025004d20800_0, 0;
    %pushi/vec4 1, 0, 1;
    %assign/vec4 v0000025004d20440_0, 0;
    %pushi/vec4 1, 0, 1;
    %assign/vec4 v0000025004d21020_0, 0;
    %pushi/vec4 1, 0, 1;
    %assign/vec4 v0000025004d20760_0, 0;
    %load/vec4 v0000025004df9750_0;
    %cmpi/u 3, 0, 4;
    %flag_inv 5; GE is !LT
    %jmp/0xz  T_6.15, 5;
    %pushi/vec4 1, 0, 1;
    %store/vec4 v0000025004d206c0_0, 0, 1;
    %jmp T_6.16;
T_6.15 ;
    %pushi/vec4 0, 0, 1;
    %store/vec4 v0000025004d206c0_0, 0, 1;
T_6.16 ;
    %pushi/vec4 0, 0, 1;
    %store/vec4 v0000025004d20120_0, 0, 1;
    %jmp T_6.14;
T_6.12 ;
    %pushi/vec4 10, 0, 4;
    %assign/vec4 v0000025004d20b20_0, 0;
    %pushi/vec4 1, 0, 1;
    %assign/vec4 v0000025004dfa830_0, 0;
    %pushi/vec4 1, 0, 1;
    %assign/vec4 v0000025004dfaab0_0, 0;
    %pushi/vec4 1, 0, 1;
    %assign/vec4 v0000025004dfabf0_0, 0;
    %pushi/vec4 1, 0, 1;
    %assign/vec4 v0000025004dfaa10_0, 0;
    %pushi/vec4 1, 0, 1;
    %assign/vec4 v0000025004dfad30_0, 0;
    %pushi/vec4 1, 0, 1;
    %assign/vec4 v0000025004dfae70_0, 0;
    %pushi/vec4 1, 0, 1;
    %assign/vec4 v0000025004df9890_0, 0;
    %pushi/vec4 1, 0, 1;
    %assign/vec4 v0000025004d20ee0_0, 0;
    %pushi/vec4 1, 0, 1;
    %assign/vec4 v0000025004d203a0_0, 0;
    %pushi/vec4 1, 0, 1;
    %assign/vec4 v0000025004d20e40_0, 0;
    %pushi/vec4 1, 0, 1;
    %assign/vec4 v0000025004d20f80_0, 0;
    %pushi/vec4 1, 0, 1;
    %assign/vec4 v0000025004d20800_0, 0;
    %pushi/vec4 1, 0, 1;
    %assign/vec4 v0000025004d20440_0, 0;
    %pushi/vec4 1, 0, 1;
    %assign/vec4 v0000025004d21020_0, 0;
    %pushi/vec4 1, 0, 1;
    %assign/vec4 v0000025004d20760_0, 0;
    %pushi/vec4 0, 0, 1;
    %store/vec4 v0000025004d206c0_0, 0, 1;
    %pushi/vec4 0, 0, 1;
    %store/vec4 v0000025004d20120_0, 0, 1;
    %jmp T_6.14;
T_6.13 ;
    %pushi/vec4 10, 0, 4;
    %assign/vec4 v0000025004d20b20_0, 0;
    %pushi/vec4 0, 0, 1;
    %assign/vec4 v0000025004dfa830_0, 0;
    %pushi/vec4 0, 0, 1;
    %assign/vec4 v0000025004dfaab0_0, 0;
    %pushi/vec4 0, 0, 1;
    %assign/vec4 v0000025004dfabf0_0, 0;
    %pushi/vec4 0, 0, 1;
    %assign/vec4 v0000025004dfaa10_0, 0;
    %pushi/vec4 0, 0, 1;
    %assign/vec4 v0000025004dfad30_0, 0;
    %pushi/vec4 0, 0, 1;
    %assign/vec4 v0000025004dfae70_0, 0;
    %pushi/vec4 0, 0, 1;
    %assign/vec4 v0000025004df9890_0, 0;
    %pushi/vec4 0, 0, 1;
    %assign/vec4 v0000025004d20ee0_0, 0;
    %pushi/vec4 0, 0, 1;
    %assign/vec4 v0000025004d203a0_0, 0;
    %pushi/vec4 0, 0, 1;
    %assign/vec4 v0000025004d20e40_0, 0;
    %pushi/vec4 0, 0, 1;
    %assign/vec4 v0000025004d20f80_0, 0;
    %pushi/vec4 0, 0, 1;
    %assign/vec4 v0000025004d20800_0, 0;
    %pushi/vec4 0, 0, 1;
    %assign/vec4 v0000025004d20440_0, 0;
    %pushi/vec4 0, 0, 1;
    %assign/vec4 v0000025004d21020_0, 0;
    %pushi/vec4 0, 0, 1;
    %assign/vec4 v0000025004d20760_0, 0;
    %pushi/vec4 0, 0, 1;
    %store/vec4 v0000025004d206c0_0, 0, 1;
    %pushi/vec4 1, 0, 1;
    %store/vec4 v0000025004d20120_0, 0, 1;
    %jmp T_6.14;
T_6.14 ;
    %pop/vec4 1;
    %jmp T_6;
    .thread T_6;
    .scope S_0000025004e55bc0;
T_7 ;
    %pushi/vec4 0, 0, 4;
    %store/vec4 v0000025004e5bfc0_0, 0, 4;
    %end;
    .thread T_7;
    .scope S_0000025004e55bc0;
T_8 ;
    %wait E_0000025004d298d0;
    %load/vec4 v0000025004e5c6a0_0;
    %flag_set/vec4 8;
    %jmp/0xz  T_8.0, 8;
    %load/vec4 v0000025004e5c560_0;
    %assign/vec4 v0000025004e5bfc0_0, 0;
T_8.0 ;
    %jmp T_8;
    .thread T_8;
    .scope S_0000025004e55580;
T_9 ;
    %pushi/vec4 0, 0, 4;
    %store/vec4 v0000025004e5c920_0, 0, 4;
    %end;
    .thread T_9;
    .scope S_0000025004e55580;
T_10 ;
    %wait E_0000025004d298d0;
    %load/vec4 v0000025004e5c9c0_0;
    %flag_set/vec4 8;
    %jmp/0xz  T_10.0, 8;
    %load/vec4 v0000025004e5c7e0_0;
    %assign/vec4 v0000025004e5c920_0, 0;
T_10.0 ;
    %jmp T_10;
    .thread T_10;
    .scope S_0000025004e55d50;
T_11 ;
    %pushi/vec4 0, 0, 4;
    %store/vec4 v0000025004e686e0_0, 0, 4;
    %end;
    .thread T_11;
    .scope S_0000025004e55d50;
T_12 ;
    %wait E_0000025004d298d0;
    %load/vec4 v0000025004e67a60_0;
    %flag_set/vec4 8;
    %jmp/0xz  T_12.0, 8;
    %load/vec4 v0000025004e59a10_0;
    %assign/vec4 v0000025004e686e0_0, 0;
T_12.0 ;
    %jmp T_12;
    .thread T_12;
    .scope S_0000025004e6bab0;
T_13 ;
    %pushi/vec4 0, 0, 4;
    %store/vec4 v0000025004e68500_0, 0, 4;
    %end;
    .thread T_13;
    .scope S_0000025004e6bab0;
T_14 ;
    %wait E_0000025004d298d0;
    %load/vec4 v0000025004e67740_0;
    %flag_set/vec4 8;
    %jmp/0xz  T_14.0, 8;
    %load/vec4 v0000025004e69720_0;
    %assign/vec4 v0000025004e68500_0, 0;
T_14.0 ;
    %jmp T_14;
    .thread T_14;
    .scope S_0000025004e6c8c0;
T_15 ;
    %pushi/vec4 0, 0, 4;
    %store/vec4 v0000025004e672e0_0, 0, 4;
    %end;
    .thread T_15;
    .scope S_0000025004e6c8c0;
T_16 ;
    %wait E_0000025004d298d0;
    %load/vec4 v0000025004e681e0_0;
    %flag_set/vec4 8;
    %jmp/0xz  T_16.0, 8;
    %load/vec4 v0000025004e67b00_0;
    %assign/vec4 v0000025004e672e0_0, 0;
T_16.0 ;
    %jmp T_16;
    .thread T_16;
    .scope S_0000025004e6c0f0;
T_17 ;
    %pushi/vec4 0, 0, 4;
    %store/vec4 v0000025004e67100_0, 0, 4;
    %end;
    .thread T_17;
    .scope S_0000025004e6c0f0;
T_18 ;
    %wait E_0000025004d298d0;
    %load/vec4 v0000025004e69220_0;
    %flag_set/vec4 8;
    %jmp/0xz  T_18.0, 8;
    %load/vec4 v0000025004e68780_0;
    %assign/vec4 v0000025004e67100_0, 0;
T_18.0 ;
    %jmp T_18;
    .thread T_18;
    .scope S_0000025004e6ca50;
T_19 ;
    %pushi/vec4 0, 0, 4;
    %store/vec4 v0000025004e67560_0, 0, 4;
    %end;
    .thread T_19;
    .scope S_0000025004e6ca50;
T_20 ;
    %wait E_0000025004d298d0;
    %load/vec4 v0000025004e679c0_0;
    %flag_set/vec4 8;
    %jmp/0xz  T_20.0, 8;
    %load/vec4 v0000025004e683c0_0;
    %assign/vec4 v0000025004e67560_0, 0;
T_20.0 ;
    %jmp T_20;
    .thread T_20;
    .scope S_0000025004e6b790;
T_21 ;
    %pushi/vec4 0, 0, 4;
    %store/vec4 v0000025004e67420_0, 0, 4;
    %end;
    .thread T_21;
    .scope S_0000025004e6b790;
T_22 ;
    %wait E_0000025004d298d0;
    %load/vec4 v0000025004e68aa0_0;
    %flag_set/vec4 8;
    %jmp/0xz  T_22.0, 8;
    %load/vec4 v0000025004e68280_0;
    %assign/vec4 v0000025004e67420_0, 0;
T_22.0 ;
    %jmp T_22;
    .thread T_22;
    .scope S_0000025004e6b2e0;
T_23 ;
    %pushi/vec4 0, 0, 5;
    %store/vec4 v0000025004e677e0_0, 0, 5;
    %end;
    .thread T_23;
    .scope S_0000025004e6b2e0;
T_24 ;
    %wait E_0000025004d298d0;
    %load/vec4 v0000025004e66fc0_0;
    %flag_set/vec4 8;
    %jmp/0xz  T_24.0, 8;
    %load/vec4 v0000025004e671a0_0;
    %assign/vec4 v0000025004e677e0_0, 0;
T_24.0 ;
    %jmp T_24;
    .thread T_24;
    .scope S_0000025004e6c5a0;
T_25 ;
    %pushi/vec4 0, 0, 5;
    %store/vec4 v0000025004e688c0_0, 0, 5;
    %end;
    .thread T_25;
    .scope S_0000025004e6c5a0;
T_26 ;
    %wait E_0000025004d298d0;
    %load/vec4 v0000025004e67880_0;
    %flag_set/vec4 8;
    %jmp/0xz  T_26.0, 8;
    %load/vec4 v0000025004e68460_0;
    %assign/vec4 v0000025004e688c0_0, 0;
T_26.0 ;
    %jmp T_26;
    .thread T_26;
    .scope S_0000025004e6c410;
T_27 ;
    %pushi/vec4 0, 0, 5;
    %store/vec4 v0000025004e68820_0, 0, 5;
    %end;
    .thread T_27;
    .scope S_0000025004e6c410;
T_28 ;
    %wait E_0000025004d298d0;
    %load/vec4 v0000025004e67380_0;
    %flag_set/vec4 8;
    %jmp/0xz  T_28.0, 8;
    %load/vec4 v0000025004e67920_0;
    %assign/vec4 v0000025004e68820_0, 0;
T_28.0 ;
    %jmp T_28;
    .thread T_28;
    .scope S_0000025004e6afc0;
T_29 ;
    %pushi/vec4 0, 0, 5;
    %store/vec4 v0000025004e676a0_0, 0, 5;
    %end;
    .thread T_29;
    .scope S_0000025004e6afc0;
T_30 ;
    %wait E_0000025004d298d0;
    %load/vec4 v0000025004e67c40_0;
    %flag_set/vec4 8;
    %jmp/0xz  T_30.0, 8;
    %load/vec4 v0000025004e67e20_0;
    %assign/vec4 v0000025004e676a0_0, 0;
T_30.0 ;
    %jmp T_30;
    .thread T_30;
    .scope S_0000025004e6c730;
T_31 ;
    %pushi/vec4 0, 0, 6;
    %store/vec4 v0000025004e67d80_0, 0, 6;
    %end;
    .thread T_31;
    .scope S_0000025004e6c730;
T_32 ;
    %wait E_0000025004d298d0;
    %load/vec4 v0000025004e68a00_0;
    %flag_set/vec4 8;
    %jmp/0xz  T_32.0, 8;
    %load/vec4 v0000025004e68960_0;
    %assign/vec4 v0000025004e67d80_0, 0;
T_32.0 ;
    %jmp T_32;
    .thread T_32;
    .scope S_0000025004e6b150;
T_33 ;
    %pushi/vec4 0, 0, 6;
    %store/vec4 v0000025004e68320_0, 0, 6;
    %end;
    .thread T_33;
    .scope S_0000025004e6b150;
T_34 ;
    %wait E_0000025004d298d0;
    %load/vec4 v0000025004e68000_0;
    %flag_set/vec4 8;
    %jmp/0xz  T_34.0, 8;
    %load/vec4 v0000025004e67f60_0;
    %assign/vec4 v0000025004e68320_0, 0;
T_34.0 ;
    %jmp T_34;
    .thread T_34;
    .scope S_0000025004e6bc40;
T_35 ;
    %pushi/vec4 0, 0, 7;
    %store/vec4 v0000025004e68640_0, 0, 7;
    %end;
    .thread T_35;
    .scope S_0000025004e6bc40;
T_36 ;
    %wait E_0000025004d298d0;
    %load/vec4 v0000025004e68b40_0;
    %flag_set/vec4 8;
    %jmp/0xz  T_36.0, 8;
    %load/vec4 v0000025004e68140_0;
    %assign/vec4 v0000025004e68640_0, 0;
T_36.0 ;
    %jmp T_36;
    .thread T_36;
    .scope S_0000025004dc6660;
T_37 ;
    %wait E_0000025004d2a010;
    %load/vec4 v0000025004e54b50_0;
    %dup/vec4;
    %pushi/vec4 0, 0, 4;
    %cmp/u;
    %jmp/1 T_37.0, 6;
    %dup/vec4;
    %pushi/vec4 1, 0, 4;
    %cmp/u;
    %jmp/1 T_37.1, 6;
    %dup/vec4;
    %pushi/vec4 2, 0, 4;
    %cmp/u;
    %jmp/1 T_37.2, 6;
    %dup/vec4;
    %pushi/vec4 3, 0, 4;
    %cmp/u;
    %jmp/1 T_37.3, 6;
    %dup/vec4;
    %pushi/vec4 4, 0, 4;
    %cmp/u;
    %jmp/1 T_37.4, 6;
    %dup/vec4;
    %pushi/vec4 5, 0, 4;
    %cmp/u;
    %jmp/1 T_37.5, 6;
    %dup/vec4;
    %pushi/vec4 6, 0, 4;
    %cmp/u;
    %jmp/1 T_37.6, 6;
    %dup/vec4;
    %pushi/vec4 7, 0, 4;
    %cmp/u;
    %jmp/1 T_37.7, 6;
    %dup/vec4;
    %pushi/vec4 8, 0, 4;
    %cmp/u;
    %jmp/1 T_37.8, 6;
    %dup/vec4;
    %pushi/vec4 9, 0, 4;
    %cmp/u;
    %jmp/1 T_37.9, 6;
    %dup/vec4;
    %pushi/vec4 10, 0, 4;
    %cmp/u;
    %jmp/1 T_37.10, 6;
    %dup/vec4;
    %pushi/vec4 11, 0, 4;
    %cmp/u;
    %jmp/1 T_37.11, 6;
    %dup/vec4;
    %pushi/vec4 12, 0, 4;
    %cmp/u;
    %jmp/1 T_37.12, 6;
    %dup/vec4;
    %pushi/vec4 13, 0, 4;
    %cmp/u;
    %jmp/1 T_37.13, 6;
    %dup/vec4;
    %pushi/vec4 14, 0, 4;
    %cmp/u;
    %jmp/1 T_37.14, 6;
    %dup/vec4;
    %pushi/vec4 15, 0, 4;
    %cmp/u;
    %jmp/1 T_37.15, 6;
    %pushi/vec4 0, 0, 4;
    %store/vec4 v0000025004e54bf0_0, 0, 4;
    %jmp T_37.17;
T_37.0 ;
    %load/vec4 v0000025004e523c0_0;
    %store/vec4 v0000025004e54bf0_0, 0, 4;
    %jmp T_37.17;
T_37.1 ;
    %load/vec4 v0000025004e514c0_0;
    %store/vec4 v0000025004e54bf0_0, 0, 4;
    %jmp T_37.17;
T_37.2 ;
    %load/vec4 v0000025004e516a0_0;
    %store/vec4 v0000025004e54bf0_0, 0, 4;
    %jmp T_37.17;
T_37.3 ;
    %load/vec4 v0000025004e50e80_0;
    %store/vec4 v0000025004e54bf0_0, 0, 4;
    %jmp T_37.17;
T_37.4 ;
    %load/vec4 v0000025004e517e0_0;
    %store/vec4 v0000025004e54bf0_0, 0, 4;
    %jmp T_37.17;
T_37.5 ;
    %load/vec4 v0000025004e54650_0;
    %store/vec4 v0000025004e54bf0_0, 0, 4;
    %jmp T_37.17;
T_37.6 ;
    %load/vec4 v0000025004e53430_0;
    %store/vec4 v0000025004e54bf0_0, 0, 4;
    %jmp T_37.17;
T_37.7 ;
    %load/vec4 v0000025004e54150_0;
    %store/vec4 v0000025004e54bf0_0, 0, 4;
    %jmp T_37.17;
T_37.8 ;
    %load/vec4 v0000025004e54290_0;
    %store/vec4 v0000025004e54bf0_0, 0, 4;
    %jmp T_37.17;
T_37.9 ;
    %load/vec4 v0000025004e546f0_0;
    %store/vec4 v0000025004e54bf0_0, 0, 4;
    %jmp T_37.17;
T_37.10 ;
    %load/vec4 v0000025004e50d40_0;
    %store/vec4 v0000025004e54bf0_0, 0, 4;
    %jmp T_37.17;
T_37.11 ;
    %load/vec4 v0000025004e52500_0;
    %store/vec4 v0000025004e54bf0_0, 0, 4;
    %jmp T_37.17;
T_37.12 ;
    %load/vec4 v0000025004e528c0_0;
    %store/vec4 v0000025004e54bf0_0, 0, 4;
    %jmp T_37.17;
T_37.13 ;
    %load/vec4 v0000025004e50de0_0;
    %store/vec4 v0000025004e54bf0_0, 0, 4;
    %jmp T_37.17;
T_37.14 ;
    %load/vec4 v0000025004e52a00_0;
    %store/vec4 v0000025004e54bf0_0, 0, 4;
    %jmp T_37.17;
T_37.15 ;
    %load/vec4 v0000025004e50ca0_0;
    %store/vec4 v0000025004e54bf0_0, 0, 4;
    %jmp T_37.17;
T_37.17 ;
    %pop/vec4 1;
    %jmp T_37;
    .thread T_37, $push;
    .scope S_0000025004e54f40;
T_38 ;
    %wait E_0000025004d295d0;
    %load/vec4 v0000025004e53c50_0;
    %dup/vec4;
    %pushi/vec4 0, 0, 4;
    %cmp/u;
    %jmp/1 T_38.0, 6;
    %dup/vec4;
    %pushi/vec4 1, 0, 4;
    %cmp/u;
    %jmp/1 T_38.1, 6;
    %dup/vec4;
    %pushi/vec4 2, 0, 4;
    %cmp/u;
    %jmp/1 T_38.2, 6;
    %dup/vec4;
    %pushi/vec4 3, 0, 4;
    %cmp/u;
    %jmp/1 T_38.3, 6;
    %dup/vec4;
    %pushi/vec4 4, 0, 4;
    %cmp/u;
    %jmp/1 T_38.4, 6;
    %dup/vec4;
    %pushi/vec4 5, 0, 4;
    %cmp/u;
    %jmp/1 T_38.5, 6;
    %dup/vec4;
    %pushi/vec4 6, 0, 4;
    %cmp/u;
    %jmp/1 T_38.6, 6;
    %dup/vec4;
    %pushi/vec4 7, 0, 4;
    %cmp/u;
    %jmp/1 T_38.7, 6;
    %dup/vec4;
    %pushi/vec4 8, 0, 4;
    %cmp/u;
    %jmp/1 T_38.8, 6;
    %dup/vec4;
    %pushi/vec4 9, 0, 4;
    %cmp/u;
    %jmp/1 T_38.9, 6;
    %dup/vec4;
    %pushi/vec4 10, 0, 4;
    %cmp/u;
    %jmp/1 T_38.10, 6;
    %dup/vec4;
    %pushi/vec4 11, 0, 4;
    %cmp/u;
    %jmp/1 T_38.11, 6;
    %dup/vec4;
    %pushi/vec4 12, 0, 4;
    %cmp/u;
    %jmp/1 T_38.12, 6;
    %dup/vec4;
    %pushi/vec4 13, 0, 4;
    %cmp/u;
    %jmp/1 T_38.13, 6;
    %dup/vec4;
    %pushi/vec4 14, 0, 4;
    %cmp/u;
    %jmp/1 T_38.14, 6;
    %dup/vec4;
    %pushi/vec4 15, 0, 4;
    %cmp/u;
    %jmp/1 T_38.15, 6;
    %pushi/vec4 0, 0, 4;
    %store/vec4 v0000025004e53070_0, 0, 4;
    %jmp T_38.17;
T_38.0 ;
    %load/vec4 v0000025004e53f70_0;
    %store/vec4 v0000025004e53070_0, 0, 4;
    %jmp T_38.17;
T_38.1 ;
    %load/vec4 v0000025004e54330_0;
    %store/vec4 v0000025004e53070_0, 0, 4;
    %jmp T_38.17;
T_38.2 ;
    %load/vec4 v0000025004e52fd0_0;
    %store/vec4 v0000025004e53070_0, 0, 4;
    %jmp T_38.17;
T_38.3 ;
    %load/vec4 v0000025004e54510_0;
    %store/vec4 v0000025004e53070_0, 0, 4;
    %jmp T_38.17;
T_38.4 ;
    %load/vec4 v0000025004e53ed0_0;
    %store/vec4 v0000025004e53070_0, 0, 4;
    %jmp T_38.17;
T_38.5 ;
    %load/vec4 v0000025004e54010_0;
    %store/vec4 v0000025004e53070_0, 0, 4;
    %jmp T_38.17;
T_38.6 ;
    %load/vec4 v0000025004e53610_0;
    %store/vec4 v0000025004e53070_0, 0, 4;
    %jmp T_38.17;
T_38.7 ;
    %load/vec4 v0000025004e54470_0;
    %store/vec4 v0000025004e53070_0, 0, 4;
    %jmp T_38.17;
T_38.8 ;
    %load/vec4 v0000025004e545b0_0;
    %store/vec4 v0000025004e53070_0, 0, 4;
    %jmp T_38.17;
T_38.9 ;
    %load/vec4 v0000025004e54d30_0;
    %store/vec4 v0000025004e53070_0, 0, 4;
    %jmp T_38.17;
T_38.10 ;
    %load/vec4 v0000025004e543d0_0;
    %store/vec4 v0000025004e53070_0, 0, 4;
    %jmp T_38.17;
T_38.11 ;
    %load/vec4 v0000025004e53b10_0;
    %store/vec4 v0000025004e53070_0, 0, 4;
    %jmp T_38.17;
T_38.12 ;
    %load/vec4 v0000025004e53d90_0;
    %store/vec4 v0000025004e53070_0, 0, 4;
    %jmp T_38.17;
T_38.13 ;
    %load/vec4 v0000025004e53570_0;
    %store/vec4 v0000025004e53070_0, 0, 4;
    %jmp T_38.17;
T_38.14 ;
    %load/vec4 v0000025004e53bb0_0;
    %store/vec4 v0000025004e53070_0, 0, 4;
    %jmp T_38.17;
T_38.15 ;
    %load/vec4 v0000025004e53e30_0;
    %store/vec4 v0000025004e53070_0, 0, 4;
    %jmp T_38.17;
T_38.17 ;
    %pop/vec4 1;
    %jmp T_38;
    .thread T_38, $push;
    .scope S_0000025004e55710;
T_39 ;
    %wait E_0000025004d29d50;
    %load/vec4 v0000025004e54c90_0;
    %dup/vec4;
    %pushi/vec4 0, 0, 4;
    %cmp/u;
    %jmp/1 T_39.0, 6;
    %dup/vec4;
    %pushi/vec4 1, 0, 4;
    %cmp/u;
    %jmp/1 T_39.1, 6;
    %dup/vec4;
    %pushi/vec4 2, 0, 4;
    %cmp/u;
    %jmp/1 T_39.2, 6;
    %dup/vec4;
    %pushi/vec4 3, 0, 4;
    %cmp/u;
    %jmp/1 T_39.3, 6;
    %dup/vec4;
    %pushi/vec4 4, 0, 4;
    %cmp/u;
    %jmp/1 T_39.4, 6;
    %dup/vec4;
    %pushi/vec4 5, 0, 4;
    %cmp/u;
    %jmp/1 T_39.5, 6;
    %dup/vec4;
    %pushi/vec4 6, 0, 4;
    %cmp/u;
    %jmp/1 T_39.6, 6;
    %dup/vec4;
    %pushi/vec4 7, 0, 4;
    %cmp/u;
    %jmp/1 T_39.7, 6;
    %dup/vec4;
    %pushi/vec4 8, 0, 4;
    %cmp/u;
    %jmp/1 T_39.8, 6;
    %dup/vec4;
    %pushi/vec4 9, 0, 4;
    %cmp/u;
    %jmp/1 T_39.9, 6;
    %dup/vec4;
    %pushi/vec4 10, 0, 4;
    %cmp/u;
    %jmp/1 T_39.10, 6;
    %dup/vec4;
    %pushi/vec4 11, 0, 4;
    %cmp/u;
    %jmp/1 T_39.11, 6;
    %dup/vec4;
    %pushi/vec4 12, 0, 4;
    %cmp/u;
    %jmp/1 T_39.12, 6;
    %dup/vec4;
    %pushi/vec4 13, 0, 4;
    %cmp/u;
    %jmp/1 T_39.13, 6;
    %dup/vec4;
    %pushi/vec4 14, 0, 4;
    %cmp/u;
    %jmp/1 T_39.14, 6;
    %dup/vec4;
    %pushi/vec4 15, 0, 4;
    %cmp/u;
    %jmp/1 T_39.15, 6;
    %pushi/vec4 0, 0, 4;
    %store/vec4 v0000025004e54ab0_0, 0, 4;
    %jmp T_39.17;
T_39.0 ;
    %load/vec4 v0000025004e539d0_0;
    %store/vec4 v0000025004e54ab0_0, 0, 4;
    %jmp T_39.17;
T_39.1 ;
    %load/vec4 v0000025004e536b0_0;
    %store/vec4 v0000025004e54ab0_0, 0, 4;
    %jmp T_39.17;
T_39.2 ;
    %load/vec4 v0000025004e548d0_0;
    %store/vec4 v0000025004e54ab0_0, 0, 4;
    %jmp T_39.17;
T_39.3 ;
    %load/vec4 v0000025004e53750_0;
    %store/vec4 v0000025004e54ab0_0, 0, 4;
    %jmp T_39.17;
T_39.4 ;
    %load/vec4 v0000025004e540b0_0;
    %store/vec4 v0000025004e54ab0_0, 0, 4;
    %jmp T_39.17;
T_39.5 ;
    %load/vec4 v0000025004e54970_0;
    %store/vec4 v0000025004e54ab0_0, 0, 4;
    %jmp T_39.17;
T_39.6 ;
    %load/vec4 v0000025004e54a10_0;
    %store/vec4 v0000025004e54ab0_0, 0, 4;
    %jmp T_39.17;
T_39.7 ;
    %load/vec4 v0000025004e54dd0_0;
    %store/vec4 v0000025004e54ab0_0, 0, 4;
    %jmp T_39.17;
T_39.8 ;
    %load/vec4 v0000025004e537f0_0;
    %store/vec4 v0000025004e54ab0_0, 0, 4;
    %jmp T_39.17;
T_39.9 ;
    %load/vec4 v0000025004e53250_0;
    %store/vec4 v0000025004e54ab0_0, 0, 4;
    %jmp T_39.17;
T_39.10 ;
    %load/vec4 v0000025004e531b0_0;
    %store/vec4 v0000025004e54ab0_0, 0, 4;
    %jmp T_39.17;
T_39.11 ;
    %load/vec4 v0000025004e54790_0;
    %store/vec4 v0000025004e54ab0_0, 0, 4;
    %jmp T_39.17;
T_39.12 ;
    %load/vec4 v0000025004e53cf0_0;
    %store/vec4 v0000025004e54ab0_0, 0, 4;
    %jmp T_39.17;
T_39.13 ;
    %load/vec4 v0000025004e53110_0;
    %store/vec4 v0000025004e54ab0_0, 0, 4;
    %jmp T_39.17;
T_39.14 ;
    %load/vec4 v0000025004e54830_0;
    %store/vec4 v0000025004e54ab0_0, 0, 4;
    %jmp T_39.17;
T_39.15 ;
    %load/vec4 v0000025004e53a70_0;
    %store/vec4 v0000025004e54ab0_0, 0, 4;
    %jmp T_39.17;
T_39.17 ;
    %pop/vec4 1;
    %jmp T_39;
    .thread T_39, $push;
    .scope S_0000025004e553f0;
T_40 ;
    %wait E_0000025004d29d90;
    %load/vec4 v0000025004e59c90_0;
    %dup/vec4;
    %pushi/vec4 0, 0, 4;
    %cmp/u;
    %jmp/1 T_40.0, 6;
    %dup/vec4;
    %pushi/vec4 1, 0, 4;
    %cmp/u;
    %jmp/1 T_40.1, 6;
    %dup/vec4;
    %pushi/vec4 2, 0, 4;
    %cmp/u;
    %jmp/1 T_40.2, 6;
    %dup/vec4;
    %pushi/vec4 3, 0, 4;
    %cmp/u;
    %jmp/1 T_40.3, 6;
    %dup/vec4;
    %pushi/vec4 4, 0, 4;
    %cmp/u;
    %jmp/1 T_40.4, 6;
    %dup/vec4;
    %pushi/vec4 5, 0, 4;
    %cmp/u;
    %jmp/1 T_40.5, 6;
    %dup/vec4;
    %pushi/vec4 6, 0, 4;
    %cmp/u;
    %jmp/1 T_40.6, 6;
    %dup/vec4;
    %pushi/vec4 7, 0, 4;
    %cmp/u;
    %jmp/1 T_40.7, 6;
    %dup/vec4;
    %pushi/vec4 8, 0, 4;
    %cmp/u;
    %jmp/1 T_40.8, 6;
    %dup/vec4;
    %pushi/vec4 9, 0, 4;
    %cmp/u;
    %jmp/1 T_40.9, 6;
    %dup/vec4;
    %pushi/vec4 10, 0, 4;
    %cmp/u;
    %jmp/1 T_40.10, 6;
    %dup/vec4;
    %pushi/vec4 11, 0, 4;
    %cmp/u;
    %jmp/1 T_40.11, 6;
    %dup/vec4;
    %pushi/vec4 12, 0, 4;
    %cmp/u;
    %jmp/1 T_40.12, 6;
    %dup/vec4;
    %pushi/vec4 13, 0, 4;
    %cmp/u;
    %jmp/1 T_40.13, 6;
    %dup/vec4;
    %pushi/vec4 14, 0, 4;
    %cmp/u;
    %jmp/1 T_40.14, 6;
    %dup/vec4;
    %pushi/vec4 15, 0, 4;
    %cmp/u;
    %jmp/1 T_40.15, 6;
    %pushi/vec4 0, 0, 4;
    %store/vec4 v0000025004e5a410_0, 0, 4;
    %jmp T_40.17;
T_40.0 ;
    %load/vec4 v0000025004e53390_0;
    %store/vec4 v0000025004e5a410_0, 0, 4;
    %jmp T_40.17;
T_40.1 ;
    %load/vec4 v0000025004e53890_0;
    %store/vec4 v0000025004e5a410_0, 0, 4;
    %jmp T_40.17;
T_40.2 ;
    %load/vec4 v0000025004e5a2d0_0;
    %store/vec4 v0000025004e5a410_0, 0, 4;
    %jmp T_40.17;
T_40.3 ;
    %load/vec4 v0000025004e58f70_0;
    %store/vec4 v0000025004e5a410_0, 0, 4;
    %jmp T_40.17;
T_40.4 ;
    %load/vec4 v0000025004e59150_0;
    %store/vec4 v0000025004e5a410_0, 0, 4;
    %jmp T_40.17;
T_40.5 ;
    %load/vec4 v0000025004e5a9b0_0;
    %store/vec4 v0000025004e5a410_0, 0, 4;
    %jmp T_40.17;
T_40.6 ;
    %load/vec4 v0000025004e59bf0_0;
    %store/vec4 v0000025004e5a410_0, 0, 4;
    %jmp T_40.17;
T_40.7 ;
    %load/vec4 v0000025004e59650_0;
    %store/vec4 v0000025004e5a410_0, 0, 4;
    %jmp T_40.17;
T_40.8 ;
    %load/vec4 v0000025004e59010_0;
    %store/vec4 v0000025004e5a410_0, 0, 4;
    %jmp T_40.17;
T_40.9 ;
    %load/vec4 v0000025004e59b50_0;
    %store/vec4 v0000025004e5a410_0, 0, 4;
    %jmp T_40.17;
T_40.10 ;
    %load/vec4 v0000025004e53930_0;
    %store/vec4 v0000025004e5a410_0, 0, 4;
    %jmp T_40.17;
T_40.11 ;
    %load/vec4 v0000025004e51380_0;
    %store/vec4 v0000025004e5a410_0, 0, 4;
    %jmp T_40.17;
T_40.12 ;
    %load/vec4 v0000025004e5a5f0_0;
    %store/vec4 v0000025004e5a410_0, 0, 4;
    %jmp T_40.17;
T_40.13 ;
    %load/vec4 v0000025004e598d0_0;
    %store/vec4 v0000025004e5a410_0, 0, 4;
    %jmp T_40.17;
T_40.14 ;
    %load/vec4 v0000025004e5acd0_0;
    %store/vec4 v0000025004e5a410_0, 0, 4;
    %jmp T_40.17;
T_40.15 ;
    %load/vec4 v0000025004e595b0_0;
    %store/vec4 v0000025004e5a410_0, 0, 4;
    %jmp T_40.17;
T_40.17 ;
    %pop/vec4 1;
    %jmp T_40;
    .thread T_40, $push;
    .scope S_0000025004e558a0;
T_41 ;
    %wait E_0000025004d29ed0;
    %load/vec4 v0000025004e5a730_0;
    %dup/vec4;
    %pushi/vec4 0, 0, 4;
    %cmp/u;
    %jmp/1 T_41.0, 6;
    %dup/vec4;
    %pushi/vec4 1, 0, 4;
    %cmp/u;
    %jmp/1 T_41.1, 6;
    %dup/vec4;
    %pushi/vec4 2, 0, 4;
    %cmp/u;
    %jmp/1 T_41.2, 6;
    %dup/vec4;
    %pushi/vec4 3, 0, 4;
    %cmp/u;
    %jmp/1 T_41.3, 6;
    %dup/vec4;
    %pushi/vec4 4, 0, 4;
    %cmp/u;
    %jmp/1 T_41.4, 6;
    %dup/vec4;
    %pushi/vec4 5, 0, 4;
    %cmp/u;
    %jmp/1 T_41.5, 6;
    %dup/vec4;
    %pushi/vec4 6, 0, 4;
    %cmp/u;
    %jmp/1 T_41.6, 6;
    %dup/vec4;
    %pushi/vec4 7, 0, 4;
    %cmp/u;
    %jmp/1 T_41.7, 6;
    %dup/vec4;
    %pushi/vec4 8, 0, 4;
    %cmp/u;
    %jmp/1 T_41.8, 6;
    %dup/vec4;
    %pushi/vec4 9, 0, 4;
    %cmp/u;
    %jmp/1 T_41.9, 6;
    %dup/vec4;
    %pushi/vec4 10, 0, 4;
    %cmp/u;
    %jmp/1 T_41.10, 6;
    %dup/vec4;
    %pushi/vec4 11, 0, 4;
    %cmp/u;
    %jmp/1 T_41.11, 6;
    %dup/vec4;
    %pushi/vec4 12, 0, 4;
    %cmp/u;
    %jmp/1 T_41.12, 6;
    %dup/vec4;
    %pushi/vec4 13, 0, 4;
    %cmp/u;
    %jmp/1 T_41.13, 6;
    %dup/vec4;
    %pushi/vec4 14, 0, 4;
    %cmp/u;
    %jmp/1 T_41.14, 6;
    %dup/vec4;
    %pushi/vec4 15, 0, 4;
    %cmp/u;
    %jmp/1 T_41.15, 6;
    %pushi/vec4 0, 0, 4;
    %store/vec4 v0000025004e5aaf0_0, 0, 4;
    %jmp T_41.17;
T_41.0 ;
    %load/vec4 v0000025004e59970_0;
    %store/vec4 v0000025004e5aaf0_0, 0, 4;
    %jmp T_41.17;
T_41.1 ;
    %load/vec4 v0000025004e5a4b0_0;
    %store/vec4 v0000025004e5aaf0_0, 0, 4;
    %jmp T_41.17;
T_41.2 ;
    %load/vec4 v0000025004e5a550_0;
    %store/vec4 v0000025004e5aaf0_0, 0, 4;
    %jmp T_41.17;
T_41.3 ;
    %load/vec4 v0000025004e5a230_0;
    %store/vec4 v0000025004e5aaf0_0, 0, 4;
    %jmp T_41.17;
T_41.4 ;
    %load/vec4 v0000025004e590b0_0;
    %store/vec4 v0000025004e5aaf0_0, 0, 4;
    %jmp T_41.17;
T_41.5 ;
    %load/vec4 v0000025004e5ac30_0;
    %store/vec4 v0000025004e5aaf0_0, 0, 4;
    %jmp T_41.17;
T_41.6 ;
    %load/vec4 v0000025004e596f0_0;
    %store/vec4 v0000025004e5aaf0_0, 0, 4;
    %jmp T_41.17;
T_41.7 ;
    %load/vec4 v0000025004e5a050_0;
    %store/vec4 v0000025004e5aaf0_0, 0, 4;
    %jmp T_41.17;
T_41.8 ;
    %load/vec4 v0000025004e5a190_0;
    %store/vec4 v0000025004e5aaf0_0, 0, 4;
    %jmp T_41.17;
T_41.9 ;
    %load/vec4 v0000025004e5a690_0;
    %store/vec4 v0000025004e5aaf0_0, 0, 4;
    %jmp T_41.17;
T_41.10 ;
    %load/vec4 v0000025004e59d30_0;
    %store/vec4 v0000025004e5aaf0_0, 0, 4;
    %jmp T_41.17;
T_41.11 ;
    %load/vec4 v0000025004e5a370_0;
    %store/vec4 v0000025004e5aaf0_0, 0, 4;
    %jmp T_41.17;
T_41.12 ;
    %load/vec4 v0000025004e59dd0_0;
    %store/vec4 v0000025004e5aaf0_0, 0, 4;
    %jmp T_41.17;
T_41.13 ;
    %load/vec4 v0000025004e59290_0;
    %store/vec4 v0000025004e5aaf0_0, 0, 4;
    %jmp T_41.17;
T_41.14 ;
    %load/vec4 v0000025004e5a0f0_0;
    %store/vec4 v0000025004e5aaf0_0, 0, 4;
    %jmp T_41.17;
T_41.15 ;
    %load/vec4 v0000025004e59fb0_0;
    %store/vec4 v0000025004e5aaf0_0, 0, 4;
    %jmp T_41.17;
T_41.17 ;
    %pop/vec4 1;
    %jmp T_41;
    .thread T_41, $push;
    .scope S_0000025004e550d0;
T_42 ;
    %wait E_0000025004d2a210;
    %load/vec4 v0000025004e5b2a0_0;
    %dup/vec4;
    %pushi/vec4 0, 0, 4;
    %cmp/u;
    %jmp/1 T_42.0, 6;
    %dup/vec4;
    %pushi/vec4 1, 0, 4;
    %cmp/u;
    %jmp/1 T_42.1, 6;
    %dup/vec4;
    %pushi/vec4 2, 0, 4;
    %cmp/u;
    %jmp/1 T_42.2, 6;
    %dup/vec4;
    %pushi/vec4 3, 0, 4;
    %cmp/u;
    %jmp/1 T_42.3, 6;
    %dup/vec4;
    %pushi/vec4 4, 0, 4;
    %cmp/u;
    %jmp/1 T_42.4, 6;
    %dup/vec4;
    %pushi/vec4 5, 0, 4;
    %cmp/u;
    %jmp/1 T_42.5, 6;
    %dup/vec4;
    %pushi/vec4 6, 0, 4;
    %cmp/u;
    %jmp/1 T_42.6, 6;
    %dup/vec4;
    %pushi/vec4 7, 0, 4;
    %cmp/u;
    %jmp/1 T_42.7, 6;
    %dup/vec4;
    %pushi/vec4 8, 0, 4;
    %cmp/u;
    %jmp/1 T_42.8, 6;
    %dup/vec4;
    %pushi/vec4 9, 0, 4;
    %cmp/u;
    %jmp/1 T_42.9, 6;
    %dup/vec4;
    %pushi/vec4 10, 0, 4;
    %cmp/u;
    %jmp/1 T_42.10, 6;
    %dup/vec4;
    %pushi/vec4 11, 0, 4;
    %cmp/u;
    %jmp/1 T_42.11, 6;
    %dup/vec4;
    %pushi/vec4 12, 0, 4;
    %cmp/u;
    %jmp/1 T_42.12, 6;
    %dup/vec4;
    %pushi/vec4 13, 0, 4;
    %cmp/u;
    %jmp/1 T_42.13, 6;
    %dup/vec4;
    %pushi/vec4 14, 0, 4;
    %cmp/u;
    %jmp/1 T_42.14, 6;
    %dup/vec4;
    %pushi/vec4 15, 0, 4;
    %cmp/u;
    %jmp/1 T_42.15, 6;
    %pushi/vec4 0, 0, 4;
    %store/vec4 v0000025004e5c060_0, 0, 4;
    %jmp T_42.17;
T_42.0 ;
    %load/vec4 v0000025004e5a870_0;
    %store/vec4 v0000025004e5c060_0, 0, 4;
    %jmp T_42.17;
T_42.1 ;
    %load/vec4 v0000025004e5a910_0;
    %store/vec4 v0000025004e5c060_0, 0, 4;
    %jmp T_42.17;
T_42.2 ;
    %load/vec4 v0000025004e59830_0;
    %store/vec4 v0000025004e5c060_0, 0, 4;
    %jmp T_42.17;
T_42.3 ;
    %load/vec4 v0000025004e5ae10_0;
    %store/vec4 v0000025004e5c060_0, 0, 4;
    %jmp T_42.17;
T_42.4 ;
    %load/vec4 v0000025004e59ab0_0;
    %store/vec4 v0000025004e5c060_0, 0, 4;
    %jmp T_42.17;
T_42.5 ;
    %load/vec4 v0000025004e5ab90_0;
    %store/vec4 v0000025004e5c060_0, 0, 4;
    %jmp T_42.17;
T_42.6 ;
    %load/vec4 v0000025004e591f0_0;
    %store/vec4 v0000025004e5c060_0, 0, 4;
    %jmp T_42.17;
T_42.7 ;
    %load/vec4 v0000025004e593d0_0;
    %store/vec4 v0000025004e5c060_0, 0, 4;
    %jmp T_42.17;
T_42.8 ;
    %load/vec4 v0000025004e59470_0;
    %store/vec4 v0000025004e5c060_0, 0, 4;
    %jmp T_42.17;
T_42.9 ;
    %load/vec4 v0000025004e532f0_0;
    %store/vec4 v0000025004e5c060_0, 0, 4;
    %jmp T_42.17;
T_42.10 ;
    %load/vec4 v0000025004e59330_0;
    %store/vec4 v0000025004e5c060_0, 0, 4;
    %jmp T_42.17;
T_42.11 ;
    %load/vec4 v0000025004e59f10_0;
    %store/vec4 v0000025004e5c060_0, 0, 4;
    %jmp T_42.17;
T_42.12 ;
    %load/vec4 v0000025004e59510_0;
    %store/vec4 v0000025004e5c060_0, 0, 4;
    %jmp T_42.17;
T_42.13 ;
    %load/vec4 v0000025004e5ad70_0;
    %store/vec4 v0000025004e5c060_0, 0, 4;
    %jmp T_42.17;
T_42.14 ;
    %load/vec4 v0000025004e59790_0;
    %store/vec4 v0000025004e5c060_0, 0, 4;
    %jmp T_42.17;
T_42.15 ;
    %load/vec4 v0000025004e5aa50_0;
    %store/vec4 v0000025004e5c060_0, 0, 4;
    %jmp T_42.17;
T_42.17 ;
    %pop/vec4 1;
    %jmp T_42;
    .thread T_42, $push;
    .scope S_0000025004e55260;
T_43 ;
    %wait E_0000025004d2a250;
    %load/vec4 v0000025004e5b340_0;
    %dup/vec4;
    %pushi/vec4 0, 0, 4;
    %cmp/u;
    %jmp/1 T_43.0, 6;
    %dup/vec4;
    %pushi/vec4 1, 0, 4;
    %cmp/u;
    %jmp/1 T_43.1, 6;
    %dup/vec4;
    %pushi/vec4 2, 0, 4;
    %cmp/u;
    %jmp/1 T_43.2, 6;
    %dup/vec4;
    %pushi/vec4 3, 0, 4;
    %cmp/u;
    %jmp/1 T_43.3, 6;
    %dup/vec4;
    %pushi/vec4 4, 0, 4;
    %cmp/u;
    %jmp/1 T_43.4, 6;
    %dup/vec4;
    %pushi/vec4 5, 0, 4;
    %cmp/u;
    %jmp/1 T_43.5, 6;
    %dup/vec4;
    %pushi/vec4 6, 0, 4;
    %cmp/u;
    %jmp/1 T_43.6, 6;
    %dup/vec4;
    %pushi/vec4 7, 0, 4;
    %cmp/u;
    %jmp/1 T_43.7, 6;
    %dup/vec4;
    %pushi/vec4 8, 0, 4;
    %cmp/u;
    %jmp/1 T_43.8, 6;
    %dup/vec4;
    %pushi/vec4 9, 0, 4;
    %cmp/u;
    %jmp/1 T_43.9, 6;
    %dup/vec4;
    %pushi/vec4 10, 0, 4;
    %cmp/u;
    %jmp/1 T_43.10, 6;
    %dup/vec4;
    %pushi/vec4 11, 0, 4;
    %cmp/u;
    %jmp/1 T_43.11, 6;
    %dup/vec4;
    %pushi/vec4 12, 0, 4;
    %cmp/u;
    %jmp/1 T_43.12, 6;
    %dup/vec4;
    %pushi/vec4 13, 0, 4;
    %cmp/u;
    %jmp/1 T_43.13, 6;
    %dup/vec4;
    %pushi/vec4 14, 0, 4;
    %cmp/u;
    %jmp/1 T_43.14, 6;
    %dup/vec4;
    %pushi/vec4 15, 0, 4;
    %cmp/u;
    %jmp/1 T_43.15, 6;
    %pushi/vec4 0, 0, 4;
    %store/vec4 v0000025004e5ce20_0, 0, 4;
    %jmp T_43.17;
T_43.0 ;
    %load/vec4 v0000025004e5c600_0;
    %store/vec4 v0000025004e5ce20_0, 0, 4;
    %jmp T_43.17;
T_43.1 ;
    %load/vec4 v0000025004e5cba0_0;
    %store/vec4 v0000025004e5ce20_0, 0, 4;
    %jmp T_43.17;
T_43.2 ;
    %load/vec4 v0000025004e5b200_0;
    %store/vec4 v0000025004e5ce20_0, 0, 4;
    %jmp T_43.17;
T_43.3 ;
    %load/vec4 v0000025004e5cc40_0;
    %store/vec4 v0000025004e5ce20_0, 0, 4;
    %jmp T_43.17;
T_43.4 ;
    %load/vec4 v0000025004e5b5c0_0;
    %store/vec4 v0000025004e5ce20_0, 0, 4;
    %jmp T_43.17;
T_43.5 ;
    %load/vec4 v0000025004e5b3e0_0;
    %store/vec4 v0000025004e5ce20_0, 0, 4;
    %jmp T_43.17;
T_43.6 ;
    %load/vec4 v0000025004e5bac0_0;
    %store/vec4 v0000025004e5ce20_0, 0, 4;
    %jmp T_43.17;
T_43.7 ;
    %load/vec4 v0000025004e5be80_0;
    %store/vec4 v0000025004e5ce20_0, 0, 4;
    %jmp T_43.17;
T_43.8 ;
    %load/vec4 v0000025004e5b980_0;
    %store/vec4 v0000025004e5ce20_0, 0, 4;
    %jmp T_43.17;
T_43.9 ;
    %load/vec4 v0000025004e5b160_0;
    %store/vec4 v0000025004e5ce20_0, 0, 4;
    %jmp T_43.17;
T_43.10 ;
    %load/vec4 v0000025004e5b480_0;
    %store/vec4 v0000025004e5ce20_0, 0, 4;
    %jmp T_43.17;
T_43.11 ;
    %load/vec4 v0000025004e5c1a0_0;
    %store/vec4 v0000025004e5ce20_0, 0, 4;
    %jmp T_43.17;
T_43.12 ;
    %load/vec4 v0000025004e5c880_0;
    %store/vec4 v0000025004e5ce20_0, 0, 4;
    %jmp T_43.17;
T_43.13 ;
    %load/vec4 v0000025004e5bd40_0;
    %store/vec4 v0000025004e5ce20_0, 0, 4;
    %jmp T_43.17;
T_43.14 ;
    %load/vec4 v0000025004e5b0c0_0;
    %store/vec4 v0000025004e5ce20_0, 0, 4;
    %jmp T_43.17;
T_43.15 ;
    %load/vec4 v0000025004e5c380_0;
    %store/vec4 v0000025004e5ce20_0, 0, 4;
    %jmp T_43.17;
T_43.17 ;
    %pop/vec4 1;
    %jmp T_43;
    .thread T_43, $push;
    .scope S_0000025004e55a30;
T_44 ;
    %wait E_0000025004d2a290;
    %load/vec4 v0000025004e5c240_0;
    %dup/vec4;
    %pushi/vec4 0, 0, 4;
    %cmp/u;
    %jmp/1 T_44.0, 6;
    %dup/vec4;
    %pushi/vec4 1, 0, 4;
    %cmp/u;
    %jmp/1 T_44.1, 6;
    %dup/vec4;
    %pushi/vec4 2, 0, 4;
    %cmp/u;
    %jmp/1 T_44.2, 6;
    %dup/vec4;
    %pushi/vec4 3, 0, 4;
    %cmp/u;
    %jmp/1 T_44.3, 6;
    %dup/vec4;
    %pushi/vec4 4, 0, 4;
    %cmp/u;
    %jmp/1 T_44.4, 6;
    %dup/vec4;
    %pushi/vec4 5, 0, 4;
    %cmp/u;
    %jmp/1 T_44.5, 6;
    %dup/vec4;
    %pushi/vec4 6, 0, 4;
    %cmp/u;
    %jmp/1 T_44.6, 6;
    %dup/vec4;
    %pushi/vec4 7, 0, 4;
    %cmp/u;
    %jmp/1 T_44.7, 6;
    %dup/vec4;
    %pushi/vec4 8, 0, 4;
    %cmp/u;
    %jmp/1 T_44.8, 6;
    %dup/vec4;
    %pushi/vec4 9, 0, 4;
    %cmp/u;
    %jmp/1 T_44.9, 6;
    %dup/vec4;
    %pushi/vec4 10, 0, 4;
    %cmp/u;
    %jmp/1 T_44.10, 6;
    %dup/vec4;
    %pushi/vec4 11, 0, 4;
    %cmp/u;
    %jmp/1 T_44.11, 6;
    %dup/vec4;
    %pushi/vec4 12, 0, 4;
    %cmp/u;
    %jmp/1 T_44.12, 6;
    %dup/vec4;
    %pushi/vec4 13, 0, 4;
    %cmp/u;
    %jmp/1 T_44.13, 6;
    %dup/vec4;
    %pushi/vec4 14, 0, 4;
    %cmp/u;
    %jmp/1 T_44.14, 6;
    %dup/vec4;
    %pushi/vec4 15, 0, 4;
    %cmp/u;
    %jmp/1 T_44.15, 6;
    %pushi/vec4 0, 0, 4;
    %store/vec4 v0000025004e5c2e0_0, 0, 4;
    %jmp T_44.17;
T_44.0 ;
    %load/vec4 v0000025004e5b520_0;
    %store/vec4 v0000025004e5c2e0_0, 0, 4;
    %jmp T_44.17;
T_44.1 ;
    %load/vec4 v0000025004e5c420_0;
    %store/vec4 v0000025004e5c2e0_0, 0, 4;
    %jmp T_44.17;
T_44.2 ;
    %load/vec4 v0000025004e5b8e0_0;
    %store/vec4 v0000025004e5c2e0_0, 0, 4;
    %jmp T_44.17;
T_44.3 ;
    %load/vec4 v0000025004e5ca60_0;
    %store/vec4 v0000025004e5c2e0_0, 0, 4;
    %jmp T_44.17;
T_44.4 ;
    %load/vec4 v0000025004e5ba20_0;
    %store/vec4 v0000025004e5c2e0_0, 0, 4;
    %jmp T_44.17;
T_44.5 ;
    %load/vec4 v0000025004e5c100_0;
    %store/vec4 v0000025004e5c2e0_0, 0, 4;
    %jmp T_44.17;
T_44.6 ;
    %load/vec4 v0000025004e5bb60_0;
    %store/vec4 v0000025004e5c2e0_0, 0, 4;
    %jmp T_44.17;
T_44.7 ;
    %load/vec4 v0000025004e5bc00_0;
    %store/vec4 v0000025004e5c2e0_0, 0, 4;
    %jmp T_44.17;
T_44.8 ;
    %load/vec4 v0000025004e5bca0_0;
    %store/vec4 v0000025004e5c2e0_0, 0, 4;
    %jmp T_44.17;
T_44.9 ;
    %load/vec4 v0000025004e5bde0_0;
    %store/vec4 v0000025004e5c2e0_0, 0, 4;
    %jmp T_44.17;
T_44.10 ;
    %load/vec4 v0000025004e5cd80_0;
    %store/vec4 v0000025004e5c2e0_0, 0, 4;
    %jmp T_44.17;
T_44.11 ;
    %load/vec4 v0000025004e5b7a0_0;
    %store/vec4 v0000025004e5c2e0_0, 0, 4;
    %jmp T_44.17;
T_44.12 ;
    %load/vec4 v0000025004e5b840_0;
    %store/vec4 v0000025004e5c2e0_0, 0, 4;
    %jmp T_44.17;
T_44.13 ;
    %load/vec4 v0000025004e5c4c0_0;
    %store/vec4 v0000025004e5c2e0_0, 0, 4;
    %jmp T_44.17;
T_44.14 ;
    %load/vec4 v0000025004e5af80_0;
    %store/vec4 v0000025004e5c2e0_0, 0, 4;
    %jmp T_44.17;
T_44.15 ;
    %load/vec4 v0000025004e5b660_0;
    %store/vec4 v0000025004e5c2e0_0, 0, 4;
    %jmp T_44.17;
T_44.17 ;
    %pop/vec4 1;
    %jmp T_44;
    .thread T_44, $push;
    .scope S_0000025004cdd870;
T_45 ;
    %wait E_0000025004d29c10;
    %load/vec4 v0000025004e51880_0;
    %pad/u 32;
    %cmpi/e 1, 0, 32;
    %jmp/0xz  T_45.0, 4;
    %load/vec4 v0000025004d201c0_0;
    %load/vec4 v0000025004d20300_0;
    %inv;
    %addi 1, 0, 5;
    %add;
    %store/vec4 v0000025004e50f20_0, 0, 5;
    %jmp T_45.1;
T_45.0 ;
    %load/vec4 v0000025004d201c0_0;
    %load/vec4 v0000025004d20300_0;
    %add;
    %store/vec4 v0000025004e50f20_0, 0, 5;
T_45.1 ;
    %jmp T_45;
    .thread T_45, $push;
    .scope S_0000025004cdda00;
T_46 ;
    %wait E_0000025004d29590;
    %load/vec4 v0000025004e52140_0;
    %pad/u 32;
    %cmpi/e 1, 0, 32;
    %jmp/0xz  T_46.0, 4;
    %load/vec4 v0000025004e51740_0;
    %load/vec4 v0000025004e51b00_0;
    %inv;
    %addi 1, 0, 5;
    %add;
    %store/vec4 v0000025004e51920_0, 0, 5;
    %jmp T_46.1;
T_46.0 ;
    %load/vec4 v0000025004e51740_0;
    %load/vec4 v0000025004e51b00_0;
    %add;
    %store/vec4 v0000025004e51920_0, 0, 5;
T_46.1 ;
    %jmp T_46;
    .thread T_46, $push;
    .scope S_0000025004e52bc0;
T_47 ;
    %wait E_0000025004d29fd0;
    %load/vec4 v0000025004e52640_0;
    %pad/u 32;
    %cmpi/e 1, 0, 32;
    %jmp/0xz  T_47.0, 4;
    %load/vec4 v0000025004e519c0_0;
    %load/vec4 v0000025004e51ba0_0;
    %inv;
    %addi 1, 0, 5;
    %add;
    %store/vec4 v0000025004e51c40_0, 0, 5;
    %jmp T_47.1;
T_47.0 ;
    %load/vec4 v0000025004e519c0_0;
    %load/vec4 v0000025004e51ba0_0;
    %add;
    %store/vec4 v0000025004e51c40_0, 0, 5;
T_47.1 ;
    %jmp T_47;
    .thread T_47, $push;
    .scope S_0000025004e52d50;
T_48 ;
    %wait E_0000025004d29b50;
    %load/vec4 v0000025004e51560_0;
    %pad/u 32;
    %cmpi/e 1, 0, 32;
    %jmp/0xz  T_48.0, 4;
    %load/vec4 v0000025004e51e20_0;
    %load/vec4 v0000025004e51060_0;
    %inv;
    %addi 1, 0, 5;
    %add;
    %store/vec4 v0000025004e52780_0, 0, 5;
    %jmp T_48.1;
T_48.0 ;
    %load/vec4 v0000025004e51e20_0;
    %load/vec4 v0000025004e51060_0;
    %add;
    %store/vec4 v0000025004e52780_0, 0, 5;
T_48.1 ;
    %jmp T_48;
    .thread T_48, $push;
    .scope S_0000025004cdb090;
T_49 ;
    %wait E_0000025004d29a50;
    %load/vec4 v0000025004e52280_0;
    %pad/u 32;
    %cmpi/e 1, 0, 32;
    %jmp/0xz  T_49.0, 4;
    %load/vec4 v0000025004e51100_0;
    %load/vec4 v0000025004e521e0_0;
    %inv;
    %addi 1, 0, 6;
    %add;
    %store/vec4 v0000025004e526e0_0, 0, 6;
    %jmp T_49.1;
T_49.0 ;
    %load/vec4 v0000025004e51100_0;
    %load/vec4 v0000025004e521e0_0;
    %add;
    %store/vec4 v0000025004e526e0_0, 0, 6;
T_49.1 ;
    %jmp T_49;
    .thread T_49, $push;
    .scope S_0000025004cdb220;
T_50 ;
    %wait E_0000025004d29c90;
    %load/vec4 v0000025004e525a0_0;
    %pad/u 32;
    %cmpi/e 1, 0, 32;
    %jmp/0xz  T_50.0, 4;
    %load/vec4 v0000025004e51f60_0;
    %load/vec4 v0000025004e52000_0;
    %inv;
    %addi 1, 0, 6;
    %add;
    %store/vec4 v0000025004e52960_0, 0, 6;
    %jmp T_50.1;
T_50.0 ;
    %load/vec4 v0000025004e51f60_0;
    %load/vec4 v0000025004e52000_0;
    %add;
    %store/vec4 v0000025004e52960_0, 0, 6;
T_50.1 ;
    %jmp T_50;
    .thread T_50, $push;
    .scope S_0000025004dc64d0;
T_51 ;
    %wait E_0000025004d29cd0;
    %load/vec4 v0000025004e51600_0;
    %pad/u 32;
    %cmpi/e 1, 0, 32;
    %jmp/0xz  T_51.0, 4;
    %load/vec4 v0000025004e512e0_0;
    %load/vec4 v0000025004e52460_0;
    %inv;
    %addi 1, 0, 7;
    %add;
    %store/vec4 v0000025004e52320_0, 0, 7;
    %jmp T_51.1;
T_51.0 ;
    %load/vec4 v0000025004e512e0_0;
    %load/vec4 v0000025004e52460_0;
    %add;
    %store/vec4 v0000025004e52320_0, 0, 7;
T_51.1 ;
    %jmp T_51;
    .thread T_51, $push;
    .scope S_0000025004cd2b20;
T_52 ;
    %wait E_0000025004d298d0;
    %vpi_call 3 31 "$monitor", "%t | r0=%d r1=%d r2=%d r3=%d r4=%d r5=%d r6=%d r7=%d | x0=%d x1=%d x2=%d x3=%d | y0=%d y1=%d | z=%d | final_sum=%d | valid=%b", $time, v0000025004e73750_0, v0000025004e73570_0, v0000025004e72530_0, v0000025004e727b0_0, v0000025004e731b0_0, v0000025004e71a90_0, v0000025004e71b30_0, v0000025004e72030_0, v0000025004e713b0_0, v0000025004e73610_0, v0000025004e71ef0_0, v0000025004e72850_0, v0000025004e732f0_0, v0000025004e71c70_0, v0000025004e70ff0_0, v0000025004e72210_0, v0000025004e71090_0 {0 0 0};
    %jmp T_52;
    .thread T_52;
# The file index is used to find the file name in the following table.
:file_names 8;
    "N/A";
    "<interactive>";
    "kka_3_datapath.v";
    "kka_3_testbench.v";
    "kka_3_clock.v";
    "kka_3_tes.v";
    "kka_3_top.v";
    "kka_3_controller.v";
