#! /c/Source/iverilog-install/bin/vvp
:ivl_version "12.0 (devel)" "(s20150603-1539-g2693dd32b)";
:ivl_delay_selection "TYPICAL";
:vpi_time_precision - 12;
:vpi_module "C:\iverilog\lib\ivl\system.vpi";
:vpi_module "C:\iverilog\lib\ivl\vhdl_sys.vpi";
:vpi_module "C:\iverilog\lib\ivl\vhdl_textio.vpi";
:vpi_module "C:\iverilog\lib\ivl\v2005_math.vpi";
:vpi_module "C:\iverilog\lib\ivl\va_math.vpi";
S_000001f0feed4eb0 .scope module, "MIN_MAX_ALGORITHM_TB" "MIN_MAX_ALGORITHM_TB" 2 3;
 .timescale -9 -12;
v000001f0ff0f3780_0 .var "ai", 3 0;
v000001f0ff0f3960_0 .net "ao", 3 0, L_000001f0ff1275a0;  1 drivers
v000001f0ff0e63a0_0 .var "clk", 0 0;
v000001f0ff0e54a0_0 .var "di", 4 0;
v000001f0ff0e4a00_0 .net "do", 4 0, L_000001f0ff128560;  1 drivers
v000001f0ff0e61c0_0 .var "s_vi", 0 0;
v000001f0ff0e46e0_0 .net "vo", 0 0, v000001f0ff0c06d0_0;  1 drivers
S_000001f0feed5040 .scope module, "uut" "MIN_MAX_ALGORITHM" 2 17, 3 3 0, S_000001f0feed4eb0;
 .timescale -9 -12;
    .port_info 0 /INPUT 1 "s_vi";
    .port_info 1 /INPUT 4 "ai";
    .port_info 2 /INPUT 5 "di";
    .port_info 3 /INPUT 1 "clk";
    .port_info 4 /OUTPUT 4 "ao";
    .port_info 5 /OUTPUT 5 "do";
    .port_info 6 /OUTPUT 1 "vo";
v000001f0ff0f0800_0 .net "MAR_IN", 3 0, L_000001f0ff1285d0;  1 drivers
v000001f0ff0f0620_0 .net "MDR_dtom", 4 0, L_000001f0ff1276f0;  1 drivers
v000001f0ff0f1160_0 .net "MDR_mtod", 4 0, v000001f0ff0ef5e0_0;  1 drivers
v000001f0ff0f0e40_0 .net "ai", 3 0, v000001f0ff0f3780_0;  1 drivers
v000001f0ff0f0c60_0 .net "ao", 3 0, L_000001f0ff1275a0;  alias, 1 drivers
v000001f0ff0f17a0_0 .net "clk", 0 0, v000001f0ff0e63a0_0;  1 drivers
v000001f0ff0f06c0_0 .net "di", 4 0, v000001f0ff0e54a0_0;  1 drivers
v000001f0ff0f2560_0 .net "do", 4 0, L_000001f0ff128560;  alias, 1 drivers
v000001f0ff0f2420_0 .net "read", 0 0, v000001f0ff027b80_0;  1 drivers
v000001f0ff0f1b60_0 .net "s_ceq", 0 0, L_000001f0ff1283a0;  1 drivers
v000001f0ff0f12a0_0 .net "s_ld_REG_CNT", 0 0, v000001f0ff0284e0_0;  1 drivers
v000001f0ff0f1020_0 .net "s_ld_REG_MAR", 0 0, v000001f0ff028d00_0;  1 drivers
v000001f0ff0f0760_0 .net "s_ld_REG_MAXA", 0 0, v000001f0ff0bec90_0;  1 drivers
v000001f0ff0f1c00_0 .net "s_ld_REG_MAXV", 0 0, v000001f0ff0bf5f0_0;  1 drivers
v000001f0ff0f2600_0 .net "s_ld_REG_MDR", 0 0, v000001f0ff0be970_0;  1 drivers
v000001f0ff0f15c0_0 .net "s_ld_REG_MINA", 0 0, v000001f0ff0bea10_0;  1 drivers
v000001f0ff0f10c0_0 .net "s_ld_REG_MINV", 0 0, v000001f0ff0c0270_0;  1 drivers
v000001f0ff0f1200_0 .net "s_ld_REG_ONE", 0 0, v000001f0ff0c0a90_0;  1 drivers
v000001f0ff0f1fc0_0 .net "s_ld_REG_ceq", 0 0, v000001f0ff0bfaf0_0;  1 drivers
v000001f0ff0f1a20_0 .net "s_ld_REG_vd", 0 0, v000001f0ff0bfc30_0;  1 drivers
v000001f0ff0f08a0_0 .net "s_sel_MUX_ADDER", 0 0, v000001f0ff0c0090_0;  1 drivers
v000001f0ff0f1de0_0 .net "s_sel_MUX_COMP", 1 0, v000001f0ff0bf2d0_0;  1 drivers
v000001f0ff0f13e0_0 .net "s_sel_MUX_MAR", 1 0, v000001f0ff0bf410_0;  1 drivers
v000001f0ff0f1e80_0 .net "s_sel_MUX_MDR", 1 0, v000001f0ff0bed30_0;  1 drivers
v000001f0ff0f0bc0_0 .net "s_sel_MUX_REG_CNT", 0 0, v000001f0ff0c0450_0;  1 drivers
v000001f0ff0f2380_0 .net "s_sel_MUX_REG_MAXA", 0 0, v000001f0ff0c0810_0;  1 drivers
v000001f0ff0f0940_0 .net "s_sel_MUX_REG_MAXV", 0 0, v000001f0ff0c0b30_0;  1 drivers
v000001f0ff0f0b20_0 .net "s_sel_MUX_REG_MINA", 0 0, v000001f0ff0be790_0;  1 drivers
v000001f0ff0f0da0_0 .net "s_sel_MUX_REG_MINV", 0 0, v000001f0ff0bf870_0;  1 drivers
v000001f0ff0f29c0_0 .net "s_sel_MUX_ao", 0 0, v000001f0ff0bfb90_0;  1 drivers
v000001f0ff0f1660_0 .net "s_sel_MUX_do", 0 0, v000001f0ff0bf730_0;  1 drivers
v000001f0ff0f1700_0 .net "s_vd", 0 0, v000001f0ff0f1ca0_0;  1 drivers
v000001f0ff0f0f80_0 .net "s_vd2", 0 0, L_000001f0ff127610;  1 drivers
v000001f0ff0f1ac0_0 .net "s_vi", 0 0, v000001f0ff0e61c0_0;  1 drivers
v000001f0ff0f1f20_0 .net "test_REG_CNT", 3 0, L_000001f0ff126f10;  1 drivers
v000001f0ff0f2060_0 .net "test_REG_MAR", 3 0, L_000001f0ff127fb0;  1 drivers
v000001f0ff0f2100_0 .net "test_REG_MAXA", 3 0, L_000001f0ff127d80;  1 drivers
v000001f0ff0f24c0_0 .net "test_REG_MAXV", 4 0, L_000001f0ff126f80;  1 drivers
v000001f0ff0f26a0_0 .net "test_REG_MDR", 4 0, L_000001f0ff128640;  1 drivers
v000001f0ff0f27e0_0 .net "test_REG_MINA", 3 0, L_000001f0ff1277d0;  1 drivers
v000001f0ff0f2920_0 .net "test_REG_MINV", 4 0, L_000001f0ff1273e0;  1 drivers
v000001f0ff0f3820_0 .net "test_REG_ONE", 3 0, L_000001f0ff1289c0;  1 drivers
v000001f0ff0f3000_0 .net "test_REG_ceq", 0 0, L_000001f0ff126e30;  1 drivers
v000001f0ff0f2ec0_0 .net "test_REG_vd", 0 0, L_000001f0ff128410;  1 drivers
v000001f0ff0f3aa0_0 .net "test_current_state", 3 0, L_000001f0ff01b870;  1 drivers
v000001f0ff0f3a00_0 .net "test_memory_0", 5 0, L_000001f0ff1286b0;  1 drivers
v000001f0ff0f2f60_0 .net "test_memory_1", 5 0, L_000001f0ff127920;  1 drivers
v000001f0ff0f36e0_0 .net "test_memory_10", 5 0, L_000001f0ff128870;  1 drivers
v000001f0ff0f30a0_0 .net "test_memory_11", 5 0, L_000001f0ff128170;  1 drivers
v000001f0ff0f3b40_0 .net "test_memory_12", 5 0, L_000001f0ff127990;  1 drivers
v000001f0ff0f3be0_0 .net "test_memory_13", 5 0, L_000001f0ff128950;  1 drivers
v000001f0ff0f3140_0 .net "test_memory_14", 5 0, L_000001f0ff1270d0;  1 drivers
v000001f0ff0f3320_0 .net "test_memory_15", 5 0, L_000001f0ff127450;  1 drivers
v000001f0ff0f3c80_0 .net "test_memory_2", 5 0, L_000001f0ff127060;  1 drivers
v000001f0ff0f2e20_0 .net "test_memory_3", 5 0, L_000001f0ff128480;  1 drivers
v000001f0ff0f3460_0 .net "test_memory_4", 5 0, L_000001f0ff1274c0;  1 drivers
v000001f0ff0f38c0_0 .net "test_memory_5", 5 0, L_000001f0ff127220;  1 drivers
v000001f0ff0f33c0_0 .net "test_memory_6", 5 0, L_000001f0ff1288e0;  1 drivers
v000001f0ff0f31e0_0 .net "test_memory_7", 5 0, L_000001f0ff128790;  1 drivers
v000001f0ff0f3280_0 .net "test_memory_8", 5 0, L_000001f0ff126ff0;  1 drivers
v000001f0ff0f3500_0 .net "test_memory_9", 5 0, L_000001f0ff127840;  1 drivers
v000001f0ff0f35a0_0 .net "vo", 0 0, v000001f0ff0c06d0_0;  alias, 1 drivers
v000001f0ff0f3640_0 .net "write", 0 0, v000001f0ff0c0d10_0;  1 drivers
S_000001f0feef3b40 .scope module, "controller_module" "CONTROLLER" 3 75, 3 184 0, S_000001f0feed5040;
 .timescale -9 -12;
    .port_info 0 /INPUT 1 "s_vi";
    .port_info 1 /INPUT 1 "s_vd";
    .port_info 2 /INPUT 1 "s_ceq";
    .port_info 3 /INPUT 1 "clk";
    .port_info 4 /OUTPUT 1 "s_sel_MUX_REG_CNT";
    .port_info 5 /OUTPUT 1 "s_sel_MUX_REG_MAXA";
    .port_info 6 /OUTPUT 1 "s_sel_MUX_REG_MAXV";
    .port_info 7 /OUTPUT 1 "s_sel_MUX_REG_MINA";
    .port_info 8 /OUTPUT 1 "s_sel_MUX_REG_MINV";
    .port_info 9 /OUTPUT 2 "s_sel_MUX_MAR";
    .port_info 10 /OUTPUT 2 "s_sel_MUX_MDR";
    .port_info 11 /OUTPUT 1 "s_sel_MUX_ao";
    .port_info 12 /OUTPUT 1 "s_sel_MUX_do";
    .port_info 13 /OUTPUT 1 "s_ld_REG_CNT";
    .port_info 14 /OUTPUT 1 "s_ld_REG_MAXA";
    .port_info 15 /OUTPUT 1 "s_ld_REG_MAXV";
    .port_info 16 /OUTPUT 1 "s_ld_REG_MINA";
    .port_info 17 /OUTPUT 1 "s_ld_REG_MINV";
    .port_info 18 /OUTPUT 1 "s_ld_REG_MDR";
    .port_info 19 /OUTPUT 1 "s_ld_REG_MAR";
    .port_info 20 /OUTPUT 1 "s_ld_REG_ONE";
    .port_info 21 /OUTPUT 1 "s_ld_REG_ceq";
    .port_info 22 /OUTPUT 1 "s_ld_REG_vd";
    .port_info 23 /OUTPUT 1 "s_sel_MUX_ADDER";
    .port_info 24 /OUTPUT 2 "s_sel_MUX_COMP";
    .port_info 25 /OUTPUT 1 "vo";
    .port_info 26 /OUTPUT 1 "read";
    .port_info 27 /OUTPUT 1 "write";
    .port_info 28 /OUTPUT 4 "test_current_state";
L_000001f0ff01b870 .functor BUFZ 4, v000001f0ff027900_0, C4<0000>, C4<0000>, C4<0000>;
v000001f0ff027180_0 .net "clk", 0 0, v000001f0ff0e63a0_0;  alias, 1 drivers
v000001f0ff027900_0 .var "current_state", 3 0;
v000001f0ff0279a0_0 .var "next_state", 3 0;
v000001f0ff027ae0_0 .var "ovr", 0 0;
v000001f0ff027b80_0 .var "read", 0 0;
v000001f0ff027f40_0 .net "s_ceq", 0 0, L_000001f0ff1283a0;  alias, 1 drivers
v000001f0ff0284e0_0 .var "s_ld_REG_CNT", 0 0;
v000001f0ff028d00_0 .var "s_ld_REG_MAR", 0 0;
v000001f0ff0bec90_0 .var "s_ld_REG_MAXA", 0 0;
v000001f0ff0bf5f0_0 .var "s_ld_REG_MAXV", 0 0;
v000001f0ff0be970_0 .var "s_ld_REG_MDR", 0 0;
v000001f0ff0bea10_0 .var "s_ld_REG_MINA", 0 0;
v000001f0ff0c0270_0 .var "s_ld_REG_MINV", 0 0;
v000001f0ff0c0a90_0 .var "s_ld_REG_ONE", 0 0;
v000001f0ff0bfaf0_0 .var "s_ld_REG_ceq", 0 0;
v000001f0ff0bfc30_0 .var "s_ld_REG_vd", 0 0;
v000001f0ff0c0090_0 .var "s_sel_MUX_ADDER", 0 0;
v000001f0ff0bf2d0_0 .var "s_sel_MUX_COMP", 1 0;
v000001f0ff0bf410_0 .var "s_sel_MUX_MAR", 1 0;
v000001f0ff0bed30_0 .var "s_sel_MUX_MDR", 1 0;
v000001f0ff0c0450_0 .var "s_sel_MUX_REG_CNT", 0 0;
v000001f0ff0c0810_0 .var "s_sel_MUX_REG_MAXA", 0 0;
v000001f0ff0c0b30_0 .var "s_sel_MUX_REG_MAXV", 0 0;
v000001f0ff0be790_0 .var "s_sel_MUX_REG_MINA", 0 0;
v000001f0ff0bf870_0 .var "s_sel_MUX_REG_MINV", 0 0;
v000001f0ff0bfb90_0 .var "s_sel_MUX_ao", 0 0;
v000001f0ff0bf730_0 .var "s_sel_MUX_do", 0 0;
v000001f0ff0c0130_0 .net "s_vd", 0 0, L_000001f0ff127610;  alias, 1 drivers
v000001f0ff0befb0_0 .net "s_vi", 0 0, v000001f0ff0e61c0_0;  alias, 1 drivers
v000001f0ff0bf4b0_0 .net "test_current_state", 3 0, L_000001f0ff01b870;  alias, 1 drivers
v000001f0ff0c06d0_0 .var "vo", 0 0;
v000001f0ff0c0d10_0 .var "write", 0 0;
E_000001f0ff04bb00 .event anyedge, v000001f0ff027f40_0, v000001f0ff0c0130_0, v000001f0ff0befb0_0, v000001f0ff027900_0;
E_000001f0ff04b080 .event posedge, v000001f0ff027180_0;
S_000001f0feee0660 .scope module, "datapath_module" "DATAPATH" 3 108, 3 797 0, S_000001f0feed5040;
 .timescale -9 -12;
    .port_info 0 /OUTPUT 5 "do";
    .port_info 1 /OUTPUT 4 "ao";
    .port_info 2 /OUTPUT 1 "ceq";
    .port_info 3 /OUTPUT 1 "vd";
    .port_info 4 /OUTPUT 4 "MAR_OUT";
    .port_info 5 /OUTPUT 5 "MDR_OUT";
    .port_info 6 /INPUT 1 "s_sel_MUX_REG_CNT";
    .port_info 7 /INPUT 1 "s_sel_MUX_REG_MAXA";
    .port_info 8 /INPUT 1 "s_sel_MUX_REG_MAXV";
    .port_info 9 /INPUT 1 "s_sel_MUX_REG_MINA";
    .port_info 10 /INPUT 1 "s_sel_MUX_REG_MINV";
    .port_info 11 /INPUT 2 "s_sel_MUX_MAR";
    .port_info 12 /INPUT 2 "s_sel_MUX_MDR";
    .port_info 13 /INPUT 1 "s_sel_MUX_ao";
    .port_info 14 /INPUT 1 "s_sel_MUX_do";
    .port_info 15 /INPUT 1 "s_ld_REG_CNT";
    .port_info 16 /INPUT 1 "s_ld_REG_MAXA";
    .port_info 17 /INPUT 1 "s_ld_REG_MAXV";
    .port_info 18 /INPUT 1 "s_ld_REG_MINA";
    .port_info 19 /INPUT 1 "s_ld_REG_MINV";
    .port_info 20 /INPUT 1 "s_ld_REG_MDR";
    .port_info 21 /INPUT 1 "s_ld_REG_MAR";
    .port_info 22 /INPUT 1 "s_ld_REG_ONE";
    .port_info 23 /INPUT 1 "s_ld_REG_ceq";
    .port_info 24 /INPUT 1 "s_ld_REG_vd";
    .port_info 25 /INPUT 1 "s_sel_MUX_ADDER";
    .port_info 26 /INPUT 2 "s_sel_MUX_COMP";
    .port_info 27 /INPUT 1 "clk";
    .port_info 28 /INPUT 5 "di";
    .port_info 29 /INPUT 4 "ai";
    .port_info 30 /INPUT 5 "MDR_IN";
    .port_info 31 /INPUT 1 "s_vd";
    .port_info 32 /OUTPUT 4 "test_REG_CNT";
    .port_info 33 /OUTPUT 4 "test_REG_MAXA";
    .port_info 34 /OUTPUT 5 "test_REG_MAXV";
    .port_info 35 /OUTPUT 4 "test_REG_MINA";
    .port_info 36 /OUTPUT 5 "test_REG_MINV";
    .port_info 37 /OUTPUT 5 "test_REG_MDR";
    .port_info 38 /OUTPUT 4 "test_REG_MAR";
    .port_info 39 /OUTPUT 4 "test_REG_ONE";
    .port_info 40 /OUTPUT 1 "test_REG_ceq";
    .port_info 41 /OUTPUT 1 "test_REG_vd";
L_000001f0ff1275a0 .functor BUFZ 4, L_000001f0ff17c830, C4<0000>, C4<0000>, C4<0000>;
L_000001f0ff128560 .functor BUFZ 5, L_000001f0ff17e8b0, C4<00000>, C4<00000>, C4<00000>;
L_000001f0ff1283a0 .functor BUFZ 1, v000001f0ff0ece80_0, C4<0>, C4<0>, C4<0>;
L_000001f0ff127610 .functor BUFZ 1, v000001f0ff0ecf20_0, C4<0>, C4<0>, C4<0>;
L_000001f0ff1285d0 .functor BUFZ 4, v000001f0ff0ed060_0, C4<0000>, C4<0000>, C4<0000>;
L_000001f0ff1276f0 .functor BUFZ 5, v000001f0ff0ebc60_0, C4<00000>, C4<00000>, C4<00000>;
L_000001f0ff126f10 .functor BUFZ 4, v000001f0ff0ebbc0_0, C4<0000>, C4<0000>, C4<0000>;
L_000001f0ff127d80 .functor BUFZ 4, v000001f0ff0ed100_0, C4<0000>, C4<0000>, C4<0000>;
L_000001f0ff126f80 .functor BUFZ 5, v000001f0ff0ed1a0_0, C4<00000>, C4<00000>, C4<00000>;
L_000001f0ff1277d0 .functor BUFZ 4, v000001f0ff0ecca0_0, C4<0000>, C4<0000>, C4<0000>;
L_000001f0ff1273e0 .functor BUFZ 5, v000001f0ff0eb940_0, C4<00000>, C4<00000>, C4<00000>;
L_000001f0ff128640 .functor BUFZ 5, v000001f0ff0ebc60_0, C4<00000>, C4<00000>, C4<00000>;
L_000001f0ff127fb0 .functor BUFZ 4, v000001f0ff0ed060_0, C4<0000>, C4<0000>, C4<0000>;
L_000001f0ff1289c0 .functor BUFZ 4, v000001f0ff0ecde0_0, C4<0000>, C4<0000>, C4<0000>;
L_000001f0ff126e30 .functor BUFZ 1, v000001f0ff0ece80_0, C4<0>, C4<0>, C4<0>;
L_000001f0ff128410 .functor BUFZ 1, v000001f0ff0ecf20_0, C4<0>, C4<0>, C4<0>;
v000001f0ff0eb8a0_0 .net "ADDER_OUT", 4 0, L_000001f0ff17d190;  1 drivers
v000001f0ff0ec520_0 .net "COMP_eq2_OUT", 0 0, L_000001f0ff11c850;  1 drivers
v000001f0ff0eb9e0_0 .net "COMP_eq_OUT", 0 0, L_000001f0ff11c9a0;  1 drivers
v000001f0ff0ec2a0_0 .net "COMP_g_OUT", 0 0, L_000001f0ff11bc10;  1 drivers
v000001f0ff0eba80_0 .net "MAR_OUT", 3 0, L_000001f0ff1285d0;  alias, 1 drivers
v000001f0ff0ec3e0_0 .net "MDR_IN", 4 0, v000001f0ff0ef5e0_0;  alias, 1 drivers
v000001f0ff0ec5c0_0 .net "MDR_OUT", 4 0, L_000001f0ff1276f0;  alias, 1 drivers
v000001f0ff0ec660_0 .net "MUX_1_COMP_OUT", 4 0, L_000001f0ff0ffe40;  1 drivers
v000001f0ff0ed2e0_0 .net "MUX_2_COMP_OUT", 4 0, L_000001f0ff102960;  1 drivers
v000001f0ff0ec700_0 .net "MUX_2_REG_MAXA_OUT", 3 0, L_000001f0ff10a200;  1 drivers
v000001f0ff0ed4c0_0 .net "MUX_2_REG_MAXV_OUT", 4 0, L_000001f0ff10ca00;  1 drivers
v000001f0ff0ed380_0 .net "MUX_2_REG_MINA_OUT", 3 0, L_000001f0ff10c0a0;  1 drivers
v000001f0ff0ed420_0 .net "MUX_2_REG_MINV_OUT", 4 0, L_000001f0ff10cdc0;  1 drivers
v000001f0ff0eed20_0 .net "MUX_ADDER_OUT", 3 0, L_000001f0ff10dcc0;  1 drivers
v000001f0ff0ee960_0 .net "MUX_MAR_OUT", 3 0, L_000001f0ff106e20;  1 drivers
v000001f0ff0edec0_0 .net "MUX_MDR_OUT", 4 0, L_000001f0ff10a980;  1 drivers
v000001f0ff0ee780_0 .net "MUX_REG_CNT_OUT", 3 0, L_000001f0ff0e5ea0;  1 drivers
v000001f0ff0efae0_0 .net "MUX_REG_MAXA_OUT", 3 0, L_000001f0ff0e4dc0;  1 drivers
v000001f0ff0f04e0_0 .net "MUX_REG_MAXV_OUT", 4 0, L_000001f0ff103fe0;  1 drivers
v000001f0ff0f01c0_0 .net "MUX_REG_MINA_OUT", 3 0, L_000001f0ff103cc0;  1 drivers
v000001f0ff0ede20_0 .net "MUX_REG_MINV_OUT", 4 0, L_000001f0ff103f40;  1 drivers
v000001f0ff0eea00_0 .net "MUX_ao_OUT", 3 0, L_000001f0ff17c830;  1 drivers
v000001f0ff0ee8c0_0 .net "MUX_do_OUT", 4 0, L_000001f0ff17e8b0;  1 drivers
v000001f0ff0efea0_0 .net "REG_CNT_OUT", 3 0, v000001f0ff0ebbc0_0;  1 drivers
v000001f0ff0efcc0_0 .net "REG_MAR_OUT", 3 0, v000001f0ff0ed060_0;  1 drivers
v000001f0ff0f0260_0 .net "REG_MAXA_OUT", 3 0, v000001f0ff0ed100_0;  1 drivers
v000001f0ff0eeaa0_0 .net "REG_MAXV_OUT", 4 0, v000001f0ff0ed1a0_0;  1 drivers
v000001f0ff0efb80_0 .net "REG_MDR_OUT", 4 0, v000001f0ff0ebc60_0;  1 drivers
v000001f0ff0ee140_0 .net "REG_MINA_OUT", 3 0, v000001f0ff0ecca0_0;  1 drivers
v000001f0ff0eeb40_0 .net "REG_MINV_OUT", 4 0, v000001f0ff0eb940_0;  1 drivers
v000001f0ff0ef900_0 .net "REG_ONE_OUT", 3 0, v000001f0ff0ecde0_0;  1 drivers
v000001f0ff0ee3c0_0 .net "REG_ceq_OUT", 0 0, v000001f0ff0ece80_0;  1 drivers
v000001f0ff0ee1e0_0 .net "REG_vd_OUT", 0 0, v000001f0ff0ecf20_0;  1 drivers
L_000001f0ff1302c8 .functor BUFT 1, C4<0001>, C4<0>, C4<0>, C4<0>;
v000001f0ff0efc20_0 .net/2u *"_ivl_20", 3 0, L_000001f0ff1302c8;  1 drivers
L_000001f0ff130478 .functor BUFT 1, C4<0>, C4<0>, C4<0>, C4<0>;
v000001f0ff0eebe0_0 .net *"_ivl_35", 0 0, L_000001f0ff130478;  1 drivers
v000001f0ff0eff40_0 .net "ai", 3 0, v000001f0ff0f3780_0;  alias, 1 drivers
v000001f0ff0ef9a0_0 .net "ao", 3 0, L_000001f0ff1275a0;  alias, 1 drivers
v000001f0ff0ee5a0_0 .net "ceq", 0 0, L_000001f0ff1283a0;  alias, 1 drivers
v000001f0ff0efa40_0 .net "clk", 0 0, v000001f0ff0e63a0_0;  alias, 1 drivers
v000001f0ff0ef720_0 .net "di", 4 0, v000001f0ff0e54a0_0;  alias, 1 drivers
v000001f0ff0f0300_0 .net "do", 4 0, L_000001f0ff128560;  alias, 1 drivers
v000001f0ff0ee0a0_0 .net "refinedmar", 3 0, L_000001f0ff109b20;  1 drivers
v000001f0ff0ef7c0_0 .net "s_ld_REG_CNT", 0 0, v000001f0ff0284e0_0;  alias, 1 drivers
v000001f0ff0ef860_0 .net "s_ld_REG_MAR", 0 0, v000001f0ff028d00_0;  alias, 1 drivers
v000001f0ff0edf60_0 .net "s_ld_REG_MAXA", 0 0, v000001f0ff0bec90_0;  alias, 1 drivers
v000001f0ff0f0440_0 .net "s_ld_REG_MAXV", 0 0, v000001f0ff0bf5f0_0;  alias, 1 drivers
v000001f0ff0ee280_0 .net "s_ld_REG_MDR", 0 0, v000001f0ff0be970_0;  alias, 1 drivers
v000001f0ff0efd60_0 .net "s_ld_REG_MINA", 0 0, v000001f0ff0bea10_0;  alias, 1 drivers
v000001f0ff0eedc0_0 .net "s_ld_REG_MINV", 0 0, v000001f0ff0c0270_0;  alias, 1 drivers
v000001f0ff0ef0e0_0 .net "s_ld_REG_ONE", 0 0, v000001f0ff0c0a90_0;  alias, 1 drivers
v000001f0ff0eec80_0 .net "s_ld_REG_ceq", 0 0, v000001f0ff0bfaf0_0;  alias, 1 drivers
v000001f0ff0efe00_0 .net "s_ld_REG_vd", 0 0, v000001f0ff0bfc30_0;  alias, 1 drivers
v000001f0ff0effe0_0 .net "s_sel_MUX_ADDER", 0 0, v000001f0ff0c0090_0;  alias, 1 drivers
v000001f0ff0f0080_0 .net "s_sel_MUX_COMP", 1 0, v000001f0ff0bf2d0_0;  alias, 1 drivers
v000001f0ff0f0120_0 .net "s_sel_MUX_MAR", 1 0, v000001f0ff0bf410_0;  alias, 1 drivers
v000001f0ff0ee820_0 .net "s_sel_MUX_MDR", 1 0, v000001f0ff0bed30_0;  alias, 1 drivers
v000001f0ff0f03a0_0 .net "s_sel_MUX_REG_CNT", 0 0, v000001f0ff0c0450_0;  alias, 1 drivers
v000001f0ff0ee460_0 .net "s_sel_MUX_REG_MAXA", 0 0, v000001f0ff0c0810_0;  alias, 1 drivers
v000001f0ff0ef540_0 .net "s_sel_MUX_REG_MAXV", 0 0, v000001f0ff0c0b30_0;  alias, 1 drivers
v000001f0ff0ee500_0 .net "s_sel_MUX_REG_MINA", 0 0, v000001f0ff0be790_0;  alias, 1 drivers
v000001f0ff0eee60_0 .net "s_sel_MUX_REG_MINV", 0 0, v000001f0ff0bf870_0;  alias, 1 drivers
v000001f0ff0f0580_0 .net "s_sel_MUX_ao", 0 0, v000001f0ff0bfb90_0;  alias, 1 drivers
v000001f0ff0ee000_0 .net "s_sel_MUX_do", 0 0, v000001f0ff0bf730_0;  alias, 1 drivers
v000001f0ff0ee320_0 .net "s_vd", 0 0, v000001f0ff0f1ca0_0;  alias, 1 drivers
v000001f0ff0eef00_0 .net "test_REG_CNT", 3 0, L_000001f0ff126f10;  alias, 1 drivers
v000001f0ff0ef220_0 .net "test_REG_MAR", 3 0, L_000001f0ff127fb0;  alias, 1 drivers
v000001f0ff0eefa0_0 .net "test_REG_MAXA", 3 0, L_000001f0ff127d80;  alias, 1 drivers
v000001f0ff0ef040_0 .net "test_REG_MAXV", 4 0, L_000001f0ff126f80;  alias, 1 drivers
v000001f0ff0ee640_0 .net "test_REG_MDR", 4 0, L_000001f0ff128640;  alias, 1 drivers
v000001f0ff0ef180_0 .net "test_REG_MINA", 3 0, L_000001f0ff1277d0;  alias, 1 drivers
v000001f0ff0ef360_0 .net "test_REG_MINV", 4 0, L_000001f0ff1273e0;  alias, 1 drivers
v000001f0ff0ef2c0_0 .net "test_REG_ONE", 3 0, L_000001f0ff1289c0;  alias, 1 drivers
v000001f0ff0ee6e0_0 .net "test_REG_ceq", 0 0, L_000001f0ff126e30;  alias, 1 drivers
v000001f0ff0ef400_0 .net "test_REG_vd", 0 0, L_000001f0ff128410;  alias, 1 drivers
v000001f0ff0ef4a0_0 .net "vd", 0 0, L_000001f0ff127610;  alias, 1 drivers
L_000001f0ff0e4aa0 .part L_000001f0ff17d190, 0, 4;
L_000001f0ff1071e0 .part L_000001f0ff17d190, 0, 4;
L_000001f0ff109b20 .arith/sub 4, v000001f0ff0ed060_0, L_000001f0ff1302c8;
L_000001f0ff17d190 .concat [ 4 1 0 0], L_000001f0ff17ba70, L_000001f0ff130478;
S_000001f0feedc860 .scope module, "ADDER" "adder_4bit" 3 926, 3 1203 0, S_000001f0feee0660;
 .timescale -9 -12;
    .port_info 0 /INPUT 4 "a";
    .port_info 1 /INPUT 4 "b";
    .port_info 2 /OUTPUT 4 "sum";
v000001f0ff0bfff0_0 .net "a", 3 0, L_000001f0ff10dcc0;  alias, 1 drivers
v000001f0ff0bebf0_0 .net "b", 3 0, v000001f0ff0ecde0_0;  alias, 1 drivers
v000001f0ff0bf0f0_0 .net "c1", 0 0, L_000001f0ff11b0b0;  1 drivers
v000001f0ff0c03b0_0 .net "c2", 0 0, L_000001f0ff11bb30;  1 drivers
v000001f0ff0bf230_0 .net "c3", 0 0, L_000001f0ff11be40;  1 drivers
v000001f0ff0bfa50_0 .net "sum", 3 0, L_000001f0ff17ba70;  1 drivers
L_000001f0ff17cab0 .part L_000001f0ff10dcc0, 0, 1;
L_000001f0ff17b610 .part v000001f0ff0ecde0_0, 0, 1;
L_000001f0ff17d5f0 .part L_000001f0ff10dcc0, 1, 1;
L_000001f0ff17c1f0 .part v000001f0ff0ecde0_0, 1, 1;
L_000001f0ff17ca10 .part L_000001f0ff10dcc0, 2, 1;
L_000001f0ff17c290 .part v000001f0ff0ecde0_0, 2, 1;
L_000001f0ff17cfb0 .part L_000001f0ff10dcc0, 3, 1;
L_000001f0ff17b6b0 .part v000001f0ff0ecde0_0, 3, 1;
L_000001f0ff17ba70 .concat8 [ 1 1 1 1], L_000001f0ff11b7b0, L_000001f0ff11b890, L_000001f0ff11c620, L_000001f0ff11b3c0;
S_000001f0feedc9f0 .scope module, "FA0" "full_adder" 3 1210, 3 1187 0, S_000001f0feedc860;
 .timescale -9 -12;
    .port_info 0 /INPUT 1 "a";
    .port_info 1 /INPUT 1 "b";
    .port_info 2 /INPUT 1 "cin";
    .port_info 3 /OUTPUT 1 "sum";
    .port_info 4 /OUTPUT 1 "cout";
L_000001f0ff11af60 .functor XOR 1, L_000001f0ff17cab0, L_000001f0ff17b610, C4<0>, C4<0>;
L_000001f0ff130430 .functor BUFT 1, C4<0>, C4<0>, C4<0>, C4<0>;
L_000001f0ff11b7b0 .functor XOR 1, L_000001f0ff11af60, L_000001f0ff130430, C4<0>, C4<0>;
L_000001f0ff11c230 .functor AND 1, L_000001f0ff11af60, L_000001f0ff130430, C4<1>, C4<1>;
L_000001f0ff11c2a0 .functor AND 1, L_000001f0ff17cab0, L_000001f0ff17b610, C4<1>, C4<1>;
L_000001f0ff11b0b0 .functor OR 1, L_000001f0ff11c230, L_000001f0ff11c2a0, C4<0>, C4<0>;
v000001f0ff0be650_0 .net "a", 0 0, L_000001f0ff17cab0;  1 drivers
v000001f0ff0bef10_0 .net "and1", 0 0, L_000001f0ff11c230;  1 drivers
v000001f0ff0bfcd0_0 .net "and2", 0 0, L_000001f0ff11c2a0;  1 drivers
v000001f0ff0c0310_0 .net "axb", 0 0, L_000001f0ff11af60;  1 drivers
v000001f0ff0beab0_0 .net "b", 0 0, L_000001f0ff17b610;  1 drivers
v000001f0ff0bf550_0 .net "cin", 0 0, L_000001f0ff130430;  1 drivers
v000001f0ff0be5b0_0 .net "cout", 0 0, L_000001f0ff11b0b0;  alias, 1 drivers
v000001f0ff0c0950_0 .net "sum", 0 0, L_000001f0ff11b7b0;  1 drivers
S_000001f0feed93c0 .scope module, "FA1" "full_adder" 3 1211, 3 1187 0, S_000001f0feedc860;
 .timescale -9 -12;
    .port_info 0 /INPUT 1 "a";
    .port_info 1 /INPUT 1 "b";
    .port_info 2 /INPUT 1 "cin";
    .port_info 3 /OUTPUT 1 "sum";
    .port_info 4 /OUTPUT 1 "cout";
L_000001f0ff11c8c0 .functor XOR 1, L_000001f0ff17d5f0, L_000001f0ff17c1f0, C4<0>, C4<0>;
L_000001f0ff11b890 .functor XOR 1, L_000001f0ff11c8c0, L_000001f0ff11b0b0, C4<0>, C4<0>;
L_000001f0ff11c310 .functor AND 1, L_000001f0ff11c8c0, L_000001f0ff11b0b0, C4<1>, C4<1>;
L_000001f0ff11c460 .functor AND 1, L_000001f0ff17d5f0, L_000001f0ff17c1f0, C4<1>, C4<1>;
L_000001f0ff11bb30 .functor OR 1, L_000001f0ff11c310, L_000001f0ff11c460, C4<0>, C4<0>;
v000001f0ff0c09f0_0 .net "a", 0 0, L_000001f0ff17d5f0;  1 drivers
v000001f0ff0bedd0_0 .net "and1", 0 0, L_000001f0ff11c310;  1 drivers
v000001f0ff0c0630_0 .net "and2", 0 0, L_000001f0ff11c460;  1 drivers
v000001f0ff0bf190_0 .net "axb", 0 0, L_000001f0ff11c8c0;  1 drivers
v000001f0ff0be6f0_0 .net "b", 0 0, L_000001f0ff17c1f0;  1 drivers
v000001f0ff0c04f0_0 .net "cin", 0 0, L_000001f0ff11b0b0;  alias, 1 drivers
v000001f0ff0c0bd0_0 .net "cout", 0 0, L_000001f0ff11bb30;  alias, 1 drivers
v000001f0ff0bfd70_0 .net "sum", 0 0, L_000001f0ff11b890;  1 drivers
S_000001f0feed9550 .scope module, "FA2" "full_adder" 3 1212, 3 1187 0, S_000001f0feedc860;
 .timescale -9 -12;
    .port_info 0 /INPUT 1 "a";
    .port_info 1 /INPUT 1 "b";
    .port_info 2 /INPUT 1 "cin";
    .port_info 3 /OUTPUT 1 "sum";
    .port_info 4 /OUTPUT 1 "cout";
L_000001f0ff11b900 .functor XOR 1, L_000001f0ff17ca10, L_000001f0ff17c290, C4<0>, C4<0>;
L_000001f0ff11c620 .functor XOR 1, L_000001f0ff11b900, L_000001f0ff11bb30, C4<0>, C4<0>;
L_000001f0ff11c700 .functor AND 1, L_000001f0ff11b900, L_000001f0ff11bb30, C4<1>, C4<1>;
L_000001f0ff11c380 .functor AND 1, L_000001f0ff17ca10, L_000001f0ff17c290, C4<1>, C4<1>;
L_000001f0ff11be40 .functor OR 1, L_000001f0ff11c700, L_000001f0ff11c380, C4<0>, C4<0>;
v000001f0ff0bee70_0 .net "a", 0 0, L_000001f0ff17ca10;  1 drivers
v000001f0ff0c0770_0 .net "and1", 0 0, L_000001f0ff11c700;  1 drivers
v000001f0ff0bfeb0_0 .net "and2", 0 0, L_000001f0ff11c380;  1 drivers
v000001f0ff0c0c70_0 .net "axb", 0 0, L_000001f0ff11b900;  1 drivers
v000001f0ff0beb50_0 .net "b", 0 0, L_000001f0ff17c290;  1 drivers
v000001f0ff0be830_0 .net "cin", 0 0, L_000001f0ff11bb30;  alias, 1 drivers
v000001f0ff0bfe10_0 .net "cout", 0 0, L_000001f0ff11be40;  alias, 1 drivers
v000001f0ff0c0590_0 .net "sum", 0 0, L_000001f0ff11c620;  1 drivers
S_000001f0fef07520 .scope module, "FA3" "full_adder" 3 1213, 3 1187 0, S_000001f0feedc860;
 .timescale -9 -12;
    .port_info 0 /INPUT 1 "a";
    .port_info 1 /INPUT 1 "b";
    .port_info 2 /INPUT 1 "cin";
    .port_info 3 /OUTPUT 1 "sum";
    .port_info 4 /OUTPUT 1 "cout";
L_000001f0ff11c3f0 .functor XOR 1, L_000001f0ff17cfb0, L_000001f0ff17b6b0, C4<0>, C4<0>;
L_000001f0ff11b3c0 .functor XOR 1, L_000001f0ff11c3f0, L_000001f0ff11be40, C4<0>, C4<0>;
L_000001f0ff11c150 .functor AND 1, L_000001f0ff11c3f0, L_000001f0ff11be40, C4<1>, C4<1>;
L_000001f0ff11c070 .functor AND 1, L_000001f0ff17cfb0, L_000001f0ff17b6b0, C4<1>, C4<1>;
L_000001f0ff11b820 .functor OR 1, L_000001f0ff11c150, L_000001f0ff11c070, C4<0>, C4<0>;
v000001f0ff0bf910_0 .net "a", 0 0, L_000001f0ff17cfb0;  1 drivers
v000001f0ff0bff50_0 .net "and1", 0 0, L_000001f0ff11c150;  1 drivers
v000001f0ff0c01d0_0 .net "and2", 0 0, L_000001f0ff11c070;  1 drivers
v000001f0ff0bf690_0 .net "axb", 0 0, L_000001f0ff11c3f0;  1 drivers
v000001f0ff0bf050_0 .net "b", 0 0, L_000001f0ff17b6b0;  1 drivers
v000001f0ff0bf9b0_0 .net "cin", 0 0, L_000001f0ff11be40;  alias, 1 drivers
v000001f0ff0c08b0_0 .net "cout", 0 0, L_000001f0ff11b820;  1 drivers
v000001f0ff0be8d0_0 .net "sum", 0 0, L_000001f0ff11b3c0;  1 drivers
S_000001f0fef076b0 .scope module, "COMP" "comparator_5bit" 3 927, 3 1218 0, S_000001f0feee0660;
 .timescale -9 -12;
    .port_info 0 /INPUT 5 "a";
    .port_info 1 /INPUT 5 "b";
    .port_info 2 /OUTPUT 1 "ceq";
    .port_info 3 /OUTPUT 1 "cg";
L_000001f0ff11c000 .functor XNOR 1, L_000001f0ff17c330, L_000001f0ff17cb50, C4<0>, C4<0>;
L_000001f0ff11b510 .functor XNOR 1, L_000001f0ff17d870, L_000001f0ff17cc90, C4<0>, C4<0>;
L_000001f0ff11bd60 .functor XNOR 1, L_000001f0ff17cbf0, L_000001f0ff17bed0, C4<0>, C4<0>;
L_000001f0ff11b430 .functor XNOR 1, L_000001f0ff17d050, L_000001f0ff17bf70, C4<0>, C4<0>;
L_000001f0ff11c0e0 .functor XNOR 1, L_000001f0ff17d4b0, L_000001f0ff17cd30, C4<0>, C4<0>;
L_000001f0ff11b970/0/0 .functor AND 1, L_000001f0ff11c000, L_000001f0ff11b510, L_000001f0ff11bd60, L_000001f0ff11b430;
L_000001f0ff11b970/0/4 .functor AND 1, L_000001f0ff11c0e0, C4<1>, C4<1>, C4<1>;
L_000001f0ff11b970 .functor AND 1, L_000001f0ff11b970/0/0, L_000001f0ff11b970/0/4, C4<1>, C4<1>;
L_000001f0ff11c9a0 .functor BUFZ 1, L_000001f0ff11b970, C4<0>, C4<0>, C4<0>;
L_000001f0ff11b5f0 .functor NAND 1, L_000001f0ff17d9b0, L_000001f0ff17c010, C4<1>, C4<1>;
L_000001f0ff11bcf0 .functor NAND 1, L_000001f0ff17ce70, L_000001f0ff17be30, C4<1>, C4<1>;
L_000001f0ff11c4d0 .functor NAND 1, L_000001f0ff17bc50, L_000001f0ff17cdd0, C4<1>, C4<1>;
L_000001f0ff11beb0 .functor NAND 1, L_000001f0ff17cf10, L_000001f0ff17d0f0, C4<1>, C4<1>;
L_000001f0ff11b350 .functor NAND 1, L_000001f0ff17c0b0, L_000001f0ff17c3d0, C4<1>, C4<1>;
L_000001f0ff11b4a0 .functor AND 1, L_000001f0ff11c0e0, L_000001f0ff17d230, L_000001f0ff11bcf0, C4<1>;
L_000001f0ff11c770 .functor AND 1, L_000001f0ff11c0e0, L_000001f0ff11b430, L_000001f0ff17bd90, L_000001f0ff11c4d0;
L_000001f0ff11b9e0/0/0 .functor AND 1, L_000001f0ff11c0e0, L_000001f0ff11b430, L_000001f0ff11bd60, L_000001f0ff17d2d0;
L_000001f0ff11b9e0/0/4 .functor AND 1, L_000001f0ff11beb0, C4<1>, C4<1>, C4<1>;
L_000001f0ff11b9e0 .functor AND 1, L_000001f0ff11b9e0/0/0, L_000001f0ff11b9e0/0/4, C4<1>, C4<1>;
L_000001f0ff11aef0/0/0 .functor AND 1, L_000001f0ff11c0e0, L_000001f0ff11b430, L_000001f0ff11bd60, L_000001f0ff11b510;
L_000001f0ff11aef0/0/4 .functor AND 1, L_000001f0ff17d370, L_000001f0ff11b350, C4<1>, C4<1>;
L_000001f0ff11aef0 .functor AND 1, L_000001f0ff11aef0/0/0, L_000001f0ff11aef0/0/4, C4<1>, C4<1>;
L_000001f0ff11bc10/0/0 .functor OR 1, L_000001f0ff17d410, L_000001f0ff11b4a0, L_000001f0ff11c770, L_000001f0ff11b9e0;
L_000001f0ff11bc10/0/4 .functor OR 1, L_000001f0ff11aef0, C4<0>, C4<0>, C4<0>;
L_000001f0ff11bc10 .functor OR 1, L_000001f0ff11bc10/0/0, L_000001f0ff11bc10/0/4, C4<0>, C4<0>;
v000001f0ff0bf7d0_0 .net *"_ivl_12", 0 0, L_000001f0ff17cbf0;  1 drivers
v000001f0ff0bf370_0 .net *"_ivl_14", 0 0, L_000001f0ff17bed0;  1 drivers
v000001f0ff0c15d0_0 .net *"_ivl_17", 0 0, L_000001f0ff17d050;  1 drivers
v000001f0ff0c27f0_0 .net *"_ivl_19", 0 0, L_000001f0ff17bf70;  1 drivers
v000001f0ff0c1670_0 .net *"_ivl_2", 0 0, L_000001f0ff17c330;  1 drivers
v000001f0ff0c2930_0 .net *"_ivl_22", 0 0, L_000001f0ff17d4b0;  1 drivers
v000001f0ff0c2d90_0 .net *"_ivl_24", 0 0, L_000001f0ff17cd30;  1 drivers
v000001f0ff0c1490_0 .net *"_ivl_30", 0 0, L_000001f0ff17d9b0;  1 drivers
v000001f0ff0c2070_0 .net *"_ivl_32", 0 0, L_000001f0ff17c010;  1 drivers
v000001f0ff0c30b0_0 .net *"_ivl_35", 0 0, L_000001f0ff17ce70;  1 drivers
v000001f0ff0c22f0_0 .net *"_ivl_37", 0 0, L_000001f0ff17be30;  1 drivers
v000001f0ff0c2390_0 .net *"_ivl_4", 0 0, L_000001f0ff17cb50;  1 drivers
v000001f0ff0c1710_0 .net *"_ivl_40", 0 0, L_000001f0ff17bc50;  1 drivers
v000001f0ff0c3470_0 .net *"_ivl_42", 0 0, L_000001f0ff17cdd0;  1 drivers
v000001f0ff0c2610_0 .net *"_ivl_45", 0 0, L_000001f0ff17cf10;  1 drivers
v000001f0ff0c3330_0 .net *"_ivl_47", 0 0, L_000001f0ff17d0f0;  1 drivers
v000001f0ff0c1350_0 .net *"_ivl_50", 0 0, L_000001f0ff17c0b0;  1 drivers
v000001f0ff0c2ed0_0 .net *"_ivl_52", 0 0, L_000001f0ff17c3d0;  1 drivers
v000001f0ff0c24d0_0 .net *"_ivl_55", 0 0, L_000001f0ff17d230;  1 drivers
v000001f0ff0c33d0_0 .net *"_ivl_58", 0 0, L_000001f0ff17bd90;  1 drivers
v000001f0ff0c0db0_0 .net *"_ivl_61", 0 0, L_000001f0ff17d2d0;  1 drivers
v000001f0ff0c2c50_0 .net *"_ivl_64", 0 0, L_000001f0ff17d370;  1 drivers
v000001f0ff0c3150_0 .net *"_ivl_67", 0 0, L_000001f0ff17d410;  1 drivers
v000001f0ff0c17b0_0 .net *"_ivl_7", 0 0, L_000001f0ff17d870;  1 drivers
v000001f0ff0c0e50_0 .net *"_ivl_9", 0 0, L_000001f0ff17cc90;  1 drivers
v000001f0ff0c29d0_0 .net "a", 4 0, L_000001f0ff0ffe40;  alias, 1 drivers
v000001f0ff0c31f0_0 .net "b", 4 0, L_000001f0ff102960;  alias, 1 drivers
v000001f0ff0c3510_0 .net "ceq", 0 0, L_000001f0ff11c9a0;  alias, 1 drivers
v000001f0ff0c0ef0_0 .net "cg", 0 0, L_000001f0ff11bc10;  alias, 1 drivers
v000001f0ff0c1c10_0 .net "eq4_0", 0 0, L_000001f0ff11b970;  1 drivers
v000001f0ff0c12b0_0 .net "g0", 0 0, L_000001f0ff11aef0;  1 drivers
v000001f0ff0c2e30_0 .net "g1", 0 0, L_000001f0ff11b9e0;  1 drivers
v000001f0ff0c1fd0_0 .net "g2", 0 0, L_000001f0ff11c770;  1 drivers
v000001f0ff0c2110_0 .net "g3", 0 0, L_000001f0ff11b4a0;  1 drivers
v000001f0ff0c1530_0 .net "n_b0", 0 0, L_000001f0ff11b350;  1 drivers
v000001f0ff0c0f90_0 .net "n_b1", 0 0, L_000001f0ff11beb0;  1 drivers
v000001f0ff0c2a70_0 .net "n_b2", 0 0, L_000001f0ff11c4d0;  1 drivers
v000001f0ff0c1ad0_0 .net "n_b3", 0 0, L_000001f0ff11bcf0;  1 drivers
v000001f0ff0c2bb0_0 .net "n_b4", 0 0, L_000001f0ff11b5f0;  1 drivers
v000001f0ff0c1850_0 .net "x0", 0 0, L_000001f0ff11c000;  1 drivers
v000001f0ff0c18f0_0 .net "x1", 0 0, L_000001f0ff11b510;  1 drivers
v000001f0ff0c2750_0 .net "x2", 0 0, L_000001f0ff11bd60;  1 drivers
v000001f0ff0c21b0_0 .net "x3", 0 0, L_000001f0ff11b430;  1 drivers
v000001f0ff0c1030_0 .net "x4", 0 0, L_000001f0ff11c0e0;  1 drivers
L_000001f0ff17c330 .part L_000001f0ff0ffe40, 0, 1;
L_000001f0ff17cb50 .part L_000001f0ff102960, 0, 1;
L_000001f0ff17d870 .part L_000001f0ff0ffe40, 1, 1;
L_000001f0ff17cc90 .part L_000001f0ff102960, 1, 1;
L_000001f0ff17cbf0 .part L_000001f0ff0ffe40, 2, 1;
L_000001f0ff17bed0 .part L_000001f0ff102960, 2, 1;
L_000001f0ff17d050 .part L_000001f0ff0ffe40, 3, 1;
L_000001f0ff17bf70 .part L_000001f0ff102960, 3, 1;
L_000001f0ff17d4b0 .part L_000001f0ff0ffe40, 4, 1;
L_000001f0ff17cd30 .part L_000001f0ff102960, 4, 1;
L_000001f0ff17d9b0 .part L_000001f0ff102960, 4, 1;
L_000001f0ff17c010 .part L_000001f0ff102960, 4, 1;
L_000001f0ff17ce70 .part L_000001f0ff102960, 3, 1;
L_000001f0ff17be30 .part L_000001f0ff102960, 3, 1;
L_000001f0ff17bc50 .part L_000001f0ff102960, 2, 1;
L_000001f0ff17cdd0 .part L_000001f0ff102960, 2, 1;
L_000001f0ff17cf10 .part L_000001f0ff102960, 1, 1;
L_000001f0ff17d0f0 .part L_000001f0ff102960, 1, 1;
L_000001f0ff17c0b0 .part L_000001f0ff102960, 0, 1;
L_000001f0ff17c3d0 .part L_000001f0ff102960, 0, 1;
L_000001f0ff17d230 .part L_000001f0ff0ffe40, 3, 1;
L_000001f0ff17bd90 .part L_000001f0ff0ffe40, 2, 1;
L_000001f0ff17d2d0 .part L_000001f0ff0ffe40, 1, 1;
L_000001f0ff17d370 .part L_000001f0ff0ffe40, 0, 1;
L_000001f0ff17d410 .part L_000001f0ff0ffe40, 4, 1;
S_000001f0fef0abd0 .scope module, "COMP2" "comparator_4bit" 3 928, 3 1257 0, S_000001f0feee0660;
 .timescale -9 -12;
    .port_info 0 /INPUT 4 "a";
    .port_info 1 /INPUT 4 "b";
    .port_info 2 /OUTPUT 1 "ceq";
L_000001f0ff11ba50 .functor XNOR 1, L_000001f0ff17c470, L_000001f0ff17b430, C4<0>, C4<0>;
L_000001f0ff11bdd0 .functor XNOR 1, L_000001f0ff17d550, L_000001f0ff17d690, C4<0>, C4<0>;
L_000001f0ff11b660 .functor XNOR 1, L_000001f0ff17b890, L_000001f0ff17c510, C4<0>, C4<0>;
L_000001f0ff11b6d0 .functor XNOR 1, L_000001f0ff17c5b0, L_000001f0ff17c650, C4<0>, C4<0>;
L_000001f0ff11c850 .functor AND 1, L_000001f0ff11ba50, L_000001f0ff11bdd0, L_000001f0ff11b660, L_000001f0ff11b6d0;
v000001f0ff0c2890_0 .net *"_ivl_12", 0 0, L_000001f0ff17b890;  1 drivers
v000001f0ff0c1cb0_0 .net *"_ivl_14", 0 0, L_000001f0ff17c510;  1 drivers
v000001f0ff0c2250_0 .net *"_ivl_17", 0 0, L_000001f0ff17c5b0;  1 drivers
v000001f0ff0c10d0_0 .net *"_ivl_19", 0 0, L_000001f0ff17c650;  1 drivers
v000001f0ff0c1990_0 .net *"_ivl_2", 0 0, L_000001f0ff17c470;  1 drivers
v000001f0ff0c2430_0 .net *"_ivl_4", 0 0, L_000001f0ff17b430;  1 drivers
v000001f0ff0c1b70_0 .net *"_ivl_7", 0 0, L_000001f0ff17d550;  1 drivers
v000001f0ff0c13f0_0 .net *"_ivl_9", 0 0, L_000001f0ff17d690;  1 drivers
v000001f0ff0c1170_0 .net "a", 3 0, v000001f0ff0ed060_0;  alias, 1 drivers
L_000001f0ff1304c0 .functor BUFT 1, C4<0000>, C4<0>, C4<0>, C4<0>;
v000001f0ff0c2cf0_0 .net "b", 3 0, L_000001f0ff1304c0;  1 drivers
v000001f0ff0c2f70_0 .net "ceq", 0 0, L_000001f0ff11c850;  alias, 1 drivers
v000001f0ff0c3010_0 .net "x0", 0 0, L_000001f0ff11ba50;  1 drivers
v000001f0ff0c2570_0 .net "x1", 0 0, L_000001f0ff11bdd0;  1 drivers
v000001f0ff0c1a30_0 .net "x2", 0 0, L_000001f0ff11b660;  1 drivers
v000001f0ff0c26b0_0 .net "x3", 0 0, L_000001f0ff11b6d0;  1 drivers
L_000001f0ff17c470 .part v000001f0ff0ed060_0, 0, 1;
L_000001f0ff17b430 .part L_000001f0ff1304c0, 0, 1;
L_000001f0ff17d550 .part v000001f0ff0ed060_0, 1, 1;
L_000001f0ff17d690 .part L_000001f0ff1304c0, 1, 1;
L_000001f0ff17b890 .part v000001f0ff0ed060_0, 2, 1;
L_000001f0ff17c510 .part L_000001f0ff1304c0, 2, 1;
L_000001f0ff17c5b0 .part v000001f0ff0ed060_0, 3, 1;
L_000001f0ff17c650 .part L_000001f0ff1304c0, 3, 1;
S_000001f0fef0ce50 .scope module, "MUX_1_COMP" "mux4to1_5bit" 3 923, 3 1140 0, S_000001f0feee0660;
 .timescale -9 -12;
    .port_info 0 /INPUT 5 "A";
    .port_info 1 /INPUT 5 "B";
    .port_info 2 /INPUT 5 "C";
    .port_info 3 /INPUT 5 "D";
    .port_info 4 /INPUT 2 "sel";
    .port_info 5 /OUTPUT 5 "Y";
L_000001f0ff11ce70 .functor NOT 1, L_000001f0ff10e120, C4<0>, C4<0>, C4<0>;
L_000001f0ff11ca80 .functor NOT 1, L_000001f0ff10e940, C4<0>, C4<0>, C4<0>;
L_000001f0ff11cd20 .functor AND 1, L_000001f0ff0ff760, L_000001f0ff11ca80, L_000001f0ff11ce70, C4<1>;
L_000001f0ff11db20 .functor AND 1, L_000001f0ff100200, L_000001f0ff11ca80, L_000001f0ff11ce70, C4<1>;
L_000001f0ff11e5a0 .functor AND 1, L_000001f0ff0ff800, L_000001f0ff11ca80, L_000001f0ff11ce70, C4<1>;
L_000001f0ff11cf50 .functor AND 1, L_000001f0ff100ca0, L_000001f0ff11ca80, L_000001f0ff11ce70, C4<1>;
L_000001f0ff11ccb0 .functor AND 1, L_000001f0ff100700, L_000001f0ff11ca80, L_000001f0ff11ce70, C4<1>;
L_000001f0ff11e4c0 .functor AND 1, L_000001f0ff100d40, L_000001f0ff11ca80, L_000001f0ff0fef40, C4<1>;
L_000001f0ff11cfc0 .functor AND 1, L_000001f0ff100840, L_000001f0ff11ca80, L_000001f0ff0ff620, C4<1>;
L_000001f0ff11ce00 .functor AND 1, L_000001f0ff100ac0, L_000001f0ff11ca80, L_000001f0ff101240, C4<1>;
L_000001f0ff11cb60 .functor AND 1, L_000001f0ff0ff6c0, L_000001f0ff11ca80, L_000001f0ff1008e0, C4<1>;
L_000001f0ff11e140 .functor AND 1, L_000001f0ff0ff1c0, L_000001f0ff11ca80, L_000001f0ff101100, C4<1>;
L_000001f0ff11e060 .functor AND 1, L_000001f0ff0ff3a0, L_000001f0ff100a20, L_000001f0ff11ce70, C4<1>;
L_000001f0ff11dff0 .functor AND 1, L_000001f0ff100b60, L_000001f0ff0ffb20, L_000001f0ff11ce70, C4<1>;
L_000001f0ff11d110 .functor AND 1, L_000001f0ff0fff80, L_000001f0ff100c00, L_000001f0ff11ce70, C4<1>;
L_000001f0ff11e0d0 .functor AND 1, L_000001f0ff100de0, L_000001f0ff0ff260, L_000001f0ff11ce70, C4<1>;
L_000001f0ff11e1b0 .functor AND 1, L_000001f0ff0ff440, L_000001f0ff100fc0, L_000001f0ff11ce70, C4<1>;
L_000001f0ff11d180 .functor AND 1, L_000001f0ff100480, L_000001f0ff1011a0, L_000001f0ff1002a0, C4<1>;
L_000001f0ff11d570 .functor AND 1, L_000001f0ff0ff4e0, L_000001f0ff100e80, L_000001f0ff100660, C4<1>;
L_000001f0ff11e220 .functor AND 1, L_000001f0ff100520, L_000001f0ff0ffc60, L_000001f0ff0fefe0, C4<1>;
L_000001f0ff11dc70 .functor AND 1, L_000001f0ff0ff300, L_000001f0ff1007a0, L_000001f0ff0ffda0, C4<1>;
L_000001f0ff11e290 .functor AND 1, L_000001f0ff101060, L_000001f0ff0ff080, L_000001f0ff100160, C4<1>;
L_000001f0ff11d650 .functor OR 1, L_000001f0ff1012e0, L_000001f0ff1005c0, L_000001f0ff100980, L_000001f0ff0ffee0;
L_000001f0ff11d9d0 .functor OR 1, L_000001f0ff0ff9e0, L_000001f0ff100f20, L_000001f0ff101380, L_000001f0ff0fec20;
L_000001f0ff11cd90 .functor OR 1, L_000001f0ff0ffa80, L_000001f0ff0fecc0, L_000001f0ff0ffbc0, L_000001f0ff0ffd00;
L_000001f0ff11d2d0 .functor OR 1, L_000001f0ff0fed60, L_000001f0ff0fee00, L_000001f0ff0ff120, L_000001f0ff0feea0;
L_000001f0ff11d5e0 .functor OR 1, L_000001f0ff0ff580, L_000001f0ff100020, L_000001f0ff1000c0, L_000001f0ff1030e0;
L_000001f0ff130310 .functor BUFT 1, C4<00000>, C4<0>, C4<0>, C4<0>;
v000001f0ff0c2b10_0 .net "A", 4 0, L_000001f0ff130310;  1 drivers
v000001f0ff0c1d50_0 .net "B", 4 0, v000001f0ff0ed1a0_0;  alias, 1 drivers
v000001f0ff0c3290_0 .net "C", 4 0, v000001f0ff0eb940_0;  alias, 1 drivers
L_000001f0ff130358 .functor BUFT 1, C4<00000>, C4<0>, C4<0>, C4<0>;
v000001f0ff0c1210_0 .net "D", 4 0, L_000001f0ff130358;  1 drivers
v000001f0ff0c1df0_0 .net "Y", 4 0, L_000001f0ff0ffe40;  alias, 1 drivers
v000001f0ff0c1e90_0 .net *"_ivl_10", 0 0, L_000001f0ff0ff760;  1 drivers
v000001f0ff0c1f30_0 .net *"_ivl_101", 0 0, L_000001f0ff0ff440;  1 drivers
v000001f0ff0c3830_0 .net *"_ivl_103", 0 0, L_000001f0ff100fc0;  1 drivers
v000001f0ff0c3a10_0 .net *"_ivl_105", 0 0, L_000001f0ff11d180;  1 drivers
v000001f0ff0c36f0_0 .net *"_ivl_108", 0 0, L_000001f0ff100480;  1 drivers
v000001f0ff0c3b50_0 .net *"_ivl_110", 0 0, L_000001f0ff1011a0;  1 drivers
v000001f0ff0c3790_0 .net *"_ivl_112", 0 0, L_000001f0ff1002a0;  1 drivers
v000001f0ff0c3ab0_0 .net *"_ivl_114", 0 0, L_000001f0ff11d570;  1 drivers
v000001f0ff0c3650_0 .net *"_ivl_117", 0 0, L_000001f0ff0ff4e0;  1 drivers
v000001f0ff0c3bf0_0 .net *"_ivl_119", 0 0, L_000001f0ff100e80;  1 drivers
v000001f0ff0c3c90_0 .net *"_ivl_12", 0 0, L_000001f0ff11db20;  1 drivers
v000001f0ff0c35b0_0 .net *"_ivl_121", 0 0, L_000001f0ff100660;  1 drivers
v000001f0ff0c38d0_0 .net *"_ivl_123", 0 0, L_000001f0ff11e220;  1 drivers
v000001f0ff0c3970_0 .net *"_ivl_126", 0 0, L_000001f0ff100520;  1 drivers
v000001f0ff0be470_0 .net *"_ivl_128", 0 0, L_000001f0ff0ffc60;  1 drivers
v000001f0ff0bd570_0 .net *"_ivl_130", 0 0, L_000001f0ff0fefe0;  1 drivers
v000001f0ff0be510_0 .net *"_ivl_132", 0 0, L_000001f0ff11dc70;  1 drivers
v000001f0ff0bcfd0_0 .net *"_ivl_135", 0 0, L_000001f0ff0ff300;  1 drivers
v000001f0ff0bd4d0_0 .net *"_ivl_137", 0 0, L_000001f0ff1007a0;  1 drivers
v000001f0ff0bbef0_0 .net *"_ivl_139", 0 0, L_000001f0ff0ffda0;  1 drivers
v000001f0ff0bc5d0_0 .net *"_ivl_141", 0 0, L_000001f0ff11e290;  1 drivers
v000001f0ff0bcd50_0 .net *"_ivl_145", 0 0, L_000001f0ff101060;  1 drivers
v000001f0ff0bc530_0 .net *"_ivl_147", 0 0, L_000001f0ff0ff080;  1 drivers
v000001f0ff0bcc10_0 .net *"_ivl_149", 0 0, L_000001f0ff100160;  1 drivers
v000001f0ff0be330_0 .net *"_ivl_15", 0 0, L_000001f0ff100200;  1 drivers
v000001f0ff0bc670_0 .net *"_ivl_151", 0 0, L_000001f0ff11d650;  1 drivers
v000001f0ff0bd890_0 .net *"_ivl_154", 0 0, L_000001f0ff1012e0;  1 drivers
v000001f0ff0bd2f0_0 .net *"_ivl_156", 0 0, L_000001f0ff1005c0;  1 drivers
v000001f0ff0bcad0_0 .net *"_ivl_158", 0 0, L_000001f0ff100980;  1 drivers
v000001f0ff0bbdb0_0 .net *"_ivl_160", 0 0, L_000001f0ff0ffee0;  1 drivers
v000001f0ff0bbf90_0 .net *"_ivl_162", 0 0, L_000001f0ff11d9d0;  1 drivers
v000001f0ff0bc850_0 .net *"_ivl_165", 0 0, L_000001f0ff0ff9e0;  1 drivers
v000001f0ff0bd110_0 .net *"_ivl_167", 0 0, L_000001f0ff100f20;  1 drivers
v000001f0ff0bd070_0 .net *"_ivl_169", 0 0, L_000001f0ff101380;  1 drivers
v000001f0ff0bcb70_0 .net *"_ivl_17", 0 0, L_000001f0ff11e5a0;  1 drivers
v000001f0ff0bd9d0_0 .net *"_ivl_171", 0 0, L_000001f0ff0fec20;  1 drivers
v000001f0ff0be1f0_0 .net *"_ivl_173", 0 0, L_000001f0ff11cd90;  1 drivers
v000001f0ff0bbe50_0 .net *"_ivl_176", 0 0, L_000001f0ff0ffa80;  1 drivers
v000001f0ff0bdc50_0 .net *"_ivl_178", 0 0, L_000001f0ff0fecc0;  1 drivers
v000001f0ff0bd1b0_0 .net *"_ivl_180", 0 0, L_000001f0ff0ffbc0;  1 drivers
v000001f0ff0bc030_0 .net *"_ivl_182", 0 0, L_000001f0ff0ffd00;  1 drivers
v000001f0ff0bccb0_0 .net *"_ivl_184", 0 0, L_000001f0ff11d2d0;  1 drivers
v000001f0ff0bc8f0_0 .net *"_ivl_187", 0 0, L_000001f0ff0fed60;  1 drivers
v000001f0ff0bc0d0_0 .net *"_ivl_189", 0 0, L_000001f0ff0fee00;  1 drivers
v000001f0ff0bc710_0 .net *"_ivl_191", 0 0, L_000001f0ff0ff120;  1 drivers
v000001f0ff0bd390_0 .net *"_ivl_193", 0 0, L_000001f0ff0feea0;  1 drivers
v000001f0ff0bda70_0 .net *"_ivl_195", 0 0, L_000001f0ff11d5e0;  1 drivers
v000001f0ff0bc170_0 .net *"_ivl_199", 0 0, L_000001f0ff0ff580;  1 drivers
v000001f0ff0bc990_0 .net *"_ivl_2", 0 0, L_000001f0ff10e120;  1 drivers
v000001f0ff0be150_0 .net *"_ivl_20", 0 0, L_000001f0ff0ff800;  1 drivers
v000001f0ff0bd430_0 .net *"_ivl_201", 0 0, L_000001f0ff100020;  1 drivers
v000001f0ff0bc210_0 .net *"_ivl_203", 0 0, L_000001f0ff1000c0;  1 drivers
v000001f0ff0bc2b0_0 .net *"_ivl_205", 0 0, L_000001f0ff1030e0;  1 drivers
v000001f0ff0be290_0 .net *"_ivl_22", 0 0, L_000001f0ff11cf50;  1 drivers
v000001f0ff0bc7b0_0 .net *"_ivl_25", 0 0, L_000001f0ff100ca0;  1 drivers
v000001f0ff0bde30_0 .net *"_ivl_27", 0 0, L_000001f0ff11ccb0;  1 drivers
v000001f0ff0bca30_0 .net *"_ivl_31", 0 0, L_000001f0ff100700;  1 drivers
v000001f0ff0bd930_0 .net *"_ivl_33", 0 0, L_000001f0ff11e4c0;  1 drivers
v000001f0ff0bc350_0 .net *"_ivl_36", 0 0, L_000001f0ff100d40;  1 drivers
v000001f0ff0bd610_0 .net *"_ivl_38", 0 0, L_000001f0ff0fef40;  1 drivers
v000001f0ff0bded0_0 .net *"_ivl_40", 0 0, L_000001f0ff11cfc0;  1 drivers
v000001f0ff0bdb10_0 .net *"_ivl_43", 0 0, L_000001f0ff100840;  1 drivers
v000001f0ff0bc3f0_0 .net *"_ivl_45", 0 0, L_000001f0ff0ff620;  1 drivers
v000001f0ff0bc490_0 .net *"_ivl_47", 0 0, L_000001f0ff11ce00;  1 drivers
v000001f0ff0bdf70_0 .net *"_ivl_5", 0 0, L_000001f0ff10e940;  1 drivers
v000001f0ff0bd6b0_0 .net *"_ivl_50", 0 0, L_000001f0ff100ac0;  1 drivers
v000001f0ff0be3d0_0 .net *"_ivl_52", 0 0, L_000001f0ff101240;  1 drivers
v000001f0ff0bcdf0_0 .net *"_ivl_54", 0 0, L_000001f0ff11cb60;  1 drivers
v000001f0ff0bd750_0 .net *"_ivl_57", 0 0, L_000001f0ff0ff6c0;  1 drivers
v000001f0ff0bdcf0_0 .net *"_ivl_59", 0 0, L_000001f0ff1008e0;  1 drivers
v000001f0ff0bdd90_0 .net *"_ivl_61", 0 0, L_000001f0ff11e140;  1 drivers
v000001f0ff0bdbb0_0 .net *"_ivl_65", 0 0, L_000001f0ff0ff1c0;  1 drivers
v000001f0ff0bd7f0_0 .net *"_ivl_67", 0 0, L_000001f0ff101100;  1 drivers
v000001f0ff0be010_0 .net *"_ivl_69", 0 0, L_000001f0ff11e060;  1 drivers
v000001f0ff0be0b0_0 .net *"_ivl_7", 0 0, L_000001f0ff11cd20;  1 drivers
v000001f0ff0bce90_0 .net *"_ivl_72", 0 0, L_000001f0ff0ff3a0;  1 drivers
v000001f0ff0bcf30_0 .net *"_ivl_74", 0 0, L_000001f0ff100a20;  1 drivers
v000001f0ff0bd250_0 .net *"_ivl_76", 0 0, L_000001f0ff11dff0;  1 drivers
v000001f0ff0c49a0_0 .net *"_ivl_79", 0 0, L_000001f0ff100b60;  1 drivers
v000001f0ff0c4860_0 .net *"_ivl_81", 0 0, L_000001f0ff0ffb20;  1 drivers
v000001f0ff0c4cc0_0 .net *"_ivl_83", 0 0, L_000001f0ff11d110;  1 drivers
v000001f0ff0c5620_0 .net *"_ivl_86", 0 0, L_000001f0ff0fff80;  1 drivers
v000001f0ff0c3fa0_0 .net *"_ivl_88", 0 0, L_000001f0ff100c00;  1 drivers
v000001f0ff0c5760_0 .net *"_ivl_90", 0 0, L_000001f0ff11e0d0;  1 drivers
v000001f0ff0c5440_0 .net *"_ivl_93", 0 0, L_000001f0ff100de0;  1 drivers
v000001f0ff0c58a0_0 .net *"_ivl_95", 0 0, L_000001f0ff0ff260;  1 drivers
v000001f0ff0c4d60_0 .net *"_ivl_97", 0 0, L_000001f0ff11e1b0;  1 drivers
v000001f0ff0c63e0_0 .net "nA", 4 0, L_000001f0ff1003e0;  1 drivers
v000001f0ff0c4900_0 .net "nB", 4 0, L_000001f0ff0ff8a0;  1 drivers
v000001f0ff0c5300_0 .net "nC", 4 0, L_000001f0ff100340;  1 drivers
v000001f0ff0c4e00_0 .net "nD", 4 0, L_000001f0ff0ff940;  1 drivers
v000001f0ff0c5940_0 .net "ns0", 0 0, L_000001f0ff11ce70;  1 drivers
v000001f0ff0c6160_0 .net "ns1", 0 0, L_000001f0ff11ca80;  1 drivers
v000001f0ff0c4680_0 .net "sel", 1 0, v000001f0ff0bf2d0_0;  alias, 1 drivers
L_000001f0ff10e120 .part v000001f0ff0bf2d0_0, 0, 1;
L_000001f0ff10e940 .part v000001f0ff0bf2d0_0, 1, 1;
L_000001f0ff0ff760 .part L_000001f0ff130310, 0, 1;
L_000001f0ff100200 .part L_000001f0ff130310, 1, 1;
L_000001f0ff0ff800 .part L_000001f0ff130310, 2, 1;
L_000001f0ff100ca0 .part L_000001f0ff130310, 3, 1;
LS_000001f0ff1003e0_0_0 .concat8 [ 1 1 1 1], L_000001f0ff11cd20, L_000001f0ff11db20, L_000001f0ff11e5a0, L_000001f0ff11cf50;
LS_000001f0ff1003e0_0_4 .concat8 [ 1 0 0 0], L_000001f0ff11ccb0;
L_000001f0ff1003e0 .concat8 [ 4 1 0 0], LS_000001f0ff1003e0_0_0, LS_000001f0ff1003e0_0_4;
L_000001f0ff100700 .part L_000001f0ff130310, 4, 1;
L_000001f0ff100d40 .part v000001f0ff0ed1a0_0, 0, 1;
L_000001f0ff0fef40 .part v000001f0ff0bf2d0_0, 0, 1;
L_000001f0ff100840 .part v000001f0ff0ed1a0_0, 1, 1;
L_000001f0ff0ff620 .part v000001f0ff0bf2d0_0, 0, 1;
L_000001f0ff100ac0 .part v000001f0ff0ed1a0_0, 2, 1;
L_000001f0ff101240 .part v000001f0ff0bf2d0_0, 0, 1;
L_000001f0ff0ff6c0 .part v000001f0ff0ed1a0_0, 3, 1;
L_000001f0ff1008e0 .part v000001f0ff0bf2d0_0, 0, 1;
LS_000001f0ff0ff8a0_0_0 .concat8 [ 1 1 1 1], L_000001f0ff11e4c0, L_000001f0ff11cfc0, L_000001f0ff11ce00, L_000001f0ff11cb60;
LS_000001f0ff0ff8a0_0_4 .concat8 [ 1 0 0 0], L_000001f0ff11e140;
L_000001f0ff0ff8a0 .concat8 [ 4 1 0 0], LS_000001f0ff0ff8a0_0_0, LS_000001f0ff0ff8a0_0_4;
L_000001f0ff0ff1c0 .part v000001f0ff0ed1a0_0, 4, 1;
L_000001f0ff101100 .part v000001f0ff0bf2d0_0, 0, 1;
L_000001f0ff0ff3a0 .part v000001f0ff0eb940_0, 0, 1;
L_000001f0ff100a20 .part v000001f0ff0bf2d0_0, 1, 1;
L_000001f0ff100b60 .part v000001f0ff0eb940_0, 1, 1;
L_000001f0ff0ffb20 .part v000001f0ff0bf2d0_0, 1, 1;
L_000001f0ff0fff80 .part v000001f0ff0eb940_0, 2, 1;
L_000001f0ff100c00 .part v000001f0ff0bf2d0_0, 1, 1;
L_000001f0ff100de0 .part v000001f0ff0eb940_0, 3, 1;
L_000001f0ff0ff260 .part v000001f0ff0bf2d0_0, 1, 1;
LS_000001f0ff100340_0_0 .concat8 [ 1 1 1 1], L_000001f0ff11e060, L_000001f0ff11dff0, L_000001f0ff11d110, L_000001f0ff11e0d0;
LS_000001f0ff100340_0_4 .concat8 [ 1 0 0 0], L_000001f0ff11e1b0;
L_000001f0ff100340 .concat8 [ 4 1 0 0], LS_000001f0ff100340_0_0, LS_000001f0ff100340_0_4;
L_000001f0ff0ff440 .part v000001f0ff0eb940_0, 4, 1;
L_000001f0ff100fc0 .part v000001f0ff0bf2d0_0, 1, 1;
L_000001f0ff100480 .part L_000001f0ff130358, 0, 1;
L_000001f0ff1011a0 .part v000001f0ff0bf2d0_0, 1, 1;
L_000001f0ff1002a0 .part v000001f0ff0bf2d0_0, 0, 1;
L_000001f0ff0ff4e0 .part L_000001f0ff130358, 1, 1;
L_000001f0ff100e80 .part v000001f0ff0bf2d0_0, 1, 1;
L_000001f0ff100660 .part v000001f0ff0bf2d0_0, 0, 1;
L_000001f0ff100520 .part L_000001f0ff130358, 2, 1;
L_000001f0ff0ffc60 .part v000001f0ff0bf2d0_0, 1, 1;
L_000001f0ff0fefe0 .part v000001f0ff0bf2d0_0, 0, 1;
L_000001f0ff0ff300 .part L_000001f0ff130358, 3, 1;
L_000001f0ff1007a0 .part v000001f0ff0bf2d0_0, 1, 1;
L_000001f0ff0ffda0 .part v000001f0ff0bf2d0_0, 0, 1;
LS_000001f0ff0ff940_0_0 .concat8 [ 1 1 1 1], L_000001f0ff11d180, L_000001f0ff11d570, L_000001f0ff11e220, L_000001f0ff11dc70;
LS_000001f0ff0ff940_0_4 .concat8 [ 1 0 0 0], L_000001f0ff11e290;
L_000001f0ff0ff940 .concat8 [ 4 1 0 0], LS_000001f0ff0ff940_0_0, LS_000001f0ff0ff940_0_4;
L_000001f0ff101060 .part L_000001f0ff130358, 4, 1;
L_000001f0ff0ff080 .part v000001f0ff0bf2d0_0, 1, 1;
L_000001f0ff100160 .part v000001f0ff0bf2d0_0, 0, 1;
L_000001f0ff1012e0 .part L_000001f0ff1003e0, 0, 1;
L_000001f0ff1005c0 .part L_000001f0ff0ff8a0, 0, 1;
L_000001f0ff100980 .part L_000001f0ff100340, 0, 1;
L_000001f0ff0ffee0 .part L_000001f0ff0ff940, 0, 1;
L_000001f0ff0ff9e0 .part L_000001f0ff1003e0, 1, 1;
L_000001f0ff100f20 .part L_000001f0ff0ff8a0, 1, 1;
L_000001f0ff101380 .part L_000001f0ff100340, 1, 1;
L_000001f0ff0fec20 .part L_000001f0ff0ff940, 1, 1;
L_000001f0ff0ffa80 .part L_000001f0ff1003e0, 2, 1;
L_000001f0ff0fecc0 .part L_000001f0ff0ff8a0, 2, 1;
L_000001f0ff0ffbc0 .part L_000001f0ff100340, 2, 1;
L_000001f0ff0ffd00 .part L_000001f0ff0ff940, 2, 1;
L_000001f0ff0fed60 .part L_000001f0ff1003e0, 3, 1;
L_000001f0ff0fee00 .part L_000001f0ff0ff8a0, 3, 1;
L_000001f0ff0ff120 .part L_000001f0ff100340, 3, 1;
L_000001f0ff0feea0 .part L_000001f0ff0ff940, 3, 1;
LS_000001f0ff0ffe40_0_0 .concat8 [ 1 1 1 1], L_000001f0ff11d650, L_000001f0ff11d9d0, L_000001f0ff11cd90, L_000001f0ff11d2d0;
LS_000001f0ff0ffe40_0_4 .concat8 [ 1 0 0 0], L_000001f0ff11d5e0;
L_000001f0ff0ffe40 .concat8 [ 4 1 0 0], LS_000001f0ff0ffe40_0_0, LS_000001f0ff0ffe40_0_4;
L_000001f0ff0ff580 .part L_000001f0ff1003e0, 4, 1;
L_000001f0ff100020 .part L_000001f0ff0ff8a0, 4, 1;
L_000001f0ff1000c0 .part L_000001f0ff100340, 4, 1;
L_000001f0ff1030e0 .part L_000001f0ff0ff940, 4, 1;
S_000001f0fef0cfe0 .scope module, "MUX_2_COMP" "mux4to1_5bit" 3 924, 3 1140 0, S_000001f0feee0660;
 .timescale -9 -12;
    .port_info 0 /INPUT 5 "A";
    .port_info 1 /INPUT 5 "B";
    .port_info 2 /INPUT 5 "C";
    .port_info 3 /INPUT 5 "D";
    .port_info 4 /INPUT 2 "sel";
    .port_info 5 /OUTPUT 5 "Y";
L_000001f0ff11d730 .functor NOT 1, L_000001f0ff102f00, C4<0>, C4<0>, C4<0>;
L_000001f0ff11d810 .functor NOT 1, L_000001f0ff1014c0, C4<0>, C4<0>, C4<0>;
L_000001f0ff11d880 .functor AND 1, L_000001f0ff103040, L_000001f0ff11d810, L_000001f0ff11d730, C4<1>;
L_000001f0ff11d8f0 .functor AND 1, L_000001f0ff103860, L_000001f0ff11d810, L_000001f0ff11d730, C4<1>;
L_000001f0ff11d960 .functor AND 1, L_000001f0ff102fa0, L_000001f0ff11d810, L_000001f0ff11d730, C4<1>;
L_000001f0ff11eae0 .functor AND 1, L_000001f0ff101600, L_000001f0ff11d810, L_000001f0ff11d730, C4<1>;
L_000001f0ff11e990 .functor AND 1, L_000001f0ff102d20, L_000001f0ff11d810, L_000001f0ff11d730, C4<1>;
L_000001f0ff11eca0 .functor AND 1, L_000001f0ff102dc0, L_000001f0ff11d810, L_000001f0ff101560, C4<1>;
L_000001f0ff11ec30 .functor AND 1, L_000001f0ff101c40, L_000001f0ff11d810, L_000001f0ff101740, C4<1>;
L_000001f0ff11ea00 .functor AND 1, L_000001f0ff102140, L_000001f0ff11d810, L_000001f0ff102320, C4<1>;
L_000001f0ff11e6f0 .functor AND 1, L_000001f0ff1023c0, L_000001f0ff11d810, L_000001f0ff102a00, C4<1>;
L_000001f0ff11e760 .functor AND 1, L_000001f0ff102640, L_000001f0ff11d810, L_000001f0ff103180, C4<1>;
L_000001f0ff11ea70 .functor AND 1, L_000001f0ff1017e0, L_000001f0ff101ce0, L_000001f0ff11d730, C4<1>;
L_000001f0ff11ed10 .functor AND 1, L_000001f0ff1037c0, L_000001f0ff103220, L_000001f0ff11d730, C4<1>;
L_000001f0ff11eb50 .functor AND 1, L_000001f0ff102c80, L_000001f0ff102e60, L_000001f0ff11d730, C4<1>;
L_000001f0ff11ebc0 .functor AND 1, L_000001f0ff1032c0, L_000001f0ff1025a0, L_000001f0ff11d730, C4<1>;
L_000001f0ff11e610 .functor AND 1, L_000001f0ff103900, L_000001f0ff101880, L_000001f0ff11d730, C4<1>;
L_000001f0ff11e680 .functor AND 1, L_000001f0ff103360, L_000001f0ff103b80, L_000001f0ff103400, C4<1>;
L_000001f0ff11e7d0 .functor AND 1, L_000001f0ff102aa0, L_000001f0ff101f60, L_000001f0ff102280, C4<1>;
L_000001f0ff11e840 .functor AND 1, L_000001f0ff102460, L_000001f0ff1016a0, L_000001f0ff102500, C4<1>;
L_000001f0ff11e8b0 .functor AND 1, L_000001f0ff103540, L_000001f0ff101920, L_000001f0ff1035e0, C4<1>;
L_000001f0ff11e920 .functor AND 1, L_000001f0ff1026e0, L_000001f0ff101420, L_000001f0ff1039a0, C4<1>;
L_000001f0ff11b2e0 .functor OR 1, L_000001f0ff101a60, L_000001f0ff103a40, L_000001f0ff101d80, L_000001f0ff103720;
L_000001f0ff11c1c0 .functor OR 1, L_000001f0ff101b00, L_000001f0ff101ba0, L_000001f0ff101e20, L_000001f0ff103ae0;
L_000001f0ff11c7e0 .functor OR 1, L_000001f0ff101ec0, L_000001f0ff102be0, L_000001f0ff102780, L_000001f0ff102000;
L_000001f0ff11c930 .functor OR 1, L_000001f0ff1020a0, L_000001f0ff102820, L_000001f0ff102b40, L_000001f0ff1028c0;
L_000001f0ff11b580 .functor OR 1, L_000001f0ff17c8d0, L_000001f0ff17b4d0, L_000001f0ff17b570, L_000001f0ff17c970;
L_000001f0ff1303a0 .functor BUFT 1, C4<00000>, C4<0>, C4<0>, C4<0>;
v000001f0ff0c54e0_0 .net "A", 4 0, L_000001f0ff1303a0;  1 drivers
v000001f0ff0c4180_0 .net "B", 4 0, v000001f0ff0ebc60_0;  alias, 1 drivers
v000001f0ff0c5a80_0 .net "C", 4 0, v000001f0ff0ebc60_0;  alias, 1 drivers
L_000001f0ff1303e8 .functor BUFT 1, C4<00000>, C4<0>, C4<0>, C4<0>;
v000001f0ff0c53a0_0 .net "D", 4 0, L_000001f0ff1303e8;  1 drivers
v000001f0ff0c6340_0 .net "Y", 4 0, L_000001f0ff102960;  alias, 1 drivers
v000001f0ff0c4ae0_0 .net *"_ivl_10", 0 0, L_000001f0ff103040;  1 drivers
v000001f0ff0c4c20_0 .net *"_ivl_101", 0 0, L_000001f0ff103900;  1 drivers
v000001f0ff0c4540_0 .net *"_ivl_103", 0 0, L_000001f0ff101880;  1 drivers
v000001f0ff0c5c60_0 .net *"_ivl_105", 0 0, L_000001f0ff11e680;  1 drivers
v000001f0ff0c62a0_0 .net *"_ivl_108", 0 0, L_000001f0ff103360;  1 drivers
v000001f0ff0c6480_0 .net *"_ivl_110", 0 0, L_000001f0ff103b80;  1 drivers
v000001f0ff0c5580_0 .net *"_ivl_112", 0 0, L_000001f0ff103400;  1 drivers
v000001f0ff0c5b20_0 .net *"_ivl_114", 0 0, L_000001f0ff11e7d0;  1 drivers
v000001f0ff0c40e0_0 .net *"_ivl_117", 0 0, L_000001f0ff102aa0;  1 drivers
v000001f0ff0c6520_0 .net *"_ivl_119", 0 0, L_000001f0ff101f60;  1 drivers
v000001f0ff0c5d00_0 .net *"_ivl_12", 0 0, L_000001f0ff11d8f0;  1 drivers
v000001f0ff0c4220_0 .net *"_ivl_121", 0 0, L_000001f0ff102280;  1 drivers
v000001f0ff0c5e40_0 .net *"_ivl_123", 0 0, L_000001f0ff11e840;  1 drivers
v000001f0ff0c59e0_0 .net *"_ivl_126", 0 0, L_000001f0ff102460;  1 drivers
v000001f0ff0c3e60_0 .net *"_ivl_128", 0 0, L_000001f0ff1016a0;  1 drivers
v000001f0ff0c44a0_0 .net *"_ivl_130", 0 0, L_000001f0ff102500;  1 drivers
v000001f0ff0c5ee0_0 .net *"_ivl_132", 0 0, L_000001f0ff11e8b0;  1 drivers
v000001f0ff0c56c0_0 .net *"_ivl_135", 0 0, L_000001f0ff103540;  1 drivers
v000001f0ff0c6200_0 .net *"_ivl_137", 0 0, L_000001f0ff101920;  1 drivers
v000001f0ff0c4040_0 .net *"_ivl_139", 0 0, L_000001f0ff1035e0;  1 drivers
v000001f0ff0c5800_0 .net *"_ivl_141", 0 0, L_000001f0ff11e920;  1 drivers
v000001f0ff0c5da0_0 .net *"_ivl_145", 0 0, L_000001f0ff1026e0;  1 drivers
v000001f0ff0c5f80_0 .net *"_ivl_147", 0 0, L_000001f0ff101420;  1 drivers
v000001f0ff0c5bc0_0 .net *"_ivl_149", 0 0, L_000001f0ff1039a0;  1 drivers
v000001f0ff0c6020_0 .net *"_ivl_15", 0 0, L_000001f0ff103860;  1 drivers
v000001f0ff0c60c0_0 .net *"_ivl_151", 0 0, L_000001f0ff11b2e0;  1 drivers
v000001f0ff0c3dc0_0 .net *"_ivl_154", 0 0, L_000001f0ff101a60;  1 drivers
v000001f0ff0c4a40_0 .net *"_ivl_156", 0 0, L_000001f0ff103a40;  1 drivers
v000001f0ff0c3f00_0 .net *"_ivl_158", 0 0, L_000001f0ff101d80;  1 drivers
v000001f0ff0c4720_0 .net *"_ivl_160", 0 0, L_000001f0ff103720;  1 drivers
v000001f0ff0c4b80_0 .net *"_ivl_162", 0 0, L_000001f0ff11c1c0;  1 drivers
v000001f0ff0c45e0_0 .net *"_ivl_165", 0 0, L_000001f0ff101b00;  1 drivers
v000001f0ff0c42c0_0 .net *"_ivl_167", 0 0, L_000001f0ff101ba0;  1 drivers
v000001f0ff0c4360_0 .net *"_ivl_169", 0 0, L_000001f0ff101e20;  1 drivers
v000001f0ff0c4ea0_0 .net *"_ivl_17", 0 0, L_000001f0ff11d960;  1 drivers
v000001f0ff0c4400_0 .net *"_ivl_171", 0 0, L_000001f0ff103ae0;  1 drivers
v000001f0ff0c47c0_0 .net *"_ivl_173", 0 0, L_000001f0ff11c7e0;  1 drivers
v000001f0ff0c4f40_0 .net *"_ivl_176", 0 0, L_000001f0ff101ec0;  1 drivers
v000001f0ff0c4fe0_0 .net *"_ivl_178", 0 0, L_000001f0ff102be0;  1 drivers
v000001f0ff0c5080_0 .net *"_ivl_180", 0 0, L_000001f0ff102780;  1 drivers
v000001f0ff0c5120_0 .net *"_ivl_182", 0 0, L_000001f0ff102000;  1 drivers
v000001f0ff0c51c0_0 .net *"_ivl_184", 0 0, L_000001f0ff11c930;  1 drivers
v000001f0ff0c5260_0 .net *"_ivl_187", 0 0, L_000001f0ff1020a0;  1 drivers
v000001f0ff0c8460_0 .net *"_ivl_189", 0 0, L_000001f0ff102820;  1 drivers
v000001f0ff0c8960_0 .net *"_ivl_191", 0 0, L_000001f0ff102b40;  1 drivers
v000001f0ff0c6de0_0 .net *"_ivl_193", 0 0, L_000001f0ff1028c0;  1 drivers
v000001f0ff0c65c0_0 .net *"_ivl_195", 0 0, L_000001f0ff11b580;  1 drivers
v000001f0ff0c8140_0 .net *"_ivl_199", 0 0, L_000001f0ff17c8d0;  1 drivers
v000001f0ff0c8a00_0 .net *"_ivl_2", 0 0, L_000001f0ff102f00;  1 drivers
v000001f0ff0c8b40_0 .net *"_ivl_20", 0 0, L_000001f0ff102fa0;  1 drivers
v000001f0ff0c7600_0 .net *"_ivl_201", 0 0, L_000001f0ff17b4d0;  1 drivers
v000001f0ff0c6ac0_0 .net *"_ivl_203", 0 0, L_000001f0ff17b570;  1 drivers
v000001f0ff0c8280_0 .net *"_ivl_205", 0 0, L_000001f0ff17c970;  1 drivers
v000001f0ff0c77e0_0 .net *"_ivl_22", 0 0, L_000001f0ff11eae0;  1 drivers
v000001f0ff0c7c40_0 .net *"_ivl_25", 0 0, L_000001f0ff101600;  1 drivers
v000001f0ff0c81e0_0 .net *"_ivl_27", 0 0, L_000001f0ff11e990;  1 drivers
v000001f0ff0c72e0_0 .net *"_ivl_31", 0 0, L_000001f0ff102d20;  1 drivers
v000001f0ff0c6ca0_0 .net *"_ivl_33", 0 0, L_000001f0ff11eca0;  1 drivers
v000001f0ff0c8aa0_0 .net *"_ivl_36", 0 0, L_000001f0ff102dc0;  1 drivers
v000001f0ff0c7880_0 .net *"_ivl_38", 0 0, L_000001f0ff101560;  1 drivers
v000001f0ff0c8be0_0 .net *"_ivl_40", 0 0, L_000001f0ff11ec30;  1 drivers
v000001f0ff0c8c80_0 .net *"_ivl_43", 0 0, L_000001f0ff101c40;  1 drivers
v000001f0ff0c7b00_0 .net *"_ivl_45", 0 0, L_000001f0ff101740;  1 drivers
v000001f0ff0c6fc0_0 .net *"_ivl_47", 0 0, L_000001f0ff11ea00;  1 drivers
v000001f0ff0c7060_0 .net *"_ivl_5", 0 0, L_000001f0ff1014c0;  1 drivers
v000001f0ff0c8d20_0 .net *"_ivl_50", 0 0, L_000001f0ff102140;  1 drivers
v000001f0ff0c7920_0 .net *"_ivl_52", 0 0, L_000001f0ff102320;  1 drivers
v000001f0ff0c7ba0_0 .net *"_ivl_54", 0 0, L_000001f0ff11e6f0;  1 drivers
v000001f0ff0c79c0_0 .net *"_ivl_57", 0 0, L_000001f0ff1023c0;  1 drivers
v000001f0ff0c7ce0_0 .net *"_ivl_59", 0 0, L_000001f0ff102a00;  1 drivers
v000001f0ff0c7100_0 .net *"_ivl_61", 0 0, L_000001f0ff11e760;  1 drivers
v000001f0ff0c6e80_0 .net *"_ivl_65", 0 0, L_000001f0ff102640;  1 drivers
v000001f0ff0c8500_0 .net *"_ivl_67", 0 0, L_000001f0ff103180;  1 drivers
v000001f0ff0c7740_0 .net *"_ivl_69", 0 0, L_000001f0ff11ea70;  1 drivers
v000001f0ff0c85a0_0 .net *"_ivl_7", 0 0, L_000001f0ff11d880;  1 drivers
v000001f0ff0c83c0_0 .net *"_ivl_72", 0 0, L_000001f0ff1017e0;  1 drivers
v000001f0ff0c7d80_0 .net *"_ivl_74", 0 0, L_000001f0ff101ce0;  1 drivers
v000001f0ff0c71a0_0 .net *"_ivl_76", 0 0, L_000001f0ff11ed10;  1 drivers
v000001f0ff0c8640_0 .net *"_ivl_79", 0 0, L_000001f0ff1037c0;  1 drivers
v000001f0ff0c6b60_0 .net *"_ivl_81", 0 0, L_000001f0ff103220;  1 drivers
v000001f0ff0c7a60_0 .net *"_ivl_83", 0 0, L_000001f0ff11eb50;  1 drivers
v000001f0ff0c7e20_0 .net *"_ivl_86", 0 0, L_000001f0ff102c80;  1 drivers
v000001f0ff0c7240_0 .net *"_ivl_88", 0 0, L_000001f0ff102e60;  1 drivers
v000001f0ff0c6c00_0 .net *"_ivl_90", 0 0, L_000001f0ff11ebc0;  1 drivers
v000001f0ff0c6d40_0 .net *"_ivl_93", 0 0, L_000001f0ff1032c0;  1 drivers
v000001f0ff0c7420_0 .net *"_ivl_95", 0 0, L_000001f0ff1025a0;  1 drivers
v000001f0ff0c7380_0 .net *"_ivl_97", 0 0, L_000001f0ff11e610;  1 drivers
v000001f0ff0c6f20_0 .net "nA", 4 0, L_000001f0ff1034a0;  1 drivers
v000001f0ff0c74c0_0 .net "nB", 4 0, L_000001f0ff103680;  1 drivers
v000001f0ff0c7560_0 .net "nC", 4 0, L_000001f0ff1021e0;  1 drivers
v000001f0ff0c7ec0_0 .net "nD", 4 0, L_000001f0ff1019c0;  1 drivers
v000001f0ff0c76a0_0 .net "ns0", 0 0, L_000001f0ff11d730;  1 drivers
v000001f0ff0c7f60_0 .net "ns1", 0 0, L_000001f0ff11d810;  1 drivers
v000001f0ff0c8000_0 .net "sel", 1 0, v000001f0ff0bf2d0_0;  alias, 1 drivers
L_000001f0ff102f00 .part v000001f0ff0bf2d0_0, 0, 1;
L_000001f0ff1014c0 .part v000001f0ff0bf2d0_0, 1, 1;
L_000001f0ff103040 .part L_000001f0ff1303a0, 0, 1;
L_000001f0ff103860 .part L_000001f0ff1303a0, 1, 1;
L_000001f0ff102fa0 .part L_000001f0ff1303a0, 2, 1;
L_000001f0ff101600 .part L_000001f0ff1303a0, 3, 1;
LS_000001f0ff1034a0_0_0 .concat8 [ 1 1 1 1], L_000001f0ff11d880, L_000001f0ff11d8f0, L_000001f0ff11d960, L_000001f0ff11eae0;
LS_000001f0ff1034a0_0_4 .concat8 [ 1 0 0 0], L_000001f0ff11e990;
L_000001f0ff1034a0 .concat8 [ 4 1 0 0], LS_000001f0ff1034a0_0_0, LS_000001f0ff1034a0_0_4;
L_000001f0ff102d20 .part L_000001f0ff1303a0, 4, 1;
L_000001f0ff102dc0 .part v000001f0ff0ebc60_0, 0, 1;
L_000001f0ff101560 .part v000001f0ff0bf2d0_0, 0, 1;
L_000001f0ff101c40 .part v000001f0ff0ebc60_0, 1, 1;
L_000001f0ff101740 .part v000001f0ff0bf2d0_0, 0, 1;
L_000001f0ff102140 .part v000001f0ff0ebc60_0, 2, 1;
L_000001f0ff102320 .part v000001f0ff0bf2d0_0, 0, 1;
L_000001f0ff1023c0 .part v000001f0ff0ebc60_0, 3, 1;
L_000001f0ff102a00 .part v000001f0ff0bf2d0_0, 0, 1;
LS_000001f0ff103680_0_0 .concat8 [ 1 1 1 1], L_000001f0ff11eca0, L_000001f0ff11ec30, L_000001f0ff11ea00, L_000001f0ff11e6f0;
LS_000001f0ff103680_0_4 .concat8 [ 1 0 0 0], L_000001f0ff11e760;
L_000001f0ff103680 .concat8 [ 4 1 0 0], LS_000001f0ff103680_0_0, LS_000001f0ff103680_0_4;
L_000001f0ff102640 .part v000001f0ff0ebc60_0, 4, 1;
L_000001f0ff103180 .part v000001f0ff0bf2d0_0, 0, 1;
L_000001f0ff1017e0 .part v000001f0ff0ebc60_0, 0, 1;
L_000001f0ff101ce0 .part v000001f0ff0bf2d0_0, 1, 1;
L_000001f0ff1037c0 .part v000001f0ff0ebc60_0, 1, 1;
L_000001f0ff103220 .part v000001f0ff0bf2d0_0, 1, 1;
L_000001f0ff102c80 .part v000001f0ff0ebc60_0, 2, 1;
L_000001f0ff102e60 .part v000001f0ff0bf2d0_0, 1, 1;
L_000001f0ff1032c0 .part v000001f0ff0ebc60_0, 3, 1;
L_000001f0ff1025a0 .part v000001f0ff0bf2d0_0, 1, 1;
LS_000001f0ff1021e0_0_0 .concat8 [ 1 1 1 1], L_000001f0ff11ea70, L_000001f0ff11ed10, L_000001f0ff11eb50, L_000001f0ff11ebc0;
LS_000001f0ff1021e0_0_4 .concat8 [ 1 0 0 0], L_000001f0ff11e610;
L_000001f0ff1021e0 .concat8 [ 4 1 0 0], LS_000001f0ff1021e0_0_0, LS_000001f0ff1021e0_0_4;
L_000001f0ff103900 .part v000001f0ff0ebc60_0, 4, 1;
L_000001f0ff101880 .part v000001f0ff0bf2d0_0, 1, 1;
L_000001f0ff103360 .part L_000001f0ff1303e8, 0, 1;
L_000001f0ff103b80 .part v000001f0ff0bf2d0_0, 1, 1;
L_000001f0ff103400 .part v000001f0ff0bf2d0_0, 0, 1;
L_000001f0ff102aa0 .part L_000001f0ff1303e8, 1, 1;
L_000001f0ff101f60 .part v000001f0ff0bf2d0_0, 1, 1;
L_000001f0ff102280 .part v000001f0ff0bf2d0_0, 0, 1;
L_000001f0ff102460 .part L_000001f0ff1303e8, 2, 1;
L_000001f0ff1016a0 .part v000001f0ff0bf2d0_0, 1, 1;
L_000001f0ff102500 .part v000001f0ff0bf2d0_0, 0, 1;
L_000001f0ff103540 .part L_000001f0ff1303e8, 3, 1;
L_000001f0ff101920 .part v000001f0ff0bf2d0_0, 1, 1;
L_000001f0ff1035e0 .part v000001f0ff0bf2d0_0, 0, 1;
LS_000001f0ff1019c0_0_0 .concat8 [ 1 1 1 1], L_000001f0ff11e680, L_000001f0ff11e7d0, L_000001f0ff11e840, L_000001f0ff11e8b0;
LS_000001f0ff1019c0_0_4 .concat8 [ 1 0 0 0], L_000001f0ff11e920;
L_000001f0ff1019c0 .concat8 [ 4 1 0 0], LS_000001f0ff1019c0_0_0, LS_000001f0ff1019c0_0_4;
L_000001f0ff1026e0 .part L_000001f0ff1303e8, 4, 1;
L_000001f0ff101420 .part v000001f0ff0bf2d0_0, 1, 1;
L_000001f0ff1039a0 .part v000001f0ff0bf2d0_0, 0, 1;
L_000001f0ff101a60 .part L_000001f0ff1034a0, 0, 1;
L_000001f0ff103a40 .part L_000001f0ff103680, 0, 1;
L_000001f0ff101d80 .part L_000001f0ff1021e0, 0, 1;
L_000001f0ff103720 .part L_000001f0ff1019c0, 0, 1;
L_000001f0ff101b00 .part L_000001f0ff1034a0, 1, 1;
L_000001f0ff101ba0 .part L_000001f0ff103680, 1, 1;
L_000001f0ff101e20 .part L_000001f0ff1021e0, 1, 1;
L_000001f0ff103ae0 .part L_000001f0ff1019c0, 1, 1;
L_000001f0ff101ec0 .part L_000001f0ff1034a0, 2, 1;
L_000001f0ff102be0 .part L_000001f0ff103680, 2, 1;
L_000001f0ff102780 .part L_000001f0ff1021e0, 2, 1;
L_000001f0ff102000 .part L_000001f0ff1019c0, 2, 1;
L_000001f0ff1020a0 .part L_000001f0ff1034a0, 3, 1;
L_000001f0ff102820 .part L_000001f0ff103680, 3, 1;
L_000001f0ff102b40 .part L_000001f0ff1021e0, 3, 1;
L_000001f0ff1028c0 .part L_000001f0ff1019c0, 3, 1;
LS_000001f0ff102960_0_0 .concat8 [ 1 1 1 1], L_000001f0ff11b2e0, L_000001f0ff11c1c0, L_000001f0ff11c7e0, L_000001f0ff11c930;
LS_000001f0ff102960_0_4 .concat8 [ 1 0 0 0], L_000001f0ff11b580;
L_000001f0ff102960 .concat8 [ 4 1 0 0], LS_000001f0ff102960_0_0, LS_000001f0ff102960_0_4;
L_000001f0ff17c8d0 .part L_000001f0ff1034a0, 4, 1;
L_000001f0ff17b4d0 .part L_000001f0ff103680, 4, 1;
L_000001f0ff17b570 .part L_000001f0ff1021e0, 4, 1;
L_000001f0ff17c970 .part L_000001f0ff1019c0, 4, 1;
S_000001f0feeacf70 .scope module, "MUX_2_MAXA" "mux2to1_4bit" 3 917, 3 1046 0, S_000001f0feee0660;
 .timescale -9 -12;
    .port_info 0 /INPUT 4 "A";
    .port_info 1 /INPUT 4 "B";
    .port_info 2 /INPUT 1 "sel";
    .port_info 3 /OUTPUT 4 "Y";
L_000001f0ff10fdf0 .functor NOT 1, L_000001f0ff11bc10, C4<0>, C4<0>, C4<0>;
L_000001f0ff10ff40 .functor AND 1, L_000001f0ff10a3e0, L_000001f0ff10fdf0, C4<1>, C4<1>;
L_000001f0ff10f370 .functor AND 1, L_000001f0ff109bc0, L_000001f0ff10fdf0, C4<1>, C4<1>;
L_000001f0ff10f920 .functor AND 1, L_000001f0ff109ee0, L_000001f0ff10fdf0, C4<1>, C4<1>;
L_000001f0ff10f7d0 .functor AND 1, L_000001f0ff109f80, L_000001f0ff10fdf0, C4<1>, C4<1>;
L_000001f0ff110250 .functor AND 1, L_000001f0ff10aca0, L_000001f0ff11bc10, C4<1>, C4<1>;
L_000001f0ff10f990 .functor AND 1, L_000001f0ff109120, L_000001f0ff11bc10, C4<1>, C4<1>;
L_000001f0ff10fa00 .functor AND 1, L_000001f0ff109c60, L_000001f0ff11bc10, C4<1>, C4<1>;
L_000001f0ff10fa70 .functor AND 1, L_000001f0ff109d00, L_000001f0ff11bc10, C4<1>, C4<1>;
L_000001f0ff10fc30 .functor OR 1, L_000001f0ff10a480, L_000001f0ff10a020, C4<0>, C4<0>;
L_000001f0ff10ef10 .functor OR 1, L_000001f0ff108f40, L_000001f0ff108fe0, C4<0>, C4<0>;
L_000001f0ff110410 .functor OR 1, L_000001f0ff109080, L_000001f0ff10a0c0, C4<0>, C4<0>;
L_000001f0ff10ec00 .functor OR 1, L_000001f0ff10a520, L_000001f0ff10a660, C4<0>, C4<0>;
v000001f0ff0c80a0_0 .net "A", 3 0, L_000001f0ff109b20;  alias, 1 drivers
v000001f0ff0c8320_0 .net "B", 3 0, v000001f0ff0ed100_0;  alias, 1 drivers
v000001f0ff0c88c0_0 .net "Y", 3 0, L_000001f0ff10a200;  alias, 1 drivers
v000001f0ff0c86e0_0 .net *"_ivl_10", 0 0, L_000001f0ff109bc0;  1 drivers
v000001f0ff0c67a0_0 .net *"_ivl_12", 0 0, L_000001f0ff10f920;  1 drivers
v000001f0ff0c8780_0 .net *"_ivl_15", 0 0, L_000001f0ff109ee0;  1 drivers
v000001f0ff0c6660_0 .net *"_ivl_17", 0 0, L_000001f0ff10f7d0;  1 drivers
v000001f0ff0c8820_0 .net *"_ivl_2", 0 0, L_000001f0ff10ff40;  1 drivers
v000001f0ff0c6700_0 .net *"_ivl_21", 0 0, L_000001f0ff109f80;  1 drivers
v000001f0ff0c6840_0 .net *"_ivl_23", 0 0, L_000001f0ff110250;  1 drivers
v000001f0ff0c68e0_0 .net *"_ivl_26", 0 0, L_000001f0ff10aca0;  1 drivers
v000001f0ff0c6980_0 .net *"_ivl_28", 0 0, L_000001f0ff10f990;  1 drivers
v000001f0ff0c6a20_0 .net *"_ivl_31", 0 0, L_000001f0ff109120;  1 drivers
v000001f0ff0cb160_0 .net *"_ivl_33", 0 0, L_000001f0ff10fa00;  1 drivers
v000001f0ff0c95e0_0 .net *"_ivl_36", 0 0, L_000001f0ff109c60;  1 drivers
v000001f0ff0c8dc0_0 .net *"_ivl_38", 0 0, L_000001f0ff10fa70;  1 drivers
v000001f0ff0ca940_0 .net *"_ivl_42", 0 0, L_000001f0ff109d00;  1 drivers
v000001f0ff0ca800_0 .net *"_ivl_44", 0 0, L_000001f0ff10fc30;  1 drivers
v000001f0ff0ca4e0_0 .net *"_ivl_47", 0 0, L_000001f0ff10a480;  1 drivers
v000001f0ff0c9c20_0 .net *"_ivl_49", 0 0, L_000001f0ff10a020;  1 drivers
v000001f0ff0c9180_0 .net *"_ivl_5", 0 0, L_000001f0ff10a3e0;  1 drivers
v000001f0ff0c9fe0_0 .net *"_ivl_51", 0 0, L_000001f0ff10ef10;  1 drivers
v000001f0ff0ca300_0 .net *"_ivl_54", 0 0, L_000001f0ff108f40;  1 drivers
v000001f0ff0cb340_0 .net *"_ivl_56", 0 0, L_000001f0ff108fe0;  1 drivers
v000001f0ff0c9f40_0 .net *"_ivl_58", 0 0, L_000001f0ff110410;  1 drivers
v000001f0ff0cabc0_0 .net *"_ivl_61", 0 0, L_000001f0ff109080;  1 drivers
v000001f0ff0c9680_0 .net *"_ivl_63", 0 0, L_000001f0ff10a0c0;  1 drivers
v000001f0ff0ca760_0 .net *"_ivl_65", 0 0, L_000001f0ff10ec00;  1 drivers
v000001f0ff0cb020_0 .net *"_ivl_69", 0 0, L_000001f0ff10a520;  1 drivers
v000001f0ff0c9360_0 .net *"_ivl_7", 0 0, L_000001f0ff10f370;  1 drivers
v000001f0ff0ca080_0 .net *"_ivl_71", 0 0, L_000001f0ff10a660;  1 drivers
v000001f0ff0c9720_0 .net "and_A", 3 0, L_000001f0ff10b1a0;  1 drivers
v000001f0ff0ca8a0_0 .net "and_B", 3 0, L_000001f0ff10ad40;  1 drivers
v000001f0ff0ca3a0_0 .net "sel", 0 0, L_000001f0ff11bc10;  alias, 1 drivers
v000001f0ff0cb520_0 .net "sel_n", 0 0, L_000001f0ff10fdf0;  1 drivers
L_000001f0ff10a3e0 .part L_000001f0ff109b20, 0, 1;
L_000001f0ff109bc0 .part L_000001f0ff109b20, 1, 1;
L_000001f0ff109ee0 .part L_000001f0ff109b20, 2, 1;
L_000001f0ff10b1a0 .concat8 [ 1 1 1 1], L_000001f0ff10ff40, L_000001f0ff10f370, L_000001f0ff10f920, L_000001f0ff10f7d0;
L_000001f0ff109f80 .part L_000001f0ff109b20, 3, 1;
L_000001f0ff10aca0 .part v000001f0ff0ed100_0, 0, 1;
L_000001f0ff109120 .part v000001f0ff0ed100_0, 1, 1;
L_000001f0ff109c60 .part v000001f0ff0ed100_0, 2, 1;
L_000001f0ff10ad40 .concat8 [ 1 1 1 1], L_000001f0ff110250, L_000001f0ff10f990, L_000001f0ff10fa00, L_000001f0ff10fa70;
L_000001f0ff109d00 .part v000001f0ff0ed100_0, 3, 1;
L_000001f0ff10a480 .part L_000001f0ff10b1a0, 0, 1;
L_000001f0ff10a020 .part L_000001f0ff10ad40, 0, 1;
L_000001f0ff108f40 .part L_000001f0ff10b1a0, 1, 1;
L_000001f0ff108fe0 .part L_000001f0ff10ad40, 1, 1;
L_000001f0ff109080 .part L_000001f0ff10b1a0, 2, 1;
L_000001f0ff10a0c0 .part L_000001f0ff10ad40, 2, 1;
L_000001f0ff10a200 .concat8 [ 1 1 1 1], L_000001f0ff10fc30, L_000001f0ff10ef10, L_000001f0ff110410, L_000001f0ff10ec00;
L_000001f0ff10a520 .part L_000001f0ff10b1a0, 3, 1;
L_000001f0ff10a660 .part L_000001f0ff10ad40, 3, 1;
S_000001f0fef26140 .scope module, "MUX_2_MAXV" "mux2to1_5bit" 3 918, 3 1078 0, S_000001f0feee0660;
 .timescale -9 -12;
    .port_info 0 /INPUT 5 "A";
    .port_info 1 /INPUT 5 "B";
    .port_info 2 /INPUT 1 "sel";
    .port_info 3 /OUTPUT 5 "Y";
L_000001f0ff1103a0 .functor NOT 1, L_000001f0ff11bc10, C4<0>, C4<0>, C4<0>;
L_000001f0ff10ef80 .functor AND 1, L_000001f0ff10a5c0, L_000001f0ff1103a0, C4<1>, C4<1>;
L_000001f0ff10fca0 .functor AND 1, L_000001f0ff10bb00, L_000001f0ff1103a0, C4<1>, C4<1>;
L_000001f0ff10fd10 .functor AND 1, L_000001f0ff10cb40, L_000001f0ff1103a0, C4<1>, C4<1>;
L_000001f0ff10fd80 .functor AND 1, L_000001f0ff10d180, L_000001f0ff1103a0, C4<1>, C4<1>;
L_000001f0ff10fed0 .functor AND 1, L_000001f0ff10dae0, L_000001f0ff1103a0, C4<1>, C4<1>;
L_000001f0ff1104f0 .functor AND 1, L_000001f0ff10d7c0, L_000001f0ff11bc10, C4<1>, C4<1>;
L_000001f0ff10ffb0 .functor AND 1, L_000001f0ff10c3c0, L_000001f0ff11bc10, C4<1>, C4<1>;
L_000001f0ff110090 .functor AND 1, L_000001f0ff10b560, L_000001f0ff11bc10, C4<1>, C4<1>;
L_000001f0ff10eff0 .functor AND 1, L_000001f0ff10cf00, L_000001f0ff11bc10, C4<1>, C4<1>;
L_000001f0ff10f060 .functor AND 1, L_000001f0ff10c8c0, L_000001f0ff11bc10, C4<1>, C4<1>;
L_000001f0ff110720 .functor OR 1, L_000001f0ff10db80, L_000001f0ff10b420, C4<0>, C4<0>;
L_000001f0ff110480 .functor OR 1, L_000001f0ff10b4c0, L_000001f0ff10c320, C4<0>, C4<0>;
L_000001f0ff1106b0 .functor OR 1, L_000001f0ff10c000, L_000001f0ff10bba0, C4<0>, C4<0>;
L_000001f0ff10ece0 .functor OR 1, L_000001f0ff10c280, L_000001f0ff10c460, C4<0>, C4<0>;
L_000001f0ff10ed50 .functor OR 1, L_000001f0ff10c780, L_000001f0ff10b600, C4<0>, C4<0>;
v000001f0ff0c9860_0 .net "A", 4 0, v000001f0ff0ebc60_0;  alias, 1 drivers
v000001f0ff0ca1c0_0 .net "B", 4 0, v000001f0ff0ed1a0_0;  alias, 1 drivers
v000001f0ff0c97c0_0 .net "Y", 4 0, L_000001f0ff10ca00;  alias, 1 drivers
v000001f0ff0ca9e0_0 .net *"_ivl_10", 0 0, L_000001f0ff10bb00;  1 drivers
v000001f0ff0cb200_0 .net *"_ivl_12", 0 0, L_000001f0ff10fd10;  1 drivers
v000001f0ff0c8f00_0 .net *"_ivl_15", 0 0, L_000001f0ff10cb40;  1 drivers
v000001f0ff0cae40_0 .net *"_ivl_17", 0 0, L_000001f0ff10fd80;  1 drivers
v000001f0ff0c9a40_0 .net *"_ivl_2", 0 0, L_000001f0ff10ef80;  1 drivers
v000001f0ff0ca440_0 .net *"_ivl_20", 0 0, L_000001f0ff10d180;  1 drivers
v000001f0ff0c92c0_0 .net *"_ivl_22", 0 0, L_000001f0ff10fed0;  1 drivers
v000001f0ff0ca120_0 .net *"_ivl_26", 0 0, L_000001f0ff10dae0;  1 drivers
v000001f0ff0ca260_0 .net *"_ivl_28", 0 0, L_000001f0ff1104f0;  1 drivers
v000001f0ff0c9900_0 .net *"_ivl_31", 0 0, L_000001f0ff10d7c0;  1 drivers
v000001f0ff0c9400_0 .net *"_ivl_33", 0 0, L_000001f0ff10ffb0;  1 drivers
v000001f0ff0c94a0_0 .net *"_ivl_36", 0 0, L_000001f0ff10c3c0;  1 drivers
v000001f0ff0c9cc0_0 .net *"_ivl_38", 0 0, L_000001f0ff110090;  1 drivers
v000001f0ff0c99a0_0 .net *"_ivl_41", 0 0, L_000001f0ff10b560;  1 drivers
v000001f0ff0ca580_0 .net *"_ivl_43", 0 0, L_000001f0ff10eff0;  1 drivers
v000001f0ff0c90e0_0 .net *"_ivl_46", 0 0, L_000001f0ff10cf00;  1 drivers
v000001f0ff0c8e60_0 .net *"_ivl_48", 0 0, L_000001f0ff10f060;  1 drivers
v000001f0ff0cb2a0_0 .net *"_ivl_5", 0 0, L_000001f0ff10a5c0;  1 drivers
v000001f0ff0c9ae0_0 .net *"_ivl_52", 0 0, L_000001f0ff10c8c0;  1 drivers
v000001f0ff0caee0_0 .net *"_ivl_54", 0 0, L_000001f0ff110720;  1 drivers
v000001f0ff0c9b80_0 .net *"_ivl_57", 0 0, L_000001f0ff10db80;  1 drivers
v000001f0ff0caa80_0 .net *"_ivl_59", 0 0, L_000001f0ff10b420;  1 drivers
v000001f0ff0c9540_0 .net *"_ivl_61", 0 0, L_000001f0ff110480;  1 drivers
v000001f0ff0ca620_0 .net *"_ivl_64", 0 0, L_000001f0ff10b4c0;  1 drivers
v000001f0ff0caf80_0 .net *"_ivl_66", 0 0, L_000001f0ff10c320;  1 drivers
v000001f0ff0cab20_0 .net *"_ivl_68", 0 0, L_000001f0ff1106b0;  1 drivers
v000001f0ff0c8fa0_0 .net *"_ivl_7", 0 0, L_000001f0ff10fca0;  1 drivers
v000001f0ff0c9d60_0 .net *"_ivl_71", 0 0, L_000001f0ff10c000;  1 drivers
v000001f0ff0cb0c0_0 .net *"_ivl_73", 0 0, L_000001f0ff10bba0;  1 drivers
v000001f0ff0ca6c0_0 .net *"_ivl_75", 0 0, L_000001f0ff10ece0;  1 drivers
v000001f0ff0cb3e0_0 .net *"_ivl_78", 0 0, L_000001f0ff10c280;  1 drivers
v000001f0ff0c9040_0 .net *"_ivl_80", 0 0, L_000001f0ff10c460;  1 drivers
v000001f0ff0cac60_0 .net *"_ivl_82", 0 0, L_000001f0ff10ed50;  1 drivers
v000001f0ff0cad00_0 .net *"_ivl_86", 0 0, L_000001f0ff10c780;  1 drivers
v000001f0ff0cada0_0 .net *"_ivl_88", 0 0, L_000001f0ff10b600;  1 drivers
v000001f0ff0cb480_0 .net "nA", 4 0, L_000001f0ff10b920;  1 drivers
v000001f0ff0c9220_0 .net "nB", 4 0, L_000001f0ff10d900;  1 drivers
v000001f0ff0c9e00_0 .net "sel", 0 0, L_000001f0ff11bc10;  alias, 1 drivers
v000001f0ff0c9ea0_0 .net "sel_n", 0 0, L_000001f0ff1103a0;  1 drivers
L_000001f0ff10a5c0 .part v000001f0ff0ebc60_0, 0, 1;
L_000001f0ff10bb00 .part v000001f0ff0ebc60_0, 1, 1;
L_000001f0ff10cb40 .part v000001f0ff0ebc60_0, 2, 1;
L_000001f0ff10d180 .part v000001f0ff0ebc60_0, 3, 1;
LS_000001f0ff10b920_0_0 .concat8 [ 1 1 1 1], L_000001f0ff10ef80, L_000001f0ff10fca0, L_000001f0ff10fd10, L_000001f0ff10fd80;
LS_000001f0ff10b920_0_4 .concat8 [ 1 0 0 0], L_000001f0ff10fed0;
L_000001f0ff10b920 .concat8 [ 4 1 0 0], LS_000001f0ff10b920_0_0, LS_000001f0ff10b920_0_4;
L_000001f0ff10dae0 .part v000001f0ff0ebc60_0, 4, 1;
L_000001f0ff10d7c0 .part v000001f0ff0ed1a0_0, 0, 1;
L_000001f0ff10c3c0 .part v000001f0ff0ed1a0_0, 1, 1;
L_000001f0ff10b560 .part v000001f0ff0ed1a0_0, 2, 1;
L_000001f0ff10cf00 .part v000001f0ff0ed1a0_0, 3, 1;
LS_000001f0ff10d900_0_0 .concat8 [ 1 1 1 1], L_000001f0ff1104f0, L_000001f0ff10ffb0, L_000001f0ff110090, L_000001f0ff10eff0;
LS_000001f0ff10d900_0_4 .concat8 [ 1 0 0 0], L_000001f0ff10f060;
L_000001f0ff10d900 .concat8 [ 4 1 0 0], LS_000001f0ff10d900_0_0, LS_000001f0ff10d900_0_4;
L_000001f0ff10c8c0 .part v000001f0ff0ed1a0_0, 4, 1;
L_000001f0ff10db80 .part L_000001f0ff10b920, 0, 1;
L_000001f0ff10b420 .part L_000001f0ff10d900, 0, 1;
L_000001f0ff10b4c0 .part L_000001f0ff10b920, 1, 1;
L_000001f0ff10c320 .part L_000001f0ff10d900, 1, 1;
L_000001f0ff10c000 .part L_000001f0ff10b920, 2, 1;
L_000001f0ff10bba0 .part L_000001f0ff10d900, 2, 1;
L_000001f0ff10c280 .part L_000001f0ff10b920, 3, 1;
L_000001f0ff10c460 .part L_000001f0ff10d900, 3, 1;
LS_000001f0ff10ca00_0_0 .concat8 [ 1 1 1 1], L_000001f0ff110720, L_000001f0ff110480, L_000001f0ff1106b0, L_000001f0ff10ece0;
LS_000001f0ff10ca00_0_4 .concat8 [ 1 0 0 0], L_000001f0ff10ed50;
L_000001f0ff10ca00 .concat8 [ 4 1 0 0], LS_000001f0ff10ca00_0_0, LS_000001f0ff10ca00_0_4;
L_000001f0ff10c780 .part L_000001f0ff10b920, 4, 1;
L_000001f0ff10b600 .part L_000001f0ff10d900, 4, 1;
S_000001f0fef1e110 .scope module, "MUX_2_MINA" "mux2to1_4bit" 3 919, 3 1046 0, S_000001f0feee0660;
 .timescale -9 -12;
    .port_info 0 /INPUT 4 "A";
    .port_info 1 /INPUT 4 "B";
    .port_info 2 /INPUT 1 "sel";
    .port_info 3 /OUTPUT 4 "Y";
L_000001f0ff10f0d0 .functor NOT 1, L_000001f0ff11bc10, C4<0>, C4<0>, C4<0>;
L_000001f0ff10f140 .functor AND 1, L_000001f0ff10cfa0, L_000001f0ff10f0d0, C4<1>, C4<1>;
L_000001f0ff10f220 .functor AND 1, L_000001f0ff10ce60, L_000001f0ff10f0d0, C4<1>, C4<1>;
L_000001f0ff10f290 .functor AND 1, L_000001f0ff10cbe0, L_000001f0ff10f0d0, C4<1>, C4<1>;
L_000001f0ff110800 .functor AND 1, L_000001f0ff10d040, L_000001f0ff10f0d0, C4<1>, C4<1>;
L_000001f0ff110950 .functor AND 1, L_000001f0ff10bc40, L_000001f0ff11bc10, C4<1>, C4<1>;
L_000001f0ff110b10 .functor AND 1, L_000001f0ff10c5a0, L_000001f0ff11bc10, C4<1>, C4<1>;
L_000001f0ff110870 .functor AND 1, L_000001f0ff10be20, L_000001f0ff11bc10, C4<1>, C4<1>;
L_000001f0ff1108e0 .functor AND 1, L_000001f0ff10bf60, L_000001f0ff11bc10, C4<1>, C4<1>;
L_000001f0ff1109c0 .functor OR 1, L_000001f0ff10c140, L_000001f0ff10b6a0, C4<0>, C4<0>;
L_000001f0ff110aa0 .functor OR 1, L_000001f0ff10c960, L_000001f0ff10d0e0, C4<0>, C4<0>;
L_000001f0ff110a30 .functor OR 1, L_000001f0ff10d220, L_000001f0ff10d360, C4<0>, C4<0>;
L_000001f0ff11d3b0 .functor OR 1, L_000001f0ff10b740, L_000001f0ff10d860, C4<0>, C4<0>;
v000001f0ff0cba20_0 .net "A", 3 0, v000001f0ff0ecca0_0;  alias, 1 drivers
v000001f0ff0cb8e0_0 .net "B", 3 0, L_000001f0ff109b20;  alias, 1 drivers
v000001f0ff0cbac0_0 .net "Y", 3 0, L_000001f0ff10c0a0;  alias, 1 drivers
v000001f0ff0cb700_0 .net *"_ivl_10", 0 0, L_000001f0ff10ce60;  1 drivers
v000001f0ff0cb840_0 .net *"_ivl_12", 0 0, L_000001f0ff10f290;  1 drivers
v000001f0ff0cbb60_0 .net *"_ivl_15", 0 0, L_000001f0ff10cbe0;  1 drivers
v000001f0ff0cb980_0 .net *"_ivl_17", 0 0, L_000001f0ff110800;  1 drivers
v000001f0ff0cbc00_0 .net *"_ivl_2", 0 0, L_000001f0ff10f140;  1 drivers
v000001f0ff0cbca0_0 .net *"_ivl_21", 0 0, L_000001f0ff10d040;  1 drivers
v000001f0ff0cb7a0_0 .net *"_ivl_23", 0 0, L_000001f0ff110950;  1 drivers
v000001f0ff0cb5c0_0 .net *"_ivl_26", 0 0, L_000001f0ff10bc40;  1 drivers
v000001f0ff0cb660_0 .net *"_ivl_28", 0 0, L_000001f0ff110b10;  1 drivers
v000001f0ff0cecb0_0 .net *"_ivl_31", 0 0, L_000001f0ff10c5a0;  1 drivers
v000001f0ff0cff70_0 .net *"_ivl_33", 0 0, L_000001f0ff110870;  1 drivers
v000001f0ff0cfc50_0 .net *"_ivl_36", 0 0, L_000001f0ff10be20;  1 drivers
v000001f0ff0d00b0_0 .net *"_ivl_38", 0 0, L_000001f0ff1108e0;  1 drivers
v000001f0ff0cf4d0_0 .net *"_ivl_42", 0 0, L_000001f0ff10bf60;  1 drivers
v000001f0ff0cf7f0_0 .net *"_ivl_44", 0 0, L_000001f0ff1109c0;  1 drivers
v000001f0ff0d0150_0 .net *"_ivl_47", 0 0, L_000001f0ff10c140;  1 drivers
v000001f0ff0cfcf0_0 .net *"_ivl_49", 0 0, L_000001f0ff10b6a0;  1 drivers
v000001f0ff0cf1b0_0 .net *"_ivl_5", 0 0, L_000001f0ff10cfa0;  1 drivers
v000001f0ff0ce990_0 .net *"_ivl_51", 0 0, L_000001f0ff110aa0;  1 drivers
v000001f0ff0cee90_0 .net *"_ivl_54", 0 0, L_000001f0ff10c960;  1 drivers
v000001f0ff0d06f0_0 .net *"_ivl_56", 0 0, L_000001f0ff10d0e0;  1 drivers
v000001f0ff0d0bf0_0 .net *"_ivl_58", 0 0, L_000001f0ff110a30;  1 drivers
v000001f0ff0cf890_0 .net *"_ivl_61", 0 0, L_000001f0ff10d220;  1 drivers
v000001f0ff0d01f0_0 .net *"_ivl_63", 0 0, L_000001f0ff10d360;  1 drivers
v000001f0ff0d0c90_0 .net *"_ivl_65", 0 0, L_000001f0ff11d3b0;  1 drivers
v000001f0ff0cea30_0 .net *"_ivl_69", 0 0, L_000001f0ff10b740;  1 drivers
v000001f0ff0d0650_0 .net *"_ivl_7", 0 0, L_000001f0ff10f220;  1 drivers
v000001f0ff0d0ab0_0 .net *"_ivl_71", 0 0, L_000001f0ff10d860;  1 drivers
v000001f0ff0ced50_0 .net "and_A", 3 0, L_000001f0ff10c500;  1 drivers
v000001f0ff0d0290_0 .net "and_B", 3 0, L_000001f0ff10bec0;  1 drivers
v000001f0ff0cf2f0_0 .net "sel", 0 0, L_000001f0ff11bc10;  alias, 1 drivers
v000001f0ff0cf390_0 .net "sel_n", 0 0, L_000001f0ff10f0d0;  1 drivers
L_000001f0ff10cfa0 .part v000001f0ff0ecca0_0, 0, 1;
L_000001f0ff10ce60 .part v000001f0ff0ecca0_0, 1, 1;
L_000001f0ff10cbe0 .part v000001f0ff0ecca0_0, 2, 1;
L_000001f0ff10c500 .concat8 [ 1 1 1 1], L_000001f0ff10f140, L_000001f0ff10f220, L_000001f0ff10f290, L_000001f0ff110800;
L_000001f0ff10d040 .part v000001f0ff0ecca0_0, 3, 1;
L_000001f0ff10bc40 .part L_000001f0ff109b20, 0, 1;
L_000001f0ff10c5a0 .part L_000001f0ff109b20, 1, 1;
L_000001f0ff10be20 .part L_000001f0ff109b20, 2, 1;
L_000001f0ff10bec0 .concat8 [ 1 1 1 1], L_000001f0ff110950, L_000001f0ff110b10, L_000001f0ff110870, L_000001f0ff1108e0;
L_000001f0ff10bf60 .part L_000001f0ff109b20, 3, 1;
L_000001f0ff10c140 .part L_000001f0ff10c500, 0, 1;
L_000001f0ff10b6a0 .part L_000001f0ff10bec0, 0, 1;
L_000001f0ff10c960 .part L_000001f0ff10c500, 1, 1;
L_000001f0ff10d0e0 .part L_000001f0ff10bec0, 1, 1;
L_000001f0ff10d220 .part L_000001f0ff10c500, 2, 1;
L_000001f0ff10d360 .part L_000001f0ff10bec0, 2, 1;
L_000001f0ff10c0a0 .concat8 [ 1 1 1 1], L_000001f0ff1109c0, L_000001f0ff110aa0, L_000001f0ff110a30, L_000001f0ff11d3b0;
L_000001f0ff10b740 .part L_000001f0ff10c500, 3, 1;
L_000001f0ff10d860 .part L_000001f0ff10bec0, 3, 1;
S_000001f0fef1e4b0 .scope module, "MUX_2_MINV" "mux2to1_5bit" 3 920, 3 1078 0, S_000001f0feee0660;
 .timescale -9 -12;
    .port_info 0 /INPUT 5 "A";
    .port_info 1 /INPUT 5 "B";
    .port_info 2 /INPUT 1 "sel";
    .port_info 3 /OUTPUT 5 "Y";
L_000001f0ff11ca10 .functor NOT 1, L_000001f0ff11bc10, C4<0>, C4<0>, C4<0>;
L_000001f0ff11cee0 .functor AND 1, L_000001f0ff10c640, L_000001f0ff11ca10, C4<1>, C4<1>;
L_000001f0ff11dab0 .functor AND 1, L_000001f0ff10b7e0, L_000001f0ff11ca10, C4<1>, C4<1>;
L_000001f0ff11cc40 .functor AND 1, L_000001f0ff10d2c0, L_000001f0ff11ca10, C4<1>, C4<1>;
L_000001f0ff11e3e0 .functor AND 1, L_000001f0ff10d400, L_000001f0ff11ca10, C4<1>, C4<1>;
L_000001f0ff11e530 .functor AND 1, L_000001f0ff10d9a0, L_000001f0ff11ca10, C4<1>, C4<1>;
L_000001f0ff11cbd0 .functor AND 1, L_000001f0ff10cd20, L_000001f0ff11bc10, C4<1>, C4<1>;
L_000001f0ff11d1f0 .functor AND 1, L_000001f0ff10d4a0, L_000001f0ff11bc10, C4<1>, C4<1>;
L_000001f0ff11d030 .functor AND 1, L_000001f0ff10d540, L_000001f0ff11bc10, C4<1>, C4<1>;
L_000001f0ff11d260 .functor AND 1, L_000001f0ff10c6e0, L_000001f0ff11bc10, C4<1>, C4<1>;
L_000001f0ff11d500 .functor AND 1, L_000001f0ff10d5e0, L_000001f0ff11bc10, C4<1>, C4<1>;
L_000001f0ff11d0a0 .functor OR 1, L_000001f0ff10caa0, L_000001f0ff10cc80, C4<0>, C4<0>;
L_000001f0ff11da40 .functor OR 1, L_000001f0ff10b9c0, L_000001f0ff10d680, C4<0>, C4<0>;
L_000001f0ff11e300 .functor OR 1, L_000001f0ff10ba60, L_000001f0ff10bce0, C4<0>, C4<0>;
L_000001f0ff11dd50 .functor OR 1, L_000001f0ff10bd80, L_000001f0ff10d720, C4<0>, C4<0>;
L_000001f0ff11d340 .functor OR 1, L_000001f0ff10dea0, L_000001f0ff10e580, C4<0>, C4<0>;
v000001f0ff0ce7b0_0 .net "A", 4 0, v000001f0ff0eb940_0;  alias, 1 drivers
v000001f0ff0d0b50_0 .net "B", 4 0, v000001f0ff0ebc60_0;  alias, 1 drivers
v000001f0ff0cfb10_0 .net "Y", 4 0, L_000001f0ff10cdc0;  alias, 1 drivers
v000001f0ff0d0330_0 .net *"_ivl_10", 0 0, L_000001f0ff10b7e0;  1 drivers
v000001f0ff0cfbb0_0 .net *"_ivl_12", 0 0, L_000001f0ff11cc40;  1 drivers
v000001f0ff0d0790_0 .net *"_ivl_15", 0 0, L_000001f0ff10d2c0;  1 drivers
v000001f0ff0cfa70_0 .net *"_ivl_17", 0 0, L_000001f0ff11e3e0;  1 drivers
v000001f0ff0cf930_0 .net *"_ivl_2", 0 0, L_000001f0ff11cee0;  1 drivers
v000001f0ff0d0d30_0 .net *"_ivl_20", 0 0, L_000001f0ff10d400;  1 drivers
v000001f0ff0cf110_0 .net *"_ivl_22", 0 0, L_000001f0ff11e530;  1 drivers
v000001f0ff0cedf0_0 .net *"_ivl_26", 0 0, L_000001f0ff10d9a0;  1 drivers
v000001f0ff0d0510_0 .net *"_ivl_28", 0 0, L_000001f0ff11cbd0;  1 drivers
v000001f0ff0cf750_0 .net *"_ivl_31", 0 0, L_000001f0ff10cd20;  1 drivers
v000001f0ff0d05b0_0 .net *"_ivl_33", 0 0, L_000001f0ff11d1f0;  1 drivers
v000001f0ff0d03d0_0 .net *"_ivl_36", 0 0, L_000001f0ff10d4a0;  1 drivers
v000001f0ff0cfd90_0 .net *"_ivl_38", 0 0, L_000001f0ff11d030;  1 drivers
v000001f0ff0cefd0_0 .net *"_ivl_41", 0 0, L_000001f0ff10d540;  1 drivers
v000001f0ff0cf570_0 .net *"_ivl_43", 0 0, L_000001f0ff11d260;  1 drivers
v000001f0ff0cf250_0 .net *"_ivl_46", 0 0, L_000001f0ff10c6e0;  1 drivers
v000001f0ff0ce670_0 .net *"_ivl_48", 0 0, L_000001f0ff11d500;  1 drivers
v000001f0ff0cef30_0 .net *"_ivl_5", 0 0, L_000001f0ff10c640;  1 drivers
v000001f0ff0cfe30_0 .net *"_ivl_52", 0 0, L_000001f0ff10d5e0;  1 drivers
v000001f0ff0d0470_0 .net *"_ivl_54", 0 0, L_000001f0ff11d0a0;  1 drivers
v000001f0ff0ce710_0 .net *"_ivl_57", 0 0, L_000001f0ff10caa0;  1 drivers
v000001f0ff0cf430_0 .net *"_ivl_59", 0 0, L_000001f0ff10cc80;  1 drivers
v000001f0ff0d0970_0 .net *"_ivl_61", 0 0, L_000001f0ff11da40;  1 drivers
v000001f0ff0cfed0_0 .net *"_ivl_64", 0 0, L_000001f0ff10b9c0;  1 drivers
v000001f0ff0ce8f0_0 .net *"_ivl_66", 0 0, L_000001f0ff10d680;  1 drivers
v000001f0ff0ce5d0_0 .net *"_ivl_68", 0 0, L_000001f0ff11e300;  1 drivers
v000001f0ff0d0a10_0 .net *"_ivl_7", 0 0, L_000001f0ff11dab0;  1 drivers
v000001f0ff0cf070_0 .net *"_ivl_71", 0 0, L_000001f0ff10ba60;  1 drivers
v000001f0ff0d0830_0 .net *"_ivl_73", 0 0, L_000001f0ff10bce0;  1 drivers
v000001f0ff0cf610_0 .net *"_ivl_75", 0 0, L_000001f0ff11dd50;  1 drivers
v000001f0ff0d08d0_0 .net *"_ivl_78", 0 0, L_000001f0ff10bd80;  1 drivers
v000001f0ff0ceb70_0 .net *"_ivl_80", 0 0, L_000001f0ff10d720;  1 drivers
v000001f0ff0d0010_0 .net *"_ivl_82", 0 0, L_000001f0ff11d340;  1 drivers
v000001f0ff0ce850_0 .net *"_ivl_86", 0 0, L_000001f0ff10dea0;  1 drivers
v000001f0ff0cead0_0 .net *"_ivl_88", 0 0, L_000001f0ff10e580;  1 drivers
v000001f0ff0cec10_0 .net "nA", 4 0, L_000001f0ff10b880;  1 drivers
v000001f0ff0cf6b0_0 .net "nB", 4 0, L_000001f0ff10c820;  1 drivers
v000001f0ff0cf9d0_0 .net "sel", 0 0, L_000001f0ff11bc10;  alias, 1 drivers
v000001f0ff0d24f0_0 .net "sel_n", 0 0, L_000001f0ff11ca10;  1 drivers
L_000001f0ff10c640 .part v000001f0ff0eb940_0, 0, 1;
L_000001f0ff10b7e0 .part v000001f0ff0eb940_0, 1, 1;
L_000001f0ff10d2c0 .part v000001f0ff0eb940_0, 2, 1;
L_000001f0ff10d400 .part v000001f0ff0eb940_0, 3, 1;
LS_000001f0ff10b880_0_0 .concat8 [ 1 1 1 1], L_000001f0ff11cee0, L_000001f0ff11dab0, L_000001f0ff11cc40, L_000001f0ff11e3e0;
LS_000001f0ff10b880_0_4 .concat8 [ 1 0 0 0], L_000001f0ff11e530;
L_000001f0ff10b880 .concat8 [ 4 1 0 0], LS_000001f0ff10b880_0_0, LS_000001f0ff10b880_0_4;
L_000001f0ff10d9a0 .part v000001f0ff0eb940_0, 4, 1;
L_000001f0ff10cd20 .part v000001f0ff0ebc60_0, 0, 1;
L_000001f0ff10d4a0 .part v000001f0ff0ebc60_0, 1, 1;
L_000001f0ff10d540 .part v000001f0ff0ebc60_0, 2, 1;
L_000001f0ff10c6e0 .part v000001f0ff0ebc60_0, 3, 1;
LS_000001f0ff10c820_0_0 .concat8 [ 1 1 1 1], L_000001f0ff11cbd0, L_000001f0ff11d1f0, L_000001f0ff11d030, L_000001f0ff11d260;
LS_000001f0ff10c820_0_4 .concat8 [ 1 0 0 0], L_000001f0ff11d500;
L_000001f0ff10c820 .concat8 [ 4 1 0 0], LS_000001f0ff10c820_0_0, LS_000001f0ff10c820_0_4;
L_000001f0ff10d5e0 .part v000001f0ff0ebc60_0, 4, 1;
L_000001f0ff10caa0 .part L_000001f0ff10b880, 0, 1;
L_000001f0ff10cc80 .part L_000001f0ff10c820, 0, 1;
L_000001f0ff10b9c0 .part L_000001f0ff10b880, 1, 1;
L_000001f0ff10d680 .part L_000001f0ff10c820, 1, 1;
L_000001f0ff10ba60 .part L_000001f0ff10b880, 2, 1;
L_000001f0ff10bce0 .part L_000001f0ff10c820, 2, 1;
L_000001f0ff10bd80 .part L_000001f0ff10b880, 3, 1;
L_000001f0ff10d720 .part L_000001f0ff10c820, 3, 1;
LS_000001f0ff10cdc0_0_0 .concat8 [ 1 1 1 1], L_000001f0ff11d0a0, L_000001f0ff11da40, L_000001f0ff11e300, L_000001f0ff11dd50;
LS_000001f0ff10cdc0_0_4 .concat8 [ 1 0 0 0], L_000001f0ff11d340;
L_000001f0ff10cdc0 .concat8 [ 4 1 0 0], LS_000001f0ff10cdc0_0_0, LS_000001f0ff10cdc0_0_4;
L_000001f0ff10dea0 .part L_000001f0ff10b880, 4, 1;
L_000001f0ff10e580 .part L_000001f0ff10c820, 4, 1;
S_000001f0ff05c860 .scope module, "MUX_ADDER" "mux2to1_4bit" 3 922, 3 1046 0, S_000001f0feee0660;
 .timescale -9 -12;
    .port_info 0 /INPUT 4 "A";
    .port_info 1 /INPUT 4 "B";
    .port_info 2 /INPUT 1 "sel";
    .port_info 3 /OUTPUT 4 "Y";
L_000001f0ff11db90 .functor NOT 1, v000001f0ff0c0090_0, C4<0>, C4<0>, C4<0>;
L_000001f0ff11e370 .functor AND 1, L_000001f0ff10e260, L_000001f0ff11db90, C4<1>, C4<1>;
L_000001f0ff11d420 .functor AND 1, L_000001f0ff10ea80, L_000001f0ff11db90, C4<1>, C4<1>;
L_000001f0ff11caf0 .functor AND 1, L_000001f0ff10e9e0, L_000001f0ff11db90, C4<1>, C4<1>;
L_000001f0ff11ddc0 .functor AND 1, L_000001f0ff10e760, L_000001f0ff11db90, C4<1>, C4<1>;
L_000001f0ff11dea0 .functor AND 1, L_000001f0ff10e300, v000001f0ff0c0090_0, C4<1>, C4<1>;
L_000001f0ff11dce0 .functor AND 1, L_000001f0ff10e1c0, v000001f0ff0c0090_0, C4<1>, C4<1>;
L_000001f0ff11df10 .functor AND 1, L_000001f0ff10df40, v000001f0ff0c0090_0, C4<1>, C4<1>;
L_000001f0ff11df80 .functor AND 1, L_000001f0ff10de00, v000001f0ff0c0090_0, C4<1>, C4<1>;
L_000001f0ff11dc00 .functor OR 1, L_000001f0ff10e4e0, L_000001f0ff10e440, C4<0>, C4<0>;
L_000001f0ff11d490 .functor OR 1, L_000001f0ff10e800, L_000001f0ff10e6c0, C4<0>, C4<0>;
L_000001f0ff11e450 .functor OR 1, L_000001f0ff10e620, L_000001f0ff10e080, C4<0>, C4<0>;
L_000001f0ff11d6c0 .functor OR 1, L_000001f0ff10e8a0, L_000001f0ff10dd60, C4<0>, C4<0>;
v000001f0ff0d2950_0 .net "A", 3 0, v000001f0ff0ebbc0_0;  alias, 1 drivers
v000001f0ff0d3490_0 .net "B", 3 0, v000001f0ff0ed060_0;  alias, 1 drivers
v000001f0ff0d17d0_0 .net "Y", 3 0, L_000001f0ff10dcc0;  alias, 1 drivers
v000001f0ff0d1050_0 .net *"_ivl_10", 0 0, L_000001f0ff10ea80;  1 drivers
v000001f0ff0d2770_0 .net *"_ivl_12", 0 0, L_000001f0ff11caf0;  1 drivers
v000001f0ff0d0f10_0 .net *"_ivl_15", 0 0, L_000001f0ff10e9e0;  1 drivers
v000001f0ff0d15f0_0 .net *"_ivl_17", 0 0, L_000001f0ff11ddc0;  1 drivers
v000001f0ff0d1d70_0 .net *"_ivl_2", 0 0, L_000001f0ff11e370;  1 drivers
v000001f0ff0d1550_0 .net *"_ivl_21", 0 0, L_000001f0ff10e760;  1 drivers
v000001f0ff0d2590_0 .net *"_ivl_23", 0 0, L_000001f0ff11dea0;  1 drivers
v000001f0ff0d29f0_0 .net *"_ivl_26", 0 0, L_000001f0ff10e300;  1 drivers
v000001f0ff0d1c30_0 .net *"_ivl_28", 0 0, L_000001f0ff11dce0;  1 drivers
v000001f0ff0d1af0_0 .net *"_ivl_31", 0 0, L_000001f0ff10e1c0;  1 drivers
v000001f0ff0d2630_0 .net *"_ivl_33", 0 0, L_000001f0ff11df10;  1 drivers
v000001f0ff0d28b0_0 .net *"_ivl_36", 0 0, L_000001f0ff10df40;  1 drivers
v000001f0ff0d2130_0 .net *"_ivl_38", 0 0, L_000001f0ff11df80;  1 drivers
v000001f0ff0d2a90_0 .net *"_ivl_42", 0 0, L_000001f0ff10de00;  1 drivers
v000001f0ff0d2270_0 .net *"_ivl_44", 0 0, L_000001f0ff11dc00;  1 drivers
v000001f0ff0d0e70_0 .net *"_ivl_47", 0 0, L_000001f0ff10e4e0;  1 drivers
v000001f0ff0d1190_0 .net *"_ivl_49", 0 0, L_000001f0ff10e440;  1 drivers
v000001f0ff0d2450_0 .net *"_ivl_5", 0 0, L_000001f0ff10e260;  1 drivers
v000001f0ff0d2b30_0 .net *"_ivl_51", 0 0, L_000001f0ff11d490;  1 drivers
v000001f0ff0d2ef0_0 .net *"_ivl_54", 0 0, L_000001f0ff10e800;  1 drivers
v000001f0ff0d26d0_0 .net *"_ivl_56", 0 0, L_000001f0ff10e6c0;  1 drivers
v000001f0ff0d3350_0 .net *"_ivl_58", 0 0, L_000001f0ff11e450;  1 drivers
v000001f0ff0d0dd0_0 .net *"_ivl_61", 0 0, L_000001f0ff10e620;  1 drivers
v000001f0ff0d2c70_0 .net *"_ivl_63", 0 0, L_000001f0ff10e080;  1 drivers
v000001f0ff0d3170_0 .net *"_ivl_65", 0 0, L_000001f0ff11d6c0;  1 drivers
v000001f0ff0d1690_0 .net *"_ivl_69", 0 0, L_000001f0ff10e8a0;  1 drivers
v000001f0ff0d0fb0_0 .net *"_ivl_7", 0 0, L_000001f0ff11d420;  1 drivers
v000001f0ff0d2bd0_0 .net *"_ivl_71", 0 0, L_000001f0ff10dd60;  1 drivers
v000001f0ff0d3210_0 .net "and_A", 3 0, L_000001f0ff10e3a0;  1 drivers
v000001f0ff0d33f0_0 .net "and_B", 3 0, L_000001f0ff10dc20;  1 drivers
v000001f0ff0d1e10_0 .net "sel", 0 0, v000001f0ff0c0090_0;  alias, 1 drivers
v000001f0ff0d1230_0 .net "sel_n", 0 0, L_000001f0ff11db90;  1 drivers
L_000001f0ff10e260 .part v000001f0ff0ebbc0_0, 0, 1;
L_000001f0ff10ea80 .part v000001f0ff0ebbc0_0, 1, 1;
L_000001f0ff10e9e0 .part v000001f0ff0ebbc0_0, 2, 1;
L_000001f0ff10e3a0 .concat8 [ 1 1 1 1], L_000001f0ff11e370, L_000001f0ff11d420, L_000001f0ff11caf0, L_000001f0ff11ddc0;
L_000001f0ff10e760 .part v000001f0ff0ebbc0_0, 3, 1;
L_000001f0ff10e300 .part v000001f0ff0ed060_0, 0, 1;
L_000001f0ff10e1c0 .part v000001f0ff0ed060_0, 1, 1;
L_000001f0ff10df40 .part v000001f0ff0ed060_0, 2, 1;
L_000001f0ff10dc20 .concat8 [ 1 1 1 1], L_000001f0ff11dea0, L_000001f0ff11dce0, L_000001f0ff11df10, L_000001f0ff11df80;
L_000001f0ff10de00 .part v000001f0ff0ed060_0, 3, 1;
L_000001f0ff10e4e0 .part L_000001f0ff10e3a0, 0, 1;
L_000001f0ff10e440 .part L_000001f0ff10dc20, 0, 1;
L_000001f0ff10e800 .part L_000001f0ff10e3a0, 1, 1;
L_000001f0ff10e6c0 .part L_000001f0ff10dc20, 1, 1;
L_000001f0ff10e620 .part L_000001f0ff10e3a0, 2, 1;
L_000001f0ff10e080 .part L_000001f0ff10dc20, 2, 1;
L_000001f0ff10dcc0 .concat8 [ 1 1 1 1], L_000001f0ff11dc00, L_000001f0ff11d490, L_000001f0ff11e450, L_000001f0ff11d6c0;
L_000001f0ff10e8a0 .part L_000001f0ff10e3a0, 3, 1;
L_000001f0ff10dd60 .part L_000001f0ff10dc20, 3, 1;
S_000001f0ff05c9f0 .scope module, "MUX_CNT" "mux2to1_4bit" 3 906, 3 1046 0, S_000001f0feee0660;
 .timescale -9 -12;
    .port_info 0 /INPUT 4 "A";
    .port_info 1 /INPUT 4 "B";
    .port_info 2 /INPUT 1 "sel";
    .port_info 3 /OUTPUT 4 "Y";
L_000001f0ff01b8e0 .functor NOT 1, v000001f0ff0c0450_0, C4<0>, C4<0>, C4<0>;
L_000001f0ff01b950 .functor AND 1, L_000001f0ff0e41e0, L_000001f0ff01b8e0, C4<1>, C4<1>;
L_000001f0ff01b9c0 .functor AND 1, L_000001f0ff0e6440, L_000001f0ff01b8e0, C4<1>, C4<1>;
L_000001f0ff01d2b0 .functor AND 1, L_000001f0ff0e45a0, L_000001f0ff01b8e0, C4<1>, C4<1>;
L_000001f0ff01d320 .functor AND 1, L_000001f0ff0e4820, L_000001f0ff01b8e0, C4<1>, C4<1>;
L_000001f0ff01d400 .functor AND 1, L_000001f0ff0e5720, v000001f0ff0c0450_0, C4<1>, C4<1>;
L_000001f0ff01d1d0 .functor AND 1, L_000001f0ff0e5540, v000001f0ff0c0450_0, C4<1>, C4<1>;
L_000001f0ff01d390 .functor AND 1, L_000001f0ff0e5d60, v000001f0ff0c0450_0, C4<1>, C4<1>;
L_000001f0ff01d4e0 .functor AND 1, L_000001f0ff0e5360, v000001f0ff0c0450_0, C4<1>, C4<1>;
L_000001f0ff01d470 .functor OR 1, L_000001f0ff0e52c0, L_000001f0ff0e5400, C4<0>, C4<0>;
L_000001f0fef07e50 .functor OR 1, L_000001f0ff0e3e20, L_000001f0ff0e4960, C4<0>, C4<0>;
L_000001f0fef08550 .functor OR 1, L_000001f0ff0e5e00, L_000001f0ff0e48c0, C4<0>, C4<0>;
L_000001f0fef08160 .functor OR 1, L_000001f0ff0e6080, L_000001f0ff0e5f40, C4<0>, C4<0>;
L_000001f0ff1300d0 .functor BUFT 1, C4<0000>, C4<0>, C4<0>, C4<0>;
v000001f0ff0d3530_0 .net "A", 3 0, L_000001f0ff1300d0;  1 drivers
v000001f0ff0d1b90_0 .net "B", 3 0, L_000001f0ff0e4aa0;  1 drivers
v000001f0ff0d14b0_0 .net "Y", 3 0, L_000001f0ff0e5ea0;  alias, 1 drivers
v000001f0ff0d2810_0 .net *"_ivl_10", 0 0, L_000001f0ff0e6440;  1 drivers
v000001f0ff0d3030_0 .net *"_ivl_12", 0 0, L_000001f0ff01d2b0;  1 drivers
v000001f0ff0d10f0_0 .net *"_ivl_15", 0 0, L_000001f0ff0e45a0;  1 drivers
v000001f0ff0d2d10_0 .net *"_ivl_17", 0 0, L_000001f0ff01d320;  1 drivers
v000001f0ff0d1f50_0 .net *"_ivl_2", 0 0, L_000001f0ff01b950;  1 drivers
v000001f0ff0d1cd0_0 .net *"_ivl_21", 0 0, L_000001f0ff0e4820;  1 drivers
v000001f0ff0d12d0_0 .net *"_ivl_23", 0 0, L_000001f0ff01d400;  1 drivers
v000001f0ff0d1ff0_0 .net *"_ivl_26", 0 0, L_000001f0ff0e5720;  1 drivers
v000001f0ff0d23b0_0 .net *"_ivl_28", 0 0, L_000001f0ff01d1d0;  1 drivers
v000001f0ff0d2090_0 .net *"_ivl_31", 0 0, L_000001f0ff0e5540;  1 drivers
v000001f0ff0d2db0_0 .net *"_ivl_33", 0 0, L_000001f0ff01d390;  1 drivers
v000001f0ff0d1910_0 .net *"_ivl_36", 0 0, L_000001f0ff0e5d60;  1 drivers
v000001f0ff0d1730_0 .net *"_ivl_38", 0 0, L_000001f0ff01d4e0;  1 drivers
v000001f0ff0d2e50_0 .net *"_ivl_42", 0 0, L_000001f0ff0e5360;  1 drivers
v000001f0ff0d32b0_0 .net *"_ivl_44", 0 0, L_000001f0ff01d470;  1 drivers
v000001f0ff0d1370_0 .net *"_ivl_47", 0 0, L_000001f0ff0e52c0;  1 drivers
v000001f0ff0d2f90_0 .net *"_ivl_49", 0 0, L_000001f0ff0e5400;  1 drivers
v000001f0ff0d21d0_0 .net *"_ivl_5", 0 0, L_000001f0ff0e41e0;  1 drivers
v000001f0ff0d1410_0 .net *"_ivl_51", 0 0, L_000001f0fef07e50;  1 drivers
v000001f0ff0d1eb0_0 .net *"_ivl_54", 0 0, L_000001f0ff0e3e20;  1 drivers
v000001f0ff0d19b0_0 .net *"_ivl_56", 0 0, L_000001f0ff0e4960;  1 drivers
v000001f0ff0d1870_0 .net *"_ivl_58", 0 0, L_000001f0fef08550;  1 drivers
v000001f0ff0d1a50_0 .net *"_ivl_61", 0 0, L_000001f0ff0e5e00;  1 drivers
v000001f0ff0d30d0_0 .net *"_ivl_63", 0 0, L_000001f0ff0e48c0;  1 drivers
v000001f0ff0d2310_0 .net *"_ivl_65", 0 0, L_000001f0fef08160;  1 drivers
v000001f0ff0d35d0_0 .net *"_ivl_69", 0 0, L_000001f0ff0e6080;  1 drivers
v000001f0ff0d3850_0 .net *"_ivl_7", 0 0, L_000001f0ff01b9c0;  1 drivers
v000001f0ff0d3cb0_0 .net *"_ivl_71", 0 0, L_000001f0ff0e5f40;  1 drivers
v000001f0ff0d3a30_0 .net "and_A", 3 0, L_000001f0ff0e5cc0;  1 drivers
v000001f0ff0d3710_0 .net "and_B", 3 0, L_000001f0ff0e4fa0;  1 drivers
v000001f0ff0d3670_0 .net "sel", 0 0, v000001f0ff0c0450_0;  alias, 1 drivers
v000001f0ff0d3c10_0 .net "sel_n", 0 0, L_000001f0ff01b8e0;  1 drivers
L_000001f0ff0e41e0 .part L_000001f0ff1300d0, 0, 1;
L_000001f0ff0e6440 .part L_000001f0ff1300d0, 1, 1;
L_000001f0ff0e45a0 .part L_000001f0ff1300d0, 2, 1;
L_000001f0ff0e5cc0 .concat8 [ 1 1 1 1], L_000001f0ff01b950, L_000001f0ff01b9c0, L_000001f0ff01d2b0, L_000001f0ff01d320;
L_000001f0ff0e4820 .part L_000001f0ff1300d0, 3, 1;
L_000001f0ff0e5720 .part L_000001f0ff0e4aa0, 0, 1;
L_000001f0ff0e5540 .part L_000001f0ff0e4aa0, 1, 1;
L_000001f0ff0e5d60 .part L_000001f0ff0e4aa0, 2, 1;
L_000001f0ff0e4fa0 .concat8 [ 1 1 1 1], L_000001f0ff01d400, L_000001f0ff01d1d0, L_000001f0ff01d390, L_000001f0ff01d4e0;
L_000001f0ff0e5360 .part L_000001f0ff0e4aa0, 3, 1;
L_000001f0ff0e52c0 .part L_000001f0ff0e5cc0, 0, 1;
L_000001f0ff0e5400 .part L_000001f0ff0e4fa0, 0, 1;
L_000001f0ff0e3e20 .part L_000001f0ff0e5cc0, 1, 1;
L_000001f0ff0e4960 .part L_000001f0ff0e4fa0, 1, 1;
L_000001f0ff0e5e00 .part L_000001f0ff0e5cc0, 2, 1;
L_000001f0ff0e48c0 .part L_000001f0ff0e4fa0, 2, 1;
L_000001f0ff0e5ea0 .concat8 [ 1 1 1 1], L_000001f0ff01d470, L_000001f0fef07e50, L_000001f0fef08550, L_000001f0fef08160;
L_000001f0ff0e6080 .part L_000001f0ff0e5cc0, 3, 1;
L_000001f0ff0e5f40 .part L_000001f0ff0e4fa0, 3, 1;
S_000001f0ff05d030 .scope module, "MUX_MAR" "mux4to1_4bit" 3 912, 3 1097 0, S_000001f0feee0660;
 .timescale -9 -12;
    .port_info 0 /INPUT 4 "A";
    .port_info 1 /INPUT 4 "B";
    .port_info 2 /INPUT 4 "C";
    .port_info 3 /INPUT 4 "D";
    .port_info 4 /INPUT 2 "sel";
    .port_info 5 /OUTPUT 4 "Y";
L_000001f0ff0fe540 .functor NOT 1, L_000001f0ff105a20, C4<0>, C4<0>, C4<0>;
L_000001f0ff0fd6d0 .functor NOT 1, L_000001f0ff105c00, C4<0>, C4<0>, C4<0>;
L_000001f0ff0fcf60 .functor AND 1, L_000001f0ff104a80, L_000001f0ff0fd6d0, L_000001f0ff0fe540, C4<1>;
L_000001f0ff0fd270 .functor AND 1, L_000001f0ff105de0, L_000001f0ff0fd6d0, L_000001f0ff0fe540, C4<1>;
L_000001f0ff0fdf90 .functor AND 1, L_000001f0ff1043a0, L_000001f0ff0fd6d0, L_000001f0ff0fe540, C4<1>;
L_000001f0ff0fd3c0 .functor AND 1, L_000001f0ff104620, L_000001f0ff0fd6d0, L_000001f0ff0fe540, C4<1>;
L_000001f0ff0fd820 .functor AND 1, L_000001f0ff104d00, L_000001f0ff0fd6d0, L_000001f0ff104da0, C4<1>;
L_000001f0ff0fd970 .functor AND 1, L_000001f0ff105020, L_000001f0ff0fd6d0, L_000001f0ff1050c0, C4<1>;
L_000001f0ff0fdcf0 .functor AND 1, L_000001f0ff104760, L_000001f0ff0fd6d0, L_000001f0ff105f20, C4<1>;
L_000001f0ff0fda50 .functor AND 1, L_000001f0ff104800, L_000001f0ff0fd6d0, L_000001f0ff1048a0, C4<1>;
L_000001f0ff0fdd60 .functor AND 1, L_000001f0ff106560, L_000001f0ff106740, L_000001f0ff0fe540, C4<1>;
L_000001f0ff0feaf0 .functor AND 1, L_000001f0ff1067e0, L_000001f0ff108180, L_000001f0ff0fe540, C4<1>;
L_000001f0ff0fe930 .functor AND 1, L_000001f0ff106f60, L_000001f0ff108ae0, L_000001f0ff0fe540, C4<1>;
L_000001f0ff0fe9a0 .functor AND 1, L_000001f0ff106600, L_000001f0ff1085e0, L_000001f0ff0fe540, C4<1>;
L_000001f0ff0fe7e0 .functor AND 1, L_000001f0ff1075a0, L_000001f0ff108360, L_000001f0ff107000, C4<1>;
L_000001f0ff0fea10 .functor AND 1, L_000001f0ff108540, L_000001f0ff108680, L_000001f0ff1069c0, C4<1>;
L_000001f0ff0fea80 .functor AND 1, L_000001f0ff107b40, L_000001f0ff108b80, L_000001f0ff107820, C4<1>;
L_000001f0ff0fe850 .functor AND 1, L_000001f0ff107aa0, L_000001f0ff1070a0, L_000001f0ff107f00, C4<1>;
L_000001f0ff0fe8c0 .functor OR 1, L_000001f0ff108a40, L_000001f0ff107640, L_000001f0ff107fa0, L_000001f0ff106420;
L_000001f0ff10fae0 .functor OR 1, L_000001f0ff106b00, L_000001f0ff1089a0, L_000001f0ff108040, L_000001f0ff107140;
L_000001f0ff110100 .functor OR 1, L_000001f0ff107dc0, L_000001f0ff107c80, L_000001f0ff1076e0, L_000001f0ff107960;
L_000001f0ff1105d0 .functor OR 1, L_000001f0ff1066a0, L_000001f0ff107780, L_000001f0ff108900, L_000001f0ff1078c0;
v000001f0ff0d37b0_0 .net "A", 3 0, v000001f0ff0f3780_0;  alias, 1 drivers
v000001f0ff0d38f0_0 .net "B", 3 0, v000001f0ff0f3780_0;  alias, 1 drivers
v000001f0ff0d3b70_0 .net "C", 3 0, L_000001f0ff1071e0;  1 drivers
L_000001f0ff130238 .functor BUFT 1, C4<0000>, C4<0>, C4<0>, C4<0>;
v000001f0ff0d3990_0 .net "D", 3 0, L_000001f0ff130238;  1 drivers
v000001f0ff0d3ad0_0 .net "Y", 3 0, L_000001f0ff106e20;  alias, 1 drivers
v000001f0ff0ce170_0 .net *"_ivl_10", 0 0, L_000001f0ff104a80;  1 drivers
v000001f0ff0cc5f0_0 .net *"_ivl_100", 0 0, L_000001f0ff108680;  1 drivers
v000001f0ff0cbdd0_0 .net *"_ivl_102", 0 0, L_000001f0ff1069c0;  1 drivers
v000001f0ff0cd950_0 .net *"_ivl_104", 0 0, L_000001f0ff0fea80;  1 drivers
v000001f0ff0cd810_0 .net *"_ivl_107", 0 0, L_000001f0ff107b40;  1 drivers
v000001f0ff0cd4f0_0 .net *"_ivl_109", 0 0, L_000001f0ff108b80;  1 drivers
v000001f0ff0ccc30_0 .net *"_ivl_111", 0 0, L_000001f0ff107820;  1 drivers
v000001f0ff0cc190_0 .net *"_ivl_113", 0 0, L_000001f0ff0fe850;  1 drivers
v000001f0ff0ccff0_0 .net *"_ivl_117", 0 0, L_000001f0ff107aa0;  1 drivers
v000001f0ff0cd310_0 .net *"_ivl_119", 0 0, L_000001f0ff1070a0;  1 drivers
v000001f0ff0ce350_0 .net *"_ivl_12", 0 0, L_000001f0ff0fd270;  1 drivers
v000001f0ff0ccf50_0 .net *"_ivl_121", 0 0, L_000001f0ff107f00;  1 drivers
v000001f0ff0cccd0_0 .net *"_ivl_123", 0 0, L_000001f0ff0fe8c0;  1 drivers
v000001f0ff0cc550_0 .net *"_ivl_126", 0 0, L_000001f0ff108a40;  1 drivers
v000001f0ff0cdc70_0 .net *"_ivl_128", 0 0, L_000001f0ff107640;  1 drivers
v000001f0ff0cbfb0_0 .net *"_ivl_130", 0 0, L_000001f0ff107fa0;  1 drivers
v000001f0ff0cc050_0 .net *"_ivl_132", 0 0, L_000001f0ff106420;  1 drivers
v000001f0ff0cd590_0 .net *"_ivl_134", 0 0, L_000001f0ff10fae0;  1 drivers
v000001f0ff0cd090_0 .net *"_ivl_137", 0 0, L_000001f0ff106b00;  1 drivers
v000001f0ff0ccb90_0 .net *"_ivl_139", 0 0, L_000001f0ff1089a0;  1 drivers
v000001f0ff0ccd70_0 .net *"_ivl_141", 0 0, L_000001f0ff108040;  1 drivers
v000001f0ff0cdef0_0 .net *"_ivl_143", 0 0, L_000001f0ff107140;  1 drivers
v000001f0ff0cd270_0 .net *"_ivl_145", 0 0, L_000001f0ff110100;  1 drivers
v000001f0ff0cd130_0 .net *"_ivl_148", 0 0, L_000001f0ff107dc0;  1 drivers
v000001f0ff0ce2b0_0 .net *"_ivl_15", 0 0, L_000001f0ff105de0;  1 drivers
v000001f0ff0cd1d0_0 .net *"_ivl_150", 0 0, L_000001f0ff107c80;  1 drivers
v000001f0ff0cce10_0 .net *"_ivl_152", 0 0, L_000001f0ff1076e0;  1 drivers
v000001f0ff0cc410_0 .net *"_ivl_154", 0 0, L_000001f0ff107960;  1 drivers
v000001f0ff0ce490_0 .net *"_ivl_156", 0 0, L_000001f0ff1105d0;  1 drivers
v000001f0ff0ccaf0_0 .net *"_ivl_160", 0 0, L_000001f0ff1066a0;  1 drivers
v000001f0ff0cbf10_0 .net *"_ivl_162", 0 0, L_000001f0ff107780;  1 drivers
v000001f0ff0cde50_0 .net *"_ivl_164", 0 0, L_000001f0ff108900;  1 drivers
v000001f0ff0cca50_0 .net *"_ivl_166", 0 0, L_000001f0ff1078c0;  1 drivers
v000001f0ff0cd3b0_0 .net *"_ivl_17", 0 0, L_000001f0ff0fdf90;  1 drivers
v000001f0ff0cc7d0_0 .net *"_ivl_2", 0 0, L_000001f0ff105a20;  1 drivers
v000001f0ff0cd770_0 .net *"_ivl_20", 0 0, L_000001f0ff1043a0;  1 drivers
v000001f0ff0cd630_0 .net *"_ivl_22", 0 0, L_000001f0ff0fd3c0;  1 drivers
v000001f0ff0cceb0_0 .net *"_ivl_26", 0 0, L_000001f0ff104620;  1 drivers
v000001f0ff0cda90_0 .net *"_ivl_28", 0 0, L_000001f0ff0fd820;  1 drivers
v000001f0ff0ce530_0 .net *"_ivl_31", 0 0, L_000001f0ff104d00;  1 drivers
v000001f0ff0ce210_0 .net *"_ivl_33", 0 0, L_000001f0ff104da0;  1 drivers
v000001f0ff0cbe70_0 .net *"_ivl_35", 0 0, L_000001f0ff0fd970;  1 drivers
v000001f0ff0cc910_0 .net *"_ivl_38", 0 0, L_000001f0ff105020;  1 drivers
v000001f0ff0cc870_0 .net *"_ivl_40", 0 0, L_000001f0ff1050c0;  1 drivers
v000001f0ff0cdf90_0 .net *"_ivl_42", 0 0, L_000001f0ff0fdcf0;  1 drivers
v000001f0ff0cdd10_0 .net *"_ivl_45", 0 0, L_000001f0ff104760;  1 drivers
v000001f0ff0cd450_0 .net *"_ivl_47", 0 0, L_000001f0ff105f20;  1 drivers
v000001f0ff0cc0f0_0 .net *"_ivl_49", 0 0, L_000001f0ff0fda50;  1 drivers
v000001f0ff0cc230_0 .net *"_ivl_5", 0 0, L_000001f0ff105c00;  1 drivers
v000001f0ff0cd9f0_0 .net *"_ivl_53", 0 0, L_000001f0ff104800;  1 drivers
v000001f0ff0cd8b0_0 .net *"_ivl_55", 0 0, L_000001f0ff1048a0;  1 drivers
v000001f0ff0ce3f0_0 .net *"_ivl_57", 0 0, L_000001f0ff0fdd60;  1 drivers
v000001f0ff0cd6d0_0 .net *"_ivl_60", 0 0, L_000001f0ff106560;  1 drivers
v000001f0ff0cdb30_0 .net *"_ivl_62", 0 0, L_000001f0ff106740;  1 drivers
v000001f0ff0cdbd0_0 .net *"_ivl_64", 0 0, L_000001f0ff0feaf0;  1 drivers
v000001f0ff0cc2d0_0 .net *"_ivl_67", 0 0, L_000001f0ff1067e0;  1 drivers
v000001f0ff0cc9b0_0 .net *"_ivl_69", 0 0, L_000001f0ff108180;  1 drivers
v000001f0ff0cc370_0 .net *"_ivl_7", 0 0, L_000001f0ff0fcf60;  1 drivers
v000001f0ff0cddb0_0 .net *"_ivl_71", 0 0, L_000001f0ff0fe930;  1 drivers
v000001f0ff0cc4b0_0 .net *"_ivl_74", 0 0, L_000001f0ff106f60;  1 drivers
v000001f0ff0ce030_0 .net *"_ivl_76", 0 0, L_000001f0ff108ae0;  1 drivers
v000001f0ff0ce0d0_0 .net *"_ivl_78", 0 0, L_000001f0ff0fe9a0;  1 drivers
v000001f0ff0cc690_0 .net *"_ivl_82", 0 0, L_000001f0ff106600;  1 drivers
v000001f0ff0cc730_0 .net *"_ivl_84", 0 0, L_000001f0ff1085e0;  1 drivers
v000001f0ff0d6ae0_0 .net *"_ivl_86", 0 0, L_000001f0ff0fe7e0;  1 drivers
v000001f0ff0d78a0_0 .net *"_ivl_89", 0 0, L_000001f0ff1075a0;  1 drivers
v000001f0ff0d7d00_0 .net *"_ivl_91", 0 0, L_000001f0ff108360;  1 drivers
v000001f0ff0d8200_0 .net *"_ivl_93", 0 0, L_000001f0ff107000;  1 drivers
v000001f0ff0d7440_0 .net *"_ivl_95", 0 0, L_000001f0ff0fea10;  1 drivers
v000001f0ff0d7300_0 .net *"_ivl_98", 0 0, L_000001f0ff108540;  1 drivers
v000001f0ff0d7da0_0 .net "nA", 3 0, L_000001f0ff105e80;  1 drivers
v000001f0ff0d80c0_0 .net "nB", 3 0, L_000001f0ff106100;  1 drivers
v000001f0ff0d7940_0 .net "nC", 3 0, L_000001f0ff107d20;  1 drivers
v000001f0ff0d8160_0 .net "nD", 3 0, L_000001f0ff108220;  1 drivers
v000001f0ff0d7a80_0 .net "ns0", 0 0, L_000001f0ff0fe540;  1 drivers
v000001f0ff0d6cc0_0 .net "ns1", 0 0, L_000001f0ff0fd6d0;  1 drivers
v000001f0ff0d6680_0 .net "sel", 1 0, v000001f0ff0bf410_0;  alias, 1 drivers
L_000001f0ff105a20 .part v000001f0ff0bf410_0, 0, 1;
L_000001f0ff105c00 .part v000001f0ff0bf410_0, 1, 1;
L_000001f0ff104a80 .part v000001f0ff0f3780_0, 0, 1;
L_000001f0ff105de0 .part v000001f0ff0f3780_0, 1, 1;
L_000001f0ff1043a0 .part v000001f0ff0f3780_0, 2, 1;
L_000001f0ff105e80 .concat8 [ 1 1 1 1], L_000001f0ff0fcf60, L_000001f0ff0fd270, L_000001f0ff0fdf90, L_000001f0ff0fd3c0;
L_000001f0ff104620 .part v000001f0ff0f3780_0, 3, 1;
L_000001f0ff104d00 .part v000001f0ff0f3780_0, 0, 1;
L_000001f0ff104da0 .part v000001f0ff0bf410_0, 0, 1;
L_000001f0ff105020 .part v000001f0ff0f3780_0, 1, 1;
L_000001f0ff1050c0 .part v000001f0ff0bf410_0, 0, 1;
L_000001f0ff104760 .part v000001f0ff0f3780_0, 2, 1;
L_000001f0ff105f20 .part v000001f0ff0bf410_0, 0, 1;
L_000001f0ff106100 .concat8 [ 1 1 1 1], L_000001f0ff0fd820, L_000001f0ff0fd970, L_000001f0ff0fdcf0, L_000001f0ff0fda50;
L_000001f0ff104800 .part v000001f0ff0f3780_0, 3, 1;
L_000001f0ff1048a0 .part v000001f0ff0bf410_0, 0, 1;
L_000001f0ff106560 .part L_000001f0ff1071e0, 0, 1;
L_000001f0ff106740 .part v000001f0ff0bf410_0, 1, 1;
L_000001f0ff1067e0 .part L_000001f0ff1071e0, 1, 1;
L_000001f0ff108180 .part v000001f0ff0bf410_0, 1, 1;
L_000001f0ff106f60 .part L_000001f0ff1071e0, 2, 1;
L_000001f0ff108ae0 .part v000001f0ff0bf410_0, 1, 1;
L_000001f0ff107d20 .concat8 [ 1 1 1 1], L_000001f0ff0fdd60, L_000001f0ff0feaf0, L_000001f0ff0fe930, L_000001f0ff0fe9a0;
L_000001f0ff106600 .part L_000001f0ff1071e0, 3, 1;
L_000001f0ff1085e0 .part v000001f0ff0bf410_0, 1, 1;
L_000001f0ff1075a0 .part L_000001f0ff130238, 0, 1;
L_000001f0ff108360 .part v000001f0ff0bf410_0, 1, 1;
L_000001f0ff107000 .part v000001f0ff0bf410_0, 0, 1;
L_000001f0ff108540 .part L_000001f0ff130238, 1, 1;
L_000001f0ff108680 .part v000001f0ff0bf410_0, 1, 1;
L_000001f0ff1069c0 .part v000001f0ff0bf410_0, 0, 1;
L_000001f0ff107b40 .part L_000001f0ff130238, 2, 1;
L_000001f0ff108b80 .part v000001f0ff0bf410_0, 1, 1;
L_000001f0ff107820 .part v000001f0ff0bf410_0, 0, 1;
L_000001f0ff108220 .concat8 [ 1 1 1 1], L_000001f0ff0fe7e0, L_000001f0ff0fea10, L_000001f0ff0fea80, L_000001f0ff0fe850;
L_000001f0ff107aa0 .part L_000001f0ff130238, 3, 1;
L_000001f0ff1070a0 .part v000001f0ff0bf410_0, 1, 1;
L_000001f0ff107f00 .part v000001f0ff0bf410_0, 0, 1;
L_000001f0ff108a40 .part L_000001f0ff105e80, 0, 1;
L_000001f0ff107640 .part L_000001f0ff106100, 0, 1;
L_000001f0ff107fa0 .part L_000001f0ff107d20, 0, 1;
L_000001f0ff106420 .part L_000001f0ff108220, 0, 1;
L_000001f0ff106b00 .part L_000001f0ff105e80, 1, 1;
L_000001f0ff1089a0 .part L_000001f0ff106100, 1, 1;
L_000001f0ff108040 .part L_000001f0ff107d20, 1, 1;
L_000001f0ff107140 .part L_000001f0ff108220, 1, 1;
L_000001f0ff107dc0 .part L_000001f0ff105e80, 2, 1;
L_000001f0ff107c80 .part L_000001f0ff106100, 2, 1;
L_000001f0ff1076e0 .part L_000001f0ff107d20, 2, 1;
L_000001f0ff107960 .part L_000001f0ff108220, 2, 1;
L_000001f0ff106e20 .concat8 [ 1 1 1 1], L_000001f0ff0fe8c0, L_000001f0ff10fae0, L_000001f0ff110100, L_000001f0ff1105d0;
L_000001f0ff1066a0 .part L_000001f0ff105e80, 3, 1;
L_000001f0ff107780 .part L_000001f0ff106100, 3, 1;
L_000001f0ff108900 .part L_000001f0ff107d20, 3, 1;
L_000001f0ff1078c0 .part L_000001f0ff108220, 3, 1;
S_000001f0ff05cb80 .scope module, "MUX_MAXA" "mux2to1_4bit" 3 907, 3 1046 0, S_000001f0feee0660;
 .timescale -9 -12;
    .port_info 0 /INPUT 4 "A";
    .port_info 1 /INPUT 4 "B";
    .port_info 2 /INPUT 1 "sel";
    .port_info 3 /OUTPUT 4 "Y";
L_000001f0fef08630 .functor NOT 1, v000001f0ff0c0810_0, C4<0>, C4<0>, C4<0>;
L_000001f0fef07fa0 .functor AND 1, L_000001f0ff0e6580, L_000001f0fef08630, C4<1>, C4<1>;
L_000001f0fef08240 .functor AND 1, L_000001f0ff0e4280, L_000001f0fef08630, C4<1>, C4<1>;
L_000001f0fef086a0 .functor AND 1, L_000001f0ff0e59a0, L_000001f0fef08630, C4<1>, C4<1>;
L_000001f0fef08710 .functor AND 1, L_000001f0ff0e5040, L_000001f0fef08630, C4<1>, C4<1>;
L_000001f0fef087f0 .functor AND 1, L_000001f0ff0e50e0, v000001f0ff0c0810_0, C4<1>, C4<1>;
L_000001f0ff01d240 .functor AND 1, L_000001f0ff0e6300, v000001f0ff0c0810_0, C4<1>, C4<1>;
L_000001f0ff0fdf20 .functor AND 1, L_000001f0ff0e4320, v000001f0ff0c0810_0, C4<1>, C4<1>;
L_000001f0ff0fe5b0 .functor AND 1, L_000001f0ff0e55e0, v000001f0ff0c0810_0, C4<1>, C4<1>;
L_000001f0ff0fd900 .functor OR 1, L_000001f0ff0e4b40, L_000001f0ff0e4c80, C4<0>, C4<0>;
L_000001f0ff0fe700 .functor OR 1, L_000001f0ff0e3f60, L_000001f0ff0e5fe0, C4<0>, C4<0>;
L_000001f0ff0fd4a0 .functor OR 1, L_000001f0ff0e4d20, L_000001f0ff0e5180, C4<0>, C4<0>;
L_000001f0ff0fe770 .functor OR 1, L_000001f0ff0e3ec0, L_000001f0ff0e4e60, C4<0>, C4<0>;
L_000001f0ff130118 .functor BUFT 1, C4<0000>, C4<0>, C4<0>, C4<0>;
v000001f0ff0d74e0_0 .net "A", 3 0, L_000001f0ff130118;  1 drivers
v000001f0ff0d6f40_0 .net "B", 3 0, L_000001f0ff10a200;  alias, 1 drivers
v000001f0ff0d71c0_0 .net "Y", 3 0, L_000001f0ff0e4dc0;  alias, 1 drivers
v000001f0ff0d79e0_0 .net *"_ivl_10", 0 0, L_000001f0ff0e4280;  1 drivers
v000001f0ff0d82a0_0 .net *"_ivl_12", 0 0, L_000001f0fef086a0;  1 drivers
v000001f0ff0d7b20_0 .net *"_ivl_15", 0 0, L_000001f0ff0e59a0;  1 drivers
v000001f0ff0d6fe0_0 .net *"_ivl_17", 0 0, L_000001f0fef08710;  1 drivers
v000001f0ff0d7bc0_0 .net *"_ivl_2", 0 0, L_000001f0fef07fa0;  1 drivers
v000001f0ff0d7120_0 .net *"_ivl_21", 0 0, L_000001f0ff0e5040;  1 drivers
v000001f0ff0d7c60_0 .net *"_ivl_23", 0 0, L_000001f0fef087f0;  1 drivers
v000001f0ff0d7800_0 .net *"_ivl_26", 0 0, L_000001f0ff0e50e0;  1 drivers
v000001f0ff0d8340_0 .net *"_ivl_28", 0 0, L_000001f0ff01d240;  1 drivers
v000001f0ff0d7e40_0 .net *"_ivl_31", 0 0, L_000001f0ff0e6300;  1 drivers
v000001f0ff0d7260_0 .net *"_ivl_33", 0 0, L_000001f0ff0fdf20;  1 drivers
v000001f0ff0d69a0_0 .net *"_ivl_36", 0 0, L_000001f0ff0e4320;  1 drivers
v000001f0ff0d6ea0_0 .net *"_ivl_38", 0 0, L_000001f0ff0fe5b0;  1 drivers
v000001f0ff0d8700_0 .net *"_ivl_42", 0 0, L_000001f0ff0e55e0;  1 drivers
v000001f0ff0d83e0_0 .net *"_ivl_44", 0 0, L_000001f0ff0fd900;  1 drivers
v000001f0ff0d8980_0 .net *"_ivl_47", 0 0, L_000001f0ff0e4b40;  1 drivers
v000001f0ff0d8b60_0 .net *"_ivl_49", 0 0, L_000001f0ff0e4c80;  1 drivers
v000001f0ff0d7620_0 .net *"_ivl_5", 0 0, L_000001f0ff0e6580;  1 drivers
v000001f0ff0d6b80_0 .net *"_ivl_51", 0 0, L_000001f0ff0fe700;  1 drivers
v000001f0ff0d8480_0 .net *"_ivl_54", 0 0, L_000001f0ff0e3f60;  1 drivers
v000001f0ff0d7ee0_0 .net *"_ivl_56", 0 0, L_000001f0ff0e5fe0;  1 drivers
v000001f0ff0d7f80_0 .net *"_ivl_58", 0 0, L_000001f0ff0fd4a0;  1 drivers
v000001f0ff0d8520_0 .net *"_ivl_61", 0 0, L_000001f0ff0e4d20;  1 drivers
v000001f0ff0d73a0_0 .net *"_ivl_63", 0 0, L_000001f0ff0e5180;  1 drivers
v000001f0ff0d6d60_0 .net *"_ivl_65", 0 0, L_000001f0ff0fe770;  1 drivers
v000001f0ff0d8a20_0 .net *"_ivl_69", 0 0, L_000001f0ff0e3ec0;  1 drivers
v000001f0ff0d8020_0 .net *"_ivl_7", 0 0, L_000001f0fef08240;  1 drivers
v000001f0ff0d8ac0_0 .net *"_ivl_71", 0 0, L_000001f0ff0e4e60;  1 drivers
v000001f0ff0d8c00_0 .net "and_A", 3 0, L_000001f0ff0e6260;  1 drivers
v000001f0ff0d85c0_0 .net "and_B", 3 0, L_000001f0ff0e4780;  1 drivers
v000001f0ff0d7080_0 .net "sel", 0 0, v000001f0ff0c0810_0;  alias, 1 drivers
v000001f0ff0d7580_0 .net "sel_n", 0 0, L_000001f0fef08630;  1 drivers
L_000001f0ff0e6580 .part L_000001f0ff130118, 0, 1;
L_000001f0ff0e4280 .part L_000001f0ff130118, 1, 1;
L_000001f0ff0e59a0 .part L_000001f0ff130118, 2, 1;
L_000001f0ff0e6260 .concat8 [ 1 1 1 1], L_000001f0fef07fa0, L_000001f0fef08240, L_000001f0fef086a0, L_000001f0fef08710;
L_000001f0ff0e5040 .part L_000001f0ff130118, 3, 1;
L_000001f0ff0e50e0 .part L_000001f0ff10a200, 0, 1;
L_000001f0ff0e6300 .part L_000001f0ff10a200, 1, 1;
L_000001f0ff0e4320 .part L_000001f0ff10a200, 2, 1;
L_000001f0ff0e4780 .concat8 [ 1 1 1 1], L_000001f0fef087f0, L_000001f0ff01d240, L_000001f0ff0fdf20, L_000001f0ff0fe5b0;
L_000001f0ff0e55e0 .part L_000001f0ff10a200, 3, 1;
L_000001f0ff0e4b40 .part L_000001f0ff0e6260, 0, 1;
L_000001f0ff0e4c80 .part L_000001f0ff0e4780, 0, 1;
L_000001f0ff0e3f60 .part L_000001f0ff0e6260, 1, 1;
L_000001f0ff0e5fe0 .part L_000001f0ff0e4780, 1, 1;
L_000001f0ff0e4d20 .part L_000001f0ff0e6260, 2, 1;
L_000001f0ff0e5180 .part L_000001f0ff0e4780, 2, 1;
L_000001f0ff0e4dc0 .concat8 [ 1 1 1 1], L_000001f0ff0fd900, L_000001f0ff0fe700, L_000001f0ff0fd4a0, L_000001f0ff0fe770;
L_000001f0ff0e3ec0 .part L_000001f0ff0e6260, 3, 1;
L_000001f0ff0e4e60 .part L_000001f0ff0e4780, 3, 1;
S_000001f0ff05cd10 .scope module, "MUX_MAXV" "mux2to1_5bit" 3 908, 3 1078 0, S_000001f0feee0660;
 .timescale -9 -12;
    .port_info 0 /INPUT 5 "A";
    .port_info 1 /INPUT 5 "B";
    .port_info 2 /INPUT 1 "sel";
    .port_info 3 /OUTPUT 5 "Y";
L_000001f0ff0fd660 .functor NOT 1, v000001f0ff0c0b30_0, C4<0>, C4<0>, C4<0>;
L_000001f0ff0fe150 .functor AND 1, L_000001f0ff0e4000, L_000001f0ff0fd660, C4<1>, C4<1>;
L_000001f0ff0fce10 .functor AND 1, L_000001f0ff0e5900, L_000001f0ff0fd660, C4<1>, C4<1>;
L_000001f0ff0fce80 .functor AND 1, L_000001f0ff0e6120, L_000001f0ff0fd660, C4<1>, C4<1>;
L_000001f0ff0fd510 .functor AND 1, L_000001f0ff0e4f00, L_000001f0ff0fd660, C4<1>, C4<1>;
L_000001f0ff0fcbe0 .functor AND 1, L_000001f0ff0e40a0, L_000001f0ff0fd660, C4<1>, C4<1>;
L_000001f0ff0fe380 .functor AND 1, L_000001f0ff0e5220, v000001f0ff0c0b30_0, C4<1>, C4<1>;
L_000001f0ff0fdac0 .functor AND 1, L_000001f0ff0e5ae0, v000001f0ff0c0b30_0, C4<1>, C4<1>;
L_000001f0ff0fdeb0 .functor AND 1, L_000001f0ff0e57c0, v000001f0ff0c0b30_0, C4<1>, C4<1>;
L_000001f0ff0fcfd0 .functor AND 1, L_000001f0ff0e5860, v000001f0ff0c0b30_0, C4<1>, C4<1>;
L_000001f0ff0fe4d0 .functor AND 1, L_000001f0ff0e5c20, v000001f0ff0c0b30_0, C4<1>, C4<1>;
L_000001f0ff0fe690 .functor OR 1, L_000001f0ff0e64e0, L_000001f0ff0e4640, C4<0>, C4<0>;
L_000001f0ff0fdc80 .functor OR 1, L_000001f0ff0e4140, L_000001f0ff0e43c0, C4<0>, C4<0>;
L_000001f0ff0fccc0 .functor OR 1, L_000001f0ff0e4460, L_000001f0ff0e4500, C4<0>, C4<0>;
L_000001f0ff0fe1c0 .functor OR 1, L_000001f0ff104300, L_000001f0ff104ee0, C4<0>, C4<0>;
L_000001f0ff0fe620 .functor OR 1, L_000001f0ff105340, L_000001f0ff106380, C4<0>, C4<0>;
L_000001f0ff130160 .functor BUFT 1, C4<00000>, C4<0>, C4<0>, C4<0>;
v000001f0ff0d67c0_0 .net "A", 4 0, L_000001f0ff130160;  1 drivers
v000001f0ff0d8ca0_0 .net "B", 4 0, L_000001f0ff10ca00;  alias, 1 drivers
v000001f0ff0d76c0_0 .net "Y", 4 0, L_000001f0ff103fe0;  alias, 1 drivers
v000001f0ff0d7760_0 .net *"_ivl_10", 0 0, L_000001f0ff0e5900;  1 drivers
v000001f0ff0d8660_0 .net *"_ivl_12", 0 0, L_000001f0ff0fce80;  1 drivers
v000001f0ff0d87a0_0 .net *"_ivl_15", 0 0, L_000001f0ff0e6120;  1 drivers
v000001f0ff0d6720_0 .net *"_ivl_17", 0 0, L_000001f0ff0fd510;  1 drivers
v000001f0ff0d8840_0 .net *"_ivl_2", 0 0, L_000001f0ff0fe150;  1 drivers
v000001f0ff0d88e0_0 .net *"_ivl_20", 0 0, L_000001f0ff0e4f00;  1 drivers
v000001f0ff0d8d40_0 .net *"_ivl_22", 0 0, L_000001f0ff0fcbe0;  1 drivers
v000001f0ff0d6c20_0 .net *"_ivl_26", 0 0, L_000001f0ff0e40a0;  1 drivers
v000001f0ff0d65e0_0 .net *"_ivl_28", 0 0, L_000001f0ff0fe380;  1 drivers
v000001f0ff0d6860_0 .net *"_ivl_31", 0 0, L_000001f0ff0e5220;  1 drivers
v000001f0ff0d6900_0 .net *"_ivl_33", 0 0, L_000001f0ff0fdac0;  1 drivers
v000001f0ff0d6e00_0 .net *"_ivl_36", 0 0, L_000001f0ff0e5ae0;  1 drivers
v000001f0ff0d6a40_0 .net *"_ivl_38", 0 0, L_000001f0ff0fdeb0;  1 drivers
v000001f0ff0d9c40_0 .net *"_ivl_41", 0 0, L_000001f0ff0e57c0;  1 drivers
v000001f0ff0db180_0 .net *"_ivl_43", 0 0, L_000001f0ff0fcfd0;  1 drivers
v000001f0ff0da3c0_0 .net *"_ivl_46", 0 0, L_000001f0ff0e5860;  1 drivers
v000001f0ff0d9100_0 .net *"_ivl_48", 0 0, L_000001f0ff0fe4d0;  1 drivers
v000001f0ff0db540_0 .net *"_ivl_5", 0 0, L_000001f0ff0e4000;  1 drivers
v000001f0ff0db220_0 .net *"_ivl_52", 0 0, L_000001f0ff0e5c20;  1 drivers
v000001f0ff0d9600_0 .net *"_ivl_54", 0 0, L_000001f0ff0fe690;  1 drivers
v000001f0ff0dae60_0 .net *"_ivl_57", 0 0, L_000001f0ff0e64e0;  1 drivers
v000001f0ff0d99c0_0 .net *"_ivl_59", 0 0, L_000001f0ff0e4640;  1 drivers
v000001f0ff0da8c0_0 .net *"_ivl_61", 0 0, L_000001f0ff0fdc80;  1 drivers
v000001f0ff0d9380_0 .net *"_ivl_64", 0 0, L_000001f0ff0e4140;  1 drivers
v000001f0ff0da500_0 .net *"_ivl_66", 0 0, L_000001f0ff0e43c0;  1 drivers
v000001f0ff0daf00_0 .net *"_ivl_68", 0 0, L_000001f0ff0fccc0;  1 drivers
v000001f0ff0da960_0 .net *"_ivl_7", 0 0, L_000001f0ff0fce10;  1 drivers
v000001f0ff0dafa0_0 .net *"_ivl_71", 0 0, L_000001f0ff0e4460;  1 drivers
v000001f0ff0daa00_0 .net *"_ivl_73", 0 0, L_000001f0ff0e4500;  1 drivers
v000001f0ff0d9560_0 .net *"_ivl_75", 0 0, L_000001f0ff0fe1c0;  1 drivers
v000001f0ff0da6e0_0 .net *"_ivl_78", 0 0, L_000001f0ff104300;  1 drivers
v000001f0ff0db2c0_0 .net *"_ivl_80", 0 0, L_000001f0ff104ee0;  1 drivers
v000001f0ff0d9060_0 .net *"_ivl_82", 0 0, L_000001f0ff0fe620;  1 drivers
v000001f0ff0da780_0 .net *"_ivl_86", 0 0, L_000001f0ff105340;  1 drivers
v000001f0ff0dac80_0 .net *"_ivl_88", 0 0, L_000001f0ff106380;  1 drivers
v000001f0ff0db400_0 .net "nA", 4 0, L_000001f0ff0e5a40;  1 drivers
v000001f0ff0d8e80_0 .net "nB", 4 0, L_000001f0ff0e5b80;  1 drivers
v000001f0ff0d9ce0_0 .net "sel", 0 0, v000001f0ff0c0b30_0;  alias, 1 drivers
v000001f0ff0da0a0_0 .net "sel_n", 0 0, L_000001f0ff0fd660;  1 drivers
L_000001f0ff0e4000 .part L_000001f0ff130160, 0, 1;
L_000001f0ff0e5900 .part L_000001f0ff130160, 1, 1;
L_000001f0ff0e6120 .part L_000001f0ff130160, 2, 1;
L_000001f0ff0e4f00 .part L_000001f0ff130160, 3, 1;
LS_000001f0ff0e5a40_0_0 .concat8 [ 1 1 1 1], L_000001f0ff0fe150, L_000001f0ff0fce10, L_000001f0ff0fce80, L_000001f0ff0fd510;
LS_000001f0ff0e5a40_0_4 .concat8 [ 1 0 0 0], L_000001f0ff0fcbe0;
L_000001f0ff0e5a40 .concat8 [ 4 1 0 0], LS_000001f0ff0e5a40_0_0, LS_000001f0ff0e5a40_0_4;
L_000001f0ff0e40a0 .part L_000001f0ff130160, 4, 1;
L_000001f0ff0e5220 .part L_000001f0ff10ca00, 0, 1;
L_000001f0ff0e5ae0 .part L_000001f0ff10ca00, 1, 1;
L_000001f0ff0e57c0 .part L_000001f0ff10ca00, 2, 1;
L_000001f0ff0e5860 .part L_000001f0ff10ca00, 3, 1;
LS_000001f0ff0e5b80_0_0 .concat8 [ 1 1 1 1], L_000001f0ff0fe380, L_000001f0ff0fdac0, L_000001f0ff0fdeb0, L_000001f0ff0fcfd0;
LS_000001f0ff0e5b80_0_4 .concat8 [ 1 0 0 0], L_000001f0ff0fe4d0;
L_000001f0ff0e5b80 .concat8 [ 4 1 0 0], LS_000001f0ff0e5b80_0_0, LS_000001f0ff0e5b80_0_4;
L_000001f0ff0e5c20 .part L_000001f0ff10ca00, 4, 1;
L_000001f0ff0e64e0 .part L_000001f0ff0e5a40, 0, 1;
L_000001f0ff0e4640 .part L_000001f0ff0e5b80, 0, 1;
L_000001f0ff0e4140 .part L_000001f0ff0e5a40, 1, 1;
L_000001f0ff0e43c0 .part L_000001f0ff0e5b80, 1, 1;
L_000001f0ff0e4460 .part L_000001f0ff0e5a40, 2, 1;
L_000001f0ff0e4500 .part L_000001f0ff0e5b80, 2, 1;
L_000001f0ff104300 .part L_000001f0ff0e5a40, 3, 1;
L_000001f0ff104ee0 .part L_000001f0ff0e5b80, 3, 1;
LS_000001f0ff103fe0_0_0 .concat8 [ 1 1 1 1], L_000001f0ff0fe690, L_000001f0ff0fdc80, L_000001f0ff0fccc0, L_000001f0ff0fe1c0;
LS_000001f0ff103fe0_0_4 .concat8 [ 1 0 0 0], L_000001f0ff0fe620;
L_000001f0ff103fe0 .concat8 [ 4 1 0 0], LS_000001f0ff103fe0_0_0, LS_000001f0ff103fe0_0_4;
L_000001f0ff105340 .part L_000001f0ff0e5a40, 4, 1;
L_000001f0ff106380 .part L_000001f0ff0e5b80, 4, 1;
S_000001f0ff05c3b0 .scope module, "MUX_MDR" "mux4to1_5bit" 3 913, 3 1140 0, S_000001f0feee0660;
 .timescale -9 -12;
    .port_info 0 /INPUT 5 "A";
    .port_info 1 /INPUT 5 "B";
    .port_info 2 /INPUT 5 "C";
    .port_info 3 /INPUT 5 "D";
    .port_info 4 /INPUT 2 "sel";
    .port_info 5 /OUTPUT 5 "Y";
L_000001f0ff10f1b0 .functor NOT 1, L_000001f0ff1064c0, C4<0>, C4<0>, C4<0>;
L_000001f0ff1101e0 .functor NOT 1, L_000001f0ff1084a0, C4<0>, C4<0>, C4<0>;
L_000001f0ff10f4c0 .functor AND 1, L_000001f0ff106920, L_000001f0ff1101e0, L_000001f0ff10f1b0, C4<1>;
L_000001f0ff10f8b0 .functor AND 1, L_000001f0ff107280, L_000001f0ff1101e0, L_000001f0ff10f1b0, C4<1>;
L_000001f0ff110020 .functor AND 1, L_000001f0ff107320, L_000001f0ff1101e0, L_000001f0ff10f1b0, C4<1>;
L_000001f0ff10f450 .functor AND 1, L_000001f0ff106ec0, L_000001f0ff1101e0, L_000001f0ff10f1b0, C4<1>;
L_000001f0ff10f610 .functor AND 1, L_000001f0ff107a00, L_000001f0ff1101e0, L_000001f0ff10f1b0, C4<1>;
L_000001f0ff10fbc0 .functor AND 1, L_000001f0ff106c40, L_000001f0ff1101e0, L_000001f0ff108400, C4<1>;
L_000001f0ff10f840 .functor AND 1, L_000001f0ff1082c0, L_000001f0ff1101e0, L_000001f0ff107be0, C4<1>;
L_000001f0ff110790 .functor AND 1, L_000001f0ff1073c0, L_000001f0ff1101e0, L_000001f0ff106880, C4<1>;
L_000001f0ff10f5a0 .functor AND 1, L_000001f0ff106a60, L_000001f0ff1101e0, L_000001f0ff1087c0, C4<1>;
L_000001f0ff1102c0 .functor AND 1, L_000001f0ff107e60, L_000001f0ff1101e0, L_000001f0ff106d80, C4<1>;
L_000001f0ff10ee30 .functor AND 1, L_000001f0ff108860, L_000001f0ff106ce0, L_000001f0ff10f1b0, C4<1>;
L_000001f0ff10ec70 .functor AND 1, L_000001f0ff107460, L_000001f0ff108720, L_000001f0ff10f1b0, C4<1>;
L_000001f0ff110330 .functor AND 1, L_000001f0ff107500, L_000001f0ff10b380, L_000001f0ff10f1b0, C4<1>;
L_000001f0ff10edc0 .functor AND 1, L_000001f0ff10aac0, L_000001f0ff109760, L_000001f0ff10f1b0, C4<1>;
L_000001f0ff10f300 .functor AND 1, L_000001f0ff109800, L_000001f0ff10a700, L_000001f0ff10f1b0, C4<1>;
L_000001f0ff10f530 .functor AND 1, L_000001f0ff10ae80, L_000001f0ff109260, L_000001f0ff10b100, C4<1>;
L_000001f0ff10fb50 .functor AND 1, L_000001f0ff1093a0, L_000001f0ff10aa20, L_000001f0ff1091c0, C4<1>;
L_000001f0ff10f680 .functor AND 1, L_000001f0ff10a7a0, L_000001f0ff10a160, L_000001f0ff108c20, C4<1>;
L_000001f0ff10f6f0 .functor AND 1, L_000001f0ff109440, L_000001f0ff108cc0, L_000001f0ff10b240, C4<1>;
L_000001f0ff10f760 .functor AND 1, L_000001f0ff10af20, L_000001f0ff10b2e0, L_000001f0ff109300, C4<1>;
L_000001f0ff110640 .functor OR 1, L_000001f0ff109a80, L_000001f0ff109580, L_000001f0ff10ab60, L_000001f0ff10a840;
L_000001f0ff110560 .functor OR 1, L_000001f0ff109620, L_000001f0ff1096c0, L_000001f0ff1098a0, L_000001f0ff10afc0;
L_000001f0ff10f3e0 .functor OR 1, L_000001f0ff109e40, L_000001f0ff10a8e0, L_000001f0ff10a2a0, L_000001f0ff109940;
L_000001f0ff10eea0 .functor OR 1, L_000001f0ff108d60, L_000001f0ff108e00, L_000001f0ff1099e0, L_000001f0ff10b060;
L_000001f0ff110170 .functor OR 1, L_000001f0ff108ea0, L_000001f0ff10a340, L_000001f0ff10ac00, L_000001f0ff109da0;
v000001f0ff0db040_0 .net "A", 4 0, v000001f0ff0e54a0_0;  alias, 1 drivers
v000001f0ff0da140_0 .net "B", 4 0, v000001f0ff0e54a0_0;  alias, 1 drivers
v000001f0ff0d9920_0 .net "C", 4 0, v000001f0ff0ef5e0_0;  alias, 1 drivers
L_000001f0ff130280 .functor BUFT 1, C4<00000>, C4<0>, C4<0>, C4<0>;
v000001f0ff0d96a0_0 .net "D", 4 0, L_000001f0ff130280;  1 drivers
v000001f0ff0da820_0 .net "Y", 4 0, L_000001f0ff10a980;  alias, 1 drivers
v000001f0ff0d8de0_0 .net *"_ivl_10", 0 0, L_000001f0ff106920;  1 drivers
v000001f0ff0da000_0 .net *"_ivl_101", 0 0, L_000001f0ff109800;  1 drivers
v000001f0ff0da5a0_0 .net *"_ivl_103", 0 0, L_000001f0ff10a700;  1 drivers
v000001f0ff0d8f20_0 .net *"_ivl_105", 0 0, L_000001f0ff10f530;  1 drivers
v000001f0ff0d91a0_0 .net *"_ivl_108", 0 0, L_000001f0ff10ae80;  1 drivers
v000001f0ff0d92e0_0 .net *"_ivl_110", 0 0, L_000001f0ff109260;  1 drivers
v000001f0ff0da1e0_0 .net *"_ivl_112", 0 0, L_000001f0ff10b100;  1 drivers
v000001f0ff0da640_0 .net *"_ivl_114", 0 0, L_000001f0ff10fb50;  1 drivers
v000001f0ff0daaa0_0 .net *"_ivl_117", 0 0, L_000001f0ff1093a0;  1 drivers
v000001f0ff0d9d80_0 .net *"_ivl_119", 0 0, L_000001f0ff10aa20;  1 drivers
v000001f0ff0d9b00_0 .net *"_ivl_12", 0 0, L_000001f0ff10f8b0;  1 drivers
v000001f0ff0dab40_0 .net *"_ivl_121", 0 0, L_000001f0ff1091c0;  1 drivers
v000001f0ff0d94c0_0 .net *"_ivl_123", 0 0, L_000001f0ff10f680;  1 drivers
v000001f0ff0db0e0_0 .net *"_ivl_126", 0 0, L_000001f0ff10a7a0;  1 drivers
v000001f0ff0dabe0_0 .net *"_ivl_128", 0 0, L_000001f0ff10a160;  1 drivers
v000001f0ff0da280_0 .net *"_ivl_130", 0 0, L_000001f0ff108c20;  1 drivers
v000001f0ff0dad20_0 .net *"_ivl_132", 0 0, L_000001f0ff10f6f0;  1 drivers
v000001f0ff0d9740_0 .net *"_ivl_135", 0 0, L_000001f0ff109440;  1 drivers
v000001f0ff0dadc0_0 .net *"_ivl_137", 0 0, L_000001f0ff108cc0;  1 drivers
v000001f0ff0db360_0 .net *"_ivl_139", 0 0, L_000001f0ff10b240;  1 drivers
v000001f0ff0db4a0_0 .net *"_ivl_141", 0 0, L_000001f0ff10f760;  1 drivers
v000001f0ff0d8fc0_0 .net *"_ivl_145", 0 0, L_000001f0ff10af20;  1 drivers
v000001f0ff0d9240_0 .net *"_ivl_147", 0 0, L_000001f0ff10b2e0;  1 drivers
v000001f0ff0d9420_0 .net *"_ivl_149", 0 0, L_000001f0ff109300;  1 drivers
v000001f0ff0d97e0_0 .net *"_ivl_15", 0 0, L_000001f0ff107280;  1 drivers
v000001f0ff0d9880_0 .net *"_ivl_151", 0 0, L_000001f0ff110640;  1 drivers
v000001f0ff0d9a60_0 .net *"_ivl_154", 0 0, L_000001f0ff109a80;  1 drivers
v000001f0ff0d9ba0_0 .net *"_ivl_156", 0 0, L_000001f0ff109580;  1 drivers
v000001f0ff0d9e20_0 .net *"_ivl_158", 0 0, L_000001f0ff10ab60;  1 drivers
v000001f0ff0d9ec0_0 .net *"_ivl_160", 0 0, L_000001f0ff10a840;  1 drivers
v000001f0ff0d9f60_0 .net *"_ivl_162", 0 0, L_000001f0ff110560;  1 drivers
v000001f0ff0da320_0 .net *"_ivl_165", 0 0, L_000001f0ff109620;  1 drivers
v000001f0ff0da460_0 .net *"_ivl_167", 0 0, L_000001f0ff1096c0;  1 drivers
v000001f0ff0dbae0_0 .net *"_ivl_169", 0 0, L_000001f0ff1098a0;  1 drivers
v000001f0ff0db900_0 .net *"_ivl_17", 0 0, L_000001f0ff110020;  1 drivers
v000001f0ff0db9a0_0 .net *"_ivl_171", 0 0, L_000001f0ff10afc0;  1 drivers
v000001f0ff0dbb80_0 .net *"_ivl_173", 0 0, L_000001f0ff10f3e0;  1 drivers
v000001f0ff0db860_0 .net *"_ivl_176", 0 0, L_000001f0ff109e40;  1 drivers
v000001f0ff0db720_0 .net *"_ivl_178", 0 0, L_000001f0ff10a8e0;  1 drivers
v000001f0ff0dbc20_0 .net *"_ivl_180", 0 0, L_000001f0ff10a2a0;  1 drivers
v000001f0ff0dba40_0 .net *"_ivl_182", 0 0, L_000001f0ff109940;  1 drivers
v000001f0ff0dbcc0_0 .net *"_ivl_184", 0 0, L_000001f0ff10eea0;  1 drivers
v000001f0ff0db5e0_0 .net *"_ivl_187", 0 0, L_000001f0ff108d60;  1 drivers
v000001f0ff0db680_0 .net *"_ivl_189", 0 0, L_000001f0ff108e00;  1 drivers
v000001f0ff0db7c0_0 .net *"_ivl_191", 0 0, L_000001f0ff1099e0;  1 drivers
v000001f0ff0d47e0_0 .net *"_ivl_193", 0 0, L_000001f0ff10b060;  1 drivers
v000001f0ff0d6540_0 .net *"_ivl_195", 0 0, L_000001f0ff110170;  1 drivers
v000001f0ff0d5000_0 .net *"_ivl_199", 0 0, L_000001f0ff108ea0;  1 drivers
v000001f0ff0d53c0_0 .net *"_ivl_2", 0 0, L_000001f0ff1064c0;  1 drivers
v000001f0ff0d50a0_0 .net *"_ivl_20", 0 0, L_000001f0ff107320;  1 drivers
v000001f0ff0d5460_0 .net *"_ivl_201", 0 0, L_000001f0ff10a340;  1 drivers
v000001f0ff0d4920_0 .net *"_ivl_203", 0 0, L_000001f0ff10ac00;  1 drivers
v000001f0ff0d4600_0 .net *"_ivl_205", 0 0, L_000001f0ff109da0;  1 drivers
v000001f0ff0d5d20_0 .net *"_ivl_22", 0 0, L_000001f0ff10f450;  1 drivers
v000001f0ff0d4f60_0 .net *"_ivl_25", 0 0, L_000001f0ff106ec0;  1 drivers
v000001f0ff0d5dc0_0 .net *"_ivl_27", 0 0, L_000001f0ff10f610;  1 drivers
v000001f0ff0d5be0_0 .net *"_ivl_31", 0 0, L_000001f0ff107a00;  1 drivers
v000001f0ff0d5320_0 .net *"_ivl_33", 0 0, L_000001f0ff10fbc0;  1 drivers
v000001f0ff0d4880_0 .net *"_ivl_36", 0 0, L_000001f0ff106c40;  1 drivers
v000001f0ff0d5e60_0 .net *"_ivl_38", 0 0, L_000001f0ff108400;  1 drivers
v000001f0ff0d42e0_0 .net *"_ivl_40", 0 0, L_000001f0ff10f840;  1 drivers
v000001f0ff0d5140_0 .net *"_ivl_43", 0 0, L_000001f0ff1082c0;  1 drivers
v000001f0ff0d5280_0 .net *"_ivl_45", 0 0, L_000001f0ff107be0;  1 drivers
v000001f0ff0d49c0_0 .net *"_ivl_47", 0 0, L_000001f0ff110790;  1 drivers
v000001f0ff0d4380_0 .net *"_ivl_5", 0 0, L_000001f0ff1084a0;  1 drivers
v000001f0ff0d4420_0 .net *"_ivl_50", 0 0, L_000001f0ff1073c0;  1 drivers
v000001f0ff0d4c40_0 .net *"_ivl_52", 0 0, L_000001f0ff106880;  1 drivers
v000001f0ff0d4a60_0 .net *"_ivl_54", 0 0, L_000001f0ff10f5a0;  1 drivers
v000001f0ff0d44c0_0 .net *"_ivl_57", 0 0, L_000001f0ff106a60;  1 drivers
v000001f0ff0d4ce0_0 .net *"_ivl_59", 0 0, L_000001f0ff1087c0;  1 drivers
v000001f0ff0d4d80_0 .net *"_ivl_61", 0 0, L_000001f0ff1102c0;  1 drivers
v000001f0ff0d55a0_0 .net *"_ivl_65", 0 0, L_000001f0ff107e60;  1 drivers
v000001f0ff0d4b00_0 .net *"_ivl_67", 0 0, L_000001f0ff106d80;  1 drivers
v000001f0ff0d5aa0_0 .net *"_ivl_69", 0 0, L_000001f0ff10ee30;  1 drivers
v000001f0ff0d4100_0 .net *"_ivl_7", 0 0, L_000001f0ff10f4c0;  1 drivers
v000001f0ff0d3de0_0 .net *"_ivl_72", 0 0, L_000001f0ff108860;  1 drivers
v000001f0ff0d5f00_0 .net *"_ivl_74", 0 0, L_000001f0ff106ce0;  1 drivers
v000001f0ff0d3e80_0 .net *"_ivl_76", 0 0, L_000001f0ff10ec70;  1 drivers
v000001f0ff0d4740_0 .net *"_ivl_79", 0 0, L_000001f0ff107460;  1 drivers
v000001f0ff0d5500_0 .net *"_ivl_81", 0 0, L_000001f0ff108720;  1 drivers
v000001f0ff0d5b40_0 .net *"_ivl_83", 0 0, L_000001f0ff110330;  1 drivers
v000001f0ff0d3f20_0 .net *"_ivl_86", 0 0, L_000001f0ff107500;  1 drivers
v000001f0ff0d4ba0_0 .net *"_ivl_88", 0 0, L_000001f0ff10b380;  1 drivers
v000001f0ff0d6180_0 .net *"_ivl_90", 0 0, L_000001f0ff10edc0;  1 drivers
v000001f0ff0d5640_0 .net *"_ivl_93", 0 0, L_000001f0ff10aac0;  1 drivers
v000001f0ff0d41a0_0 .net *"_ivl_95", 0 0, L_000001f0ff109760;  1 drivers
v000001f0ff0d3fc0_0 .net *"_ivl_97", 0 0, L_000001f0ff10f300;  1 drivers
v000001f0ff0d6220_0 .net "nA", 4 0, L_000001f0ff1080e0;  1 drivers
v000001f0ff0d46a0_0 .net "nB", 4 0, L_000001f0ff106ba0;  1 drivers
v000001f0ff0d5fa0_0 .net "nC", 4 0, L_000001f0ff10ade0;  1 drivers
v000001f0ff0d4e20_0 .net "nD", 4 0, L_000001f0ff1094e0;  1 drivers
v000001f0ff0d58c0_0 .net "ns0", 0 0, L_000001f0ff10f1b0;  1 drivers
v000001f0ff0d6040_0 .net "ns1", 0 0, L_000001f0ff1101e0;  1 drivers
v000001f0ff0d62c0_0 .net "sel", 1 0, v000001f0ff0bed30_0;  alias, 1 drivers
L_000001f0ff1064c0 .part v000001f0ff0bed30_0, 0, 1;
L_000001f0ff1084a0 .part v000001f0ff0bed30_0, 1, 1;
L_000001f0ff106920 .part v000001f0ff0e54a0_0, 0, 1;
L_000001f0ff107280 .part v000001f0ff0e54a0_0, 1, 1;
L_000001f0ff107320 .part v000001f0ff0e54a0_0, 2, 1;
L_000001f0ff106ec0 .part v000001f0ff0e54a0_0, 3, 1;
LS_000001f0ff1080e0_0_0 .concat8 [ 1 1 1 1], L_000001f0ff10f4c0, L_000001f0ff10f8b0, L_000001f0ff110020, L_000001f0ff10f450;
LS_000001f0ff1080e0_0_4 .concat8 [ 1 0 0 0], L_000001f0ff10f610;
L_000001f0ff1080e0 .concat8 [ 4 1 0 0], LS_000001f0ff1080e0_0_0, LS_000001f0ff1080e0_0_4;
L_000001f0ff107a00 .part v000001f0ff0e54a0_0, 4, 1;
L_000001f0ff106c40 .part v000001f0ff0e54a0_0, 0, 1;
L_000001f0ff108400 .part v000001f0ff0bed30_0, 0, 1;
L_000001f0ff1082c0 .part v000001f0ff0e54a0_0, 1, 1;
L_000001f0ff107be0 .part v000001f0ff0bed30_0, 0, 1;
L_000001f0ff1073c0 .part v000001f0ff0e54a0_0, 2, 1;
L_000001f0ff106880 .part v000001f0ff0bed30_0, 0, 1;
L_000001f0ff106a60 .part v000001f0ff0e54a0_0, 3, 1;
L_000001f0ff1087c0 .part v000001f0ff0bed30_0, 0, 1;
LS_000001f0ff106ba0_0_0 .concat8 [ 1 1 1 1], L_000001f0ff10fbc0, L_000001f0ff10f840, L_000001f0ff110790, L_000001f0ff10f5a0;
LS_000001f0ff106ba0_0_4 .concat8 [ 1 0 0 0], L_000001f0ff1102c0;
L_000001f0ff106ba0 .concat8 [ 4 1 0 0], LS_000001f0ff106ba0_0_0, LS_000001f0ff106ba0_0_4;
L_000001f0ff107e60 .part v000001f0ff0e54a0_0, 4, 1;
L_000001f0ff106d80 .part v000001f0ff0bed30_0, 0, 1;
L_000001f0ff108860 .part v000001f0ff0ef5e0_0, 0, 1;
L_000001f0ff106ce0 .part v000001f0ff0bed30_0, 1, 1;
L_000001f0ff107460 .part v000001f0ff0ef5e0_0, 1, 1;
L_000001f0ff108720 .part v000001f0ff0bed30_0, 1, 1;
L_000001f0ff107500 .part v000001f0ff0ef5e0_0, 2, 1;
L_000001f0ff10b380 .part v000001f0ff0bed30_0, 1, 1;
L_000001f0ff10aac0 .part v000001f0ff0ef5e0_0, 3, 1;
L_000001f0ff109760 .part v000001f0ff0bed30_0, 1, 1;
LS_000001f0ff10ade0_0_0 .concat8 [ 1 1 1 1], L_000001f0ff10ee30, L_000001f0ff10ec70, L_000001f0ff110330, L_000001f0ff10edc0;
LS_000001f0ff10ade0_0_4 .concat8 [ 1 0 0 0], L_000001f0ff10f300;
L_000001f0ff10ade0 .concat8 [ 4 1 0 0], LS_000001f0ff10ade0_0_0, LS_000001f0ff10ade0_0_4;
L_000001f0ff109800 .part v000001f0ff0ef5e0_0, 4, 1;
L_000001f0ff10a700 .part v000001f0ff0bed30_0, 1, 1;
L_000001f0ff10ae80 .part L_000001f0ff130280, 0, 1;
L_000001f0ff109260 .part v000001f0ff0bed30_0, 1, 1;
L_000001f0ff10b100 .part v000001f0ff0bed30_0, 0, 1;
L_000001f0ff1093a0 .part L_000001f0ff130280, 1, 1;
L_000001f0ff10aa20 .part v000001f0ff0bed30_0, 1, 1;
L_000001f0ff1091c0 .part v000001f0ff0bed30_0, 0, 1;
L_000001f0ff10a7a0 .part L_000001f0ff130280, 2, 1;
L_000001f0ff10a160 .part v000001f0ff0bed30_0, 1, 1;
L_000001f0ff108c20 .part v000001f0ff0bed30_0, 0, 1;
L_000001f0ff109440 .part L_000001f0ff130280, 3, 1;
L_000001f0ff108cc0 .part v000001f0ff0bed30_0, 1, 1;
L_000001f0ff10b240 .part v000001f0ff0bed30_0, 0, 1;
LS_000001f0ff1094e0_0_0 .concat8 [ 1 1 1 1], L_000001f0ff10f530, L_000001f0ff10fb50, L_000001f0ff10f680, L_000001f0ff10f6f0;
LS_000001f0ff1094e0_0_4 .concat8 [ 1 0 0 0], L_000001f0ff10f760;
L_000001f0ff1094e0 .concat8 [ 4 1 0 0], LS_000001f0ff1094e0_0_0, LS_000001f0ff1094e0_0_4;
L_000001f0ff10af20 .part L_000001f0ff130280, 4, 1;
L_000001f0ff10b2e0 .part v000001f0ff0bed30_0, 1, 1;
L_000001f0ff109300 .part v000001f0ff0bed30_0, 0, 1;
L_000001f0ff109a80 .part L_000001f0ff1080e0, 0, 1;
L_000001f0ff109580 .part L_000001f0ff106ba0, 0, 1;
L_000001f0ff10ab60 .part L_000001f0ff10ade0, 0, 1;
L_000001f0ff10a840 .part L_000001f0ff1094e0, 0, 1;
L_000001f0ff109620 .part L_000001f0ff1080e0, 1, 1;
L_000001f0ff1096c0 .part L_000001f0ff106ba0, 1, 1;
L_000001f0ff1098a0 .part L_000001f0ff10ade0, 1, 1;
L_000001f0ff10afc0 .part L_000001f0ff1094e0, 1, 1;
L_000001f0ff109e40 .part L_000001f0ff1080e0, 2, 1;
L_000001f0ff10a8e0 .part L_000001f0ff106ba0, 2, 1;
L_000001f0ff10a2a0 .part L_000001f0ff10ade0, 2, 1;
L_000001f0ff109940 .part L_000001f0ff1094e0, 2, 1;
L_000001f0ff108d60 .part L_000001f0ff1080e0, 3, 1;
L_000001f0ff108e00 .part L_000001f0ff106ba0, 3, 1;
L_000001f0ff1099e0 .part L_000001f0ff10ade0, 3, 1;
L_000001f0ff10b060 .part L_000001f0ff1094e0, 3, 1;
LS_000001f0ff10a980_0_0 .concat8 [ 1 1 1 1], L_000001f0ff110640, L_000001f0ff110560, L_000001f0ff10f3e0, L_000001f0ff10eea0;
LS_000001f0ff10a980_0_4 .concat8 [ 1 0 0 0], L_000001f0ff110170;
L_000001f0ff10a980 .concat8 [ 4 1 0 0], LS_000001f0ff10a980_0_0, LS_000001f0ff10a980_0_4;
L_000001f0ff108ea0 .part L_000001f0ff1080e0, 4, 1;
L_000001f0ff10a340 .part L_000001f0ff106ba0, 4, 1;
L_000001f0ff10ac00 .part L_000001f0ff10ade0, 4, 1;
L_000001f0ff109da0 .part L_000001f0ff1094e0, 4, 1;
S_000001f0ff05cea0 .scope module, "MUX_MINA" "mux2to1_4bit" 3 909, 3 1046 0, S_000001f0feee0660;
 .timescale -9 -12;
    .port_info 0 /INPUT 4 "A";
    .port_info 1 /INPUT 4 "B";
    .port_info 2 /INPUT 1 "sel";
    .port_info 3 /OUTPUT 4 "Y";
L_000001f0ff0fd9e0 .functor NOT 1, v000001f0ff0be790_0, C4<0>, C4<0>, C4<0>;
L_000001f0ff0fe070 .functor AND 1, L_000001f0ff1053e0, L_000001f0ff0fd9e0, C4<1>, C4<1>;
L_000001f0ff0fdb30 .functor AND 1, L_000001f0ff105ac0, L_000001f0ff0fd9e0, C4<1>, C4<1>;
L_000001f0ff0fd350 .functor AND 1, L_000001f0ff105660, L_000001f0ff0fd9e0, C4<1>, C4<1>;
L_000001f0ff0fd740 .functor AND 1, L_000001f0ff105ca0, L_000001f0ff0fd9e0, C4<1>, C4<1>;
L_000001f0ff0fd890 .functor AND 1, L_000001f0ff105700, v000001f0ff0be790_0, C4<1>, C4<1>;
L_000001f0ff0fd580 .functor AND 1, L_000001f0ff104440, v000001f0ff0be790_0, C4<1>, C4<1>;
L_000001f0ff0fe230 .functor AND 1, L_000001f0ff104b20, v000001f0ff0be790_0, C4<1>, C4<1>;
L_000001f0ff0fd2e0 .functor AND 1, L_000001f0ff105520, v000001f0ff0be790_0, C4<1>, C4<1>;
L_000001f0ff0fdba0 .functor OR 1, L_000001f0ff1052a0, L_000001f0ff104e40, C4<0>, C4<0>;
L_000001f0ff0fd040 .functor OR 1, L_000001f0ff104940, L_000001f0ff103d60, C4<0>, C4<0>;
L_000001f0ff0fe2a0 .functor OR 1, L_000001f0ff105160, L_000001f0ff104120, C4<0>, C4<0>;
L_000001f0ff0fe000 .functor OR 1, L_000001f0ff105fc0, L_000001f0ff103c20, C4<0>, C4<0>;
L_000001f0ff1301a8 .functor BUFT 1, C4<0000>, C4<0>, C4<0>, C4<0>;
v000001f0ff0d5960_0 .net "A", 3 0, L_000001f0ff1301a8;  1 drivers
v000001f0ff0d64a0_0 .net "B", 3 0, L_000001f0ff10c0a0;  alias, 1 drivers
v000001f0ff0d4ec0_0 .net "Y", 3 0, L_000001f0ff103cc0;  alias, 1 drivers
v000001f0ff0d4060_0 .net *"_ivl_10", 0 0, L_000001f0ff105ac0;  1 drivers
v000001f0ff0d5780_0 .net *"_ivl_12", 0 0, L_000001f0ff0fd350;  1 drivers
v000001f0ff0d4240_0 .net *"_ivl_15", 0 0, L_000001f0ff105660;  1 drivers
v000001f0ff0d60e0_0 .net *"_ivl_17", 0 0, L_000001f0ff0fd740;  1 drivers
v000001f0ff0d6360_0 .net *"_ivl_2", 0 0, L_000001f0ff0fe070;  1 drivers
v000001f0ff0d4560_0 .net *"_ivl_21", 0 0, L_000001f0ff105ca0;  1 drivers
v000001f0ff0d56e0_0 .net *"_ivl_23", 0 0, L_000001f0ff0fd890;  1 drivers
v000001f0ff0d5a00_0 .net *"_ivl_26", 0 0, L_000001f0ff105700;  1 drivers
v000001f0ff0d51e0_0 .net *"_ivl_28", 0 0, L_000001f0ff0fd580;  1 drivers
v000001f0ff0d5820_0 .net *"_ivl_31", 0 0, L_000001f0ff104440;  1 drivers
v000001f0ff0d5c80_0 .net *"_ivl_33", 0 0, L_000001f0ff0fe230;  1 drivers
v000001f0ff0d6400_0 .net *"_ivl_36", 0 0, L_000001f0ff104b20;  1 drivers
v000001f0ff0e6bc0_0 .net *"_ivl_38", 0 0, L_000001f0ff0fd2e0;  1 drivers
v000001f0ff0e7f20_0 .net *"_ivl_42", 0 0, L_000001f0ff105520;  1 drivers
v000001f0ff0e6d00_0 .net *"_ivl_44", 0 0, L_000001f0ff0fdba0;  1 drivers
v000001f0ff0e6f80_0 .net *"_ivl_47", 0 0, L_000001f0ff1052a0;  1 drivers
v000001f0ff0e7a20_0 .net *"_ivl_49", 0 0, L_000001f0ff104e40;  1 drivers
v000001f0ff0e7160_0 .net *"_ivl_5", 0 0, L_000001f0ff1053e0;  1 drivers
v000001f0ff0e7520_0 .net *"_ivl_51", 0 0, L_000001f0ff0fd040;  1 drivers
v000001f0ff0e8c40_0 .net *"_ivl_54", 0 0, L_000001f0ff104940;  1 drivers
v000001f0ff0e7200_0 .net *"_ivl_56", 0 0, L_000001f0ff103d60;  1 drivers
v000001f0ff0e7b60_0 .net *"_ivl_58", 0 0, L_000001f0ff0fe2a0;  1 drivers
v000001f0ff0e75c0_0 .net *"_ivl_61", 0 0, L_000001f0ff105160;  1 drivers
v000001f0ff0e8100_0 .net *"_ivl_63", 0 0, L_000001f0ff104120;  1 drivers
v000001f0ff0e70c0_0 .net *"_ivl_65", 0 0, L_000001f0ff0fe000;  1 drivers
v000001f0ff0e8420_0 .net *"_ivl_69", 0 0, L_000001f0ff105fc0;  1 drivers
v000001f0ff0e8060_0 .net *"_ivl_7", 0 0, L_000001f0ff0fdb30;  1 drivers
v000001f0ff0e6ee0_0 .net *"_ivl_71", 0 0, L_000001f0ff103c20;  1 drivers
v000001f0ff0e81a0_0 .net "and_A", 3 0, L_000001f0ff1044e0;  1 drivers
v000001f0ff0e7d40_0 .net "and_B", 3 0, L_000001f0ff104080;  1 drivers
v000001f0ff0e7480_0 .net "sel", 0 0, v000001f0ff0be790_0;  alias, 1 drivers
v000001f0ff0e6b20_0 .net "sel_n", 0 0, L_000001f0ff0fd9e0;  1 drivers
L_000001f0ff1053e0 .part L_000001f0ff1301a8, 0, 1;
L_000001f0ff105ac0 .part L_000001f0ff1301a8, 1, 1;
L_000001f0ff105660 .part L_000001f0ff1301a8, 2, 1;
L_000001f0ff1044e0 .concat8 [ 1 1 1 1], L_000001f0ff0fe070, L_000001f0ff0fdb30, L_000001f0ff0fd350, L_000001f0ff0fd740;
L_000001f0ff105ca0 .part L_000001f0ff1301a8, 3, 1;
L_000001f0ff105700 .part L_000001f0ff10c0a0, 0, 1;
L_000001f0ff104440 .part L_000001f0ff10c0a0, 1, 1;
L_000001f0ff104b20 .part L_000001f0ff10c0a0, 2, 1;
L_000001f0ff104080 .concat8 [ 1 1 1 1], L_000001f0ff0fd890, L_000001f0ff0fd580, L_000001f0ff0fe230, L_000001f0ff0fd2e0;
L_000001f0ff105520 .part L_000001f0ff10c0a0, 3, 1;
L_000001f0ff1052a0 .part L_000001f0ff1044e0, 0, 1;
L_000001f0ff104e40 .part L_000001f0ff104080, 0, 1;
L_000001f0ff104940 .part L_000001f0ff1044e0, 1, 1;
L_000001f0ff103d60 .part L_000001f0ff104080, 1, 1;
L_000001f0ff105160 .part L_000001f0ff1044e0, 2, 1;
L_000001f0ff104120 .part L_000001f0ff104080, 2, 1;
L_000001f0ff103cc0 .concat8 [ 1 1 1 1], L_000001f0ff0fdba0, L_000001f0ff0fd040, L_000001f0ff0fe2a0, L_000001f0ff0fe000;
L_000001f0ff105fc0 .part L_000001f0ff1044e0, 3, 1;
L_000001f0ff103c20 .part L_000001f0ff104080, 3, 1;
S_000001f0ff05d1c0 .scope module, "MUX_MINV" "mux2to1_5bit" 3 910, 3 1078 0, S_000001f0feee0660;
 .timescale -9 -12;
    .port_info 0 /INPUT 5 "A";
    .port_info 1 /INPUT 5 "B";
    .port_info 2 /INPUT 1 "sel";
    .port_info 3 /OUTPUT 5 "Y";
L_000001f0ff0fd0b0 .functor NOT 1, v000001f0ff0bf870_0, C4<0>, C4<0>, C4<0>;
L_000001f0ff0fe310 .functor AND 1, L_000001f0ff105200, L_000001f0ff0fd0b0, C4<1>, C4<1>;
L_000001f0ff0fe0e0 .functor AND 1, L_000001f0ff1057a0, L_000001f0ff0fd0b0, C4<1>, C4<1>;
L_000001f0ff0fe3f0 .functor AND 1, L_000001f0ff103e00, L_000001f0ff0fd0b0, C4<1>, C4<1>;
L_000001f0ff0fe460 .functor AND 1, L_000001f0ff106240, L_000001f0ff0fd0b0, C4<1>, C4<1>;
L_000001f0ff0fd200 .functor AND 1, L_000001f0ff1061a0, L_000001f0ff0fd0b0, C4<1>, C4<1>;
L_000001f0ff0fd7b0 .functor AND 1, L_000001f0ff105d40, v000001f0ff0bf870_0, C4<1>, C4<1>;
L_000001f0ff0fcc50 .functor AND 1, L_000001f0ff1062e0, v000001f0ff0bf870_0, C4<1>, C4<1>;
L_000001f0ff0fd5f0 .functor AND 1, L_000001f0ff104580, v000001f0ff0bf870_0, C4<1>, C4<1>;
L_000001f0ff0fddd0 .functor AND 1, L_000001f0ff104bc0, v000001f0ff0bf870_0, C4<1>, C4<1>;
L_000001f0ff0fde40 .functor AND 1, L_000001f0ff1055c0, v000001f0ff0bf870_0, C4<1>, C4<1>;
L_000001f0ff0fdc10 .functor OR 1, L_000001f0ff105480, L_000001f0ff104f80, C4<0>, C4<0>;
L_000001f0ff0fd120 .functor OR 1, L_000001f0ff1049e0, L_000001f0ff103ea0, C4<0>, C4<0>;
L_000001f0ff0fcda0 .functor OR 1, L_000001f0ff105840, L_000001f0ff104260, C4<0>, C4<0>;
L_000001f0ff0fcef0 .functor OR 1, L_000001f0ff1058e0, L_000001f0ff105980, C4<0>, C4<0>;
L_000001f0ff0fd190 .functor OR 1, L_000001f0ff104c60, L_000001f0ff105b60, C4<0>, C4<0>;
L_000001f0ff1301f0 .functor BUFT 1, C4<11111>, C4<0>, C4<0>, C4<0>;
v000001f0ff0e8240_0 .net "A", 4 0, L_000001f0ff1301f0;  1 drivers
v000001f0ff0e84c0_0 .net "B", 4 0, L_000001f0ff10cdc0;  alias, 1 drivers
v000001f0ff0e6da0_0 .net "Y", 4 0, L_000001f0ff103f40;  alias, 1 drivers
v000001f0ff0e78e0_0 .net *"_ivl_10", 0 0, L_000001f0ff1057a0;  1 drivers
v000001f0ff0e8b00_0 .net *"_ivl_12", 0 0, L_000001f0ff0fe3f0;  1 drivers
v000001f0ff0e7980_0 .net *"_ivl_15", 0 0, L_000001f0ff103e00;  1 drivers
v000001f0ff0e7020_0 .net *"_ivl_17", 0 0, L_000001f0ff0fe460;  1 drivers
v000001f0ff0e82e0_0 .net *"_ivl_2", 0 0, L_000001f0ff0fe310;  1 drivers
v000001f0ff0e7c00_0 .net *"_ivl_20", 0 0, L_000001f0ff106240;  1 drivers
v000001f0ff0e8740_0 .net *"_ivl_22", 0 0, L_000001f0ff0fd200;  1 drivers
v000001f0ff0e7ac0_0 .net *"_ivl_26", 0 0, L_000001f0ff1061a0;  1 drivers
v000001f0ff0e7840_0 .net *"_ivl_28", 0 0, L_000001f0ff0fd7b0;  1 drivers
v000001f0ff0e8ba0_0 .net *"_ivl_31", 0 0, L_000001f0ff105d40;  1 drivers
v000001f0ff0e7ca0_0 .net *"_ivl_33", 0 0, L_000001f0ff0fcc50;  1 drivers
v000001f0ff0e73e0_0 .net *"_ivl_36", 0 0, L_000001f0ff1062e0;  1 drivers
v000001f0ff0e6c60_0 .net *"_ivl_38", 0 0, L_000001f0ff0fd5f0;  1 drivers
v000001f0ff0e8ce0_0 .net *"_ivl_41", 0 0, L_000001f0ff104580;  1 drivers
v000001f0ff0e8560_0 .net *"_ivl_43", 0 0, L_000001f0ff0fddd0;  1 drivers
v000001f0ff0e8600_0 .net *"_ivl_46", 0 0, L_000001f0ff104bc0;  1 drivers
v000001f0ff0e7de0_0 .net *"_ivl_48", 0 0, L_000001f0ff0fde40;  1 drivers
v000001f0ff0e72a0_0 .net *"_ivl_5", 0 0, L_000001f0ff105200;  1 drivers
v000001f0ff0e86a0_0 .net *"_ivl_52", 0 0, L_000001f0ff1055c0;  1 drivers
v000001f0ff0e6e40_0 .net *"_ivl_54", 0 0, L_000001f0ff0fdc10;  1 drivers
v000001f0ff0e7e80_0 .net *"_ivl_57", 0 0, L_000001f0ff105480;  1 drivers
v000001f0ff0e6760_0 .net *"_ivl_59", 0 0, L_000001f0ff104f80;  1 drivers
v000001f0ff0e6940_0 .net *"_ivl_61", 0 0, L_000001f0ff0fd120;  1 drivers
v000001f0ff0e8380_0 .net *"_ivl_64", 0 0, L_000001f0ff1049e0;  1 drivers
v000001f0ff0e87e0_0 .net *"_ivl_66", 0 0, L_000001f0ff103ea0;  1 drivers
v000001f0ff0e8d80_0 .net *"_ivl_68", 0 0, L_000001f0ff0fcda0;  1 drivers
v000001f0ff0e7fc0_0 .net *"_ivl_7", 0 0, L_000001f0ff0fe0e0;  1 drivers
v000001f0ff0e7660_0 .net *"_ivl_71", 0 0, L_000001f0ff105840;  1 drivers
v000001f0ff0e8880_0 .net *"_ivl_73", 0 0, L_000001f0ff104260;  1 drivers
v000001f0ff0e6620_0 .net *"_ivl_75", 0 0, L_000001f0ff0fcef0;  1 drivers
v000001f0ff0e7340_0 .net *"_ivl_78", 0 0, L_000001f0ff1058e0;  1 drivers
v000001f0ff0e66c0_0 .net *"_ivl_80", 0 0, L_000001f0ff105980;  1 drivers
v000001f0ff0e8920_0 .net *"_ivl_82", 0 0, L_000001f0ff0fd190;  1 drivers
v000001f0ff0e6800_0 .net *"_ivl_86", 0 0, L_000001f0ff104c60;  1 drivers
v000001f0ff0e89c0_0 .net *"_ivl_88", 0 0, L_000001f0ff105b60;  1 drivers
v000001f0ff0e8a60_0 .net "nA", 4 0, L_000001f0ff1046c0;  1 drivers
v000001f0ff0e68a0_0 .net "nB", 4 0, L_000001f0ff1041c0;  1 drivers
v000001f0ff0e69e0_0 .net "sel", 0 0, v000001f0ff0bf870_0;  alias, 1 drivers
v000001f0ff0e6a80_0 .net "sel_n", 0 0, L_000001f0ff0fd0b0;  1 drivers
L_000001f0ff105200 .part L_000001f0ff1301f0, 0, 1;
L_000001f0ff1057a0 .part L_000001f0ff1301f0, 1, 1;
L_000001f0ff103e00 .part L_000001f0ff1301f0, 2, 1;
L_000001f0ff106240 .part L_000001f0ff1301f0, 3, 1;
LS_000001f0ff1046c0_0_0 .concat8 [ 1 1 1 1], L_000001f0ff0fe310, L_000001f0ff0fe0e0, L_000001f0ff0fe3f0, L_000001f0ff0fe460;
LS_000001f0ff1046c0_0_4 .concat8 [ 1 0 0 0], L_000001f0ff0fd200;
L_000001f0ff1046c0 .concat8 [ 4 1 0 0], LS_000001f0ff1046c0_0_0, LS_000001f0ff1046c0_0_4;
L_000001f0ff1061a0 .part L_000001f0ff1301f0, 4, 1;
L_000001f0ff105d40 .part L_000001f0ff10cdc0, 0, 1;
L_000001f0ff1062e0 .part L_000001f0ff10cdc0, 1, 1;
L_000001f0ff104580 .part L_000001f0ff10cdc0, 2, 1;
L_000001f0ff104bc0 .part L_000001f0ff10cdc0, 3, 1;
LS_000001f0ff1041c0_0_0 .concat8 [ 1 1 1 1], L_000001f0ff0fd7b0, L_000001f0ff0fcc50, L_000001f0ff0fd5f0, L_000001f0ff0fddd0;
LS_000001f0ff1041c0_0_4 .concat8 [ 1 0 0 0], L_000001f0ff0fde40;
L_000001f0ff1041c0 .concat8 [ 4 1 0 0], LS_000001f0ff1041c0_0_0, LS_000001f0ff1041c0_0_4;
L_000001f0ff1055c0 .part L_000001f0ff10cdc0, 4, 1;
L_000001f0ff105480 .part L_000001f0ff1046c0, 0, 1;
L_000001f0ff104f80 .part L_000001f0ff1041c0, 0, 1;
L_000001f0ff1049e0 .part L_000001f0ff1046c0, 1, 1;
L_000001f0ff103ea0 .part L_000001f0ff1041c0, 1, 1;
L_000001f0ff105840 .part L_000001f0ff1046c0, 2, 1;
L_000001f0ff104260 .part L_000001f0ff1041c0, 2, 1;
L_000001f0ff1058e0 .part L_000001f0ff1046c0, 3, 1;
L_000001f0ff105980 .part L_000001f0ff1041c0, 3, 1;
LS_000001f0ff103f40_0_0 .concat8 [ 1 1 1 1], L_000001f0ff0fdc10, L_000001f0ff0fd120, L_000001f0ff0fcda0, L_000001f0ff0fcef0;
LS_000001f0ff103f40_0_4 .concat8 [ 1 0 0 0], L_000001f0ff0fd190;
L_000001f0ff103f40 .concat8 [ 4 1 0 0], LS_000001f0ff103f40_0_0, LS_000001f0ff103f40_0_4;
L_000001f0ff104c60 .part L_000001f0ff1046c0, 4, 1;
L_000001f0ff105b60 .part L_000001f0ff1041c0, 4, 1;
S_000001f0ff05c540 .scope module, "MUX_ao" "mux2to1_4bit" 3 930, 3 1046 0, S_000001f0feee0660;
 .timescale -9 -12;
    .port_info 0 /INPUT 4 "A";
    .port_info 1 /INPUT 4 "B";
    .port_info 2 /INPUT 1 "sel";
    .port_info 3 /OUTPUT 4 "Y";
L_000001f0ff11b040 .functor NOT 1, v000001f0ff0bfb90_0, C4<0>, C4<0>, C4<0>;
L_000001f0ff11afd0 .functor AND 1, L_000001f0ff17b750, L_000001f0ff11b040, C4<1>, C4<1>;
L_000001f0ff11c540 .functor AND 1, L_000001f0ff17d730, L_000001f0ff11b040, C4<1>, C4<1>;
L_000001f0ff11c5b0 .functor AND 1, L_000001f0ff17d7d0, L_000001f0ff11b040, C4<1>, C4<1>;
L_000001f0ff11bf90 .functor AND 1, L_000001f0ff17da50, L_000001f0ff11b040, C4<1>, C4<1>;
L_000001f0ff11c690 .functor AND 1, L_000001f0ff17daf0, v000001f0ff0bfb90_0, C4<1>, C4<1>;
L_000001f0ff11ae10 .functor AND 1, L_000001f0ff17bbb0, v000001f0ff0bfb90_0, C4<1>, C4<1>;
L_000001f0ff11bc80 .functor AND 1, L_000001f0ff17b390, v000001f0ff0bfb90_0, C4<1>, C4<1>;
L_000001f0ff11ae80 .functor AND 1, L_000001f0ff17b930, v000001f0ff0bfb90_0, C4<1>, C4<1>;
L_000001f0ff11b190 .functor OR 1, L_000001f0ff17b9d0, L_000001f0ff17c150, C4<0>, C4<0>;
L_000001f0ff11b740 .functor OR 1, L_000001f0ff17bb10, L_000001f0ff17bcf0, C4<0>, C4<0>;
L_000001f0ff11b120 .functor OR 1, L_000001f0ff17c6f0, L_000001f0ff17c790, C4<0>, C4<0>;
L_000001f0ff11bac0 .functor OR 1, L_000001f0ff17f210, L_000001f0ff17e770, C4<0>, C4<0>;
v000001f0ff0e7700_0 .net "A", 3 0, v000001f0ff0ecca0_0;  alias, 1 drivers
v000001f0ff0e77a0_0 .net "B", 3 0, v000001f0ff0ed100_0;  alias, 1 drivers
v000001f0ff0ea0e0_0 .net "Y", 3 0, L_000001f0ff17c830;  alias, 1 drivers
v000001f0ff0e93c0_0 .net *"_ivl_10", 0 0, L_000001f0ff17d730;  1 drivers
v000001f0ff0e9c80_0 .net *"_ivl_12", 0 0, L_000001f0ff11c5b0;  1 drivers
v000001f0ff0ea720_0 .net *"_ivl_15", 0 0, L_000001f0ff17d7d0;  1 drivers
v000001f0ff0ea2c0_0 .net *"_ivl_17", 0 0, L_000001f0ff11bf90;  1 drivers
v000001f0ff0ea540_0 .net *"_ivl_2", 0 0, L_000001f0ff11afd0;  1 drivers
v000001f0ff0e95a0_0 .net *"_ivl_21", 0 0, L_000001f0ff17da50;  1 drivers
v000001f0ff0e9960_0 .net *"_ivl_23", 0 0, L_000001f0ff11c690;  1 drivers
v000001f0ff0e9d20_0 .net *"_ivl_26", 0 0, L_000001f0ff17daf0;  1 drivers
v000001f0ff0eb440_0 .net *"_ivl_28", 0 0, L_000001f0ff11ae10;  1 drivers
v000001f0ff0e9a00_0 .net *"_ivl_31", 0 0, L_000001f0ff17bbb0;  1 drivers
v000001f0ff0ea360_0 .net *"_ivl_33", 0 0, L_000001f0ff11bc80;  1 drivers
v000001f0ff0e9dc0_0 .net *"_ivl_36", 0 0, L_000001f0ff17b390;  1 drivers
v000001f0ff0ea900_0 .net *"_ivl_38", 0 0, L_000001f0ff11ae80;  1 drivers
v000001f0ff0e98c0_0 .net *"_ivl_42", 0 0, L_000001f0ff17b930;  1 drivers
v000001f0ff0eaf40_0 .net *"_ivl_44", 0 0, L_000001f0ff11b190;  1 drivers
v000001f0ff0eb4e0_0 .net *"_ivl_47", 0 0, L_000001f0ff17b9d0;  1 drivers
v000001f0ff0ea040_0 .net *"_ivl_49", 0 0, L_000001f0ff17c150;  1 drivers
v000001f0ff0ea9a0_0 .net *"_ivl_5", 0 0, L_000001f0ff17b750;  1 drivers
v000001f0ff0eb580_0 .net *"_ivl_51", 0 0, L_000001f0ff11b740;  1 drivers
v000001f0ff0e91e0_0 .net *"_ivl_54", 0 0, L_000001f0ff17bb10;  1 drivers
v000001f0ff0eaea0_0 .net *"_ivl_56", 0 0, L_000001f0ff17bcf0;  1 drivers
v000001f0ff0eb300_0 .net *"_ivl_58", 0 0, L_000001f0ff11b120;  1 drivers
v000001f0ff0e9500_0 .net *"_ivl_61", 0 0, L_000001f0ff17c6f0;  1 drivers
v000001f0ff0eaa40_0 .net *"_ivl_63", 0 0, L_000001f0ff17c790;  1 drivers
v000001f0ff0e9b40_0 .net *"_ivl_65", 0 0, L_000001f0ff11bac0;  1 drivers
v000001f0ff0e9e60_0 .net *"_ivl_69", 0 0, L_000001f0ff17f210;  1 drivers
v000001f0ff0e9640_0 .net *"_ivl_7", 0 0, L_000001f0ff11c540;  1 drivers
v000001f0ff0eacc0_0 .net *"_ivl_71", 0 0, L_000001f0ff17e770;  1 drivers
v000001f0ff0e9000_0 .net "and_A", 3 0, L_000001f0ff17d910;  1 drivers
v000001f0ff0e90a0_0 .net "and_B", 3 0, L_000001f0ff17b7f0;  1 drivers
v000001f0ff0ea5e0_0 .net "sel", 0 0, v000001f0ff0bfb90_0;  alias, 1 drivers
v000001f0ff0e96e0_0 .net "sel_n", 0 0, L_000001f0ff11b040;  1 drivers
L_000001f0ff17b750 .part v000001f0ff0ecca0_0, 0, 1;
L_000001f0ff17d730 .part v000001f0ff0ecca0_0, 1, 1;
L_000001f0ff17d7d0 .part v000001f0ff0ecca0_0, 2, 1;
L_000001f0ff17d910 .concat8 [ 1 1 1 1], L_000001f0ff11afd0, L_000001f0ff11c540, L_000001f0ff11c5b0, L_000001f0ff11bf90;
L_000001f0ff17da50 .part v000001f0ff0ecca0_0, 3, 1;
L_000001f0ff17daf0 .part v000001f0ff0ed100_0, 0, 1;
L_000001f0ff17bbb0 .part v000001f0ff0ed100_0, 1, 1;
L_000001f0ff17b390 .part v000001f0ff0ed100_0, 2, 1;
L_000001f0ff17b7f0 .concat8 [ 1 1 1 1], L_000001f0ff11c690, L_000001f0ff11ae10, L_000001f0ff11bc80, L_000001f0ff11ae80;
L_000001f0ff17b930 .part v000001f0ff0ed100_0, 3, 1;
L_000001f0ff17b9d0 .part L_000001f0ff17d910, 0, 1;
L_000001f0ff17c150 .part L_000001f0ff17b7f0, 0, 1;
L_000001f0ff17bb10 .part L_000001f0ff17d910, 1, 1;
L_000001f0ff17bcf0 .part L_000001f0ff17b7f0, 1, 1;
L_000001f0ff17c6f0 .part L_000001f0ff17d910, 2, 1;
L_000001f0ff17c790 .part L_000001f0ff17b7f0, 2, 1;
L_000001f0ff17c830 .concat8 [ 1 1 1 1], L_000001f0ff11b190, L_000001f0ff11b740, L_000001f0ff11b120, L_000001f0ff11bac0;
L_000001f0ff17f210 .part L_000001f0ff17d910, 3, 1;
L_000001f0ff17e770 .part L_000001f0ff17b7f0, 3, 1;
S_000001f0ff05c6d0 .scope module, "MUX_do" "mux2to1_5bit" 3 931, 3 1078 0, S_000001f0feee0660;
 .timescale -9 -12;
    .port_info 0 /INPUT 5 "A";
    .port_info 1 /INPUT 5 "B";
    .port_info 2 /INPUT 1 "sel";
    .port_info 3 /OUTPUT 5 "Y";
L_000001f0ff11b200 .functor NOT 1, v000001f0ff0bf730_0, C4<0>, C4<0>, C4<0>;
L_000001f0ff11b270 .functor AND 1, L_000001f0ff17e450, L_000001f0ff11b200, C4<1>, C4<1>;
L_000001f0ff11bba0 .functor AND 1, L_000001f0ff17ebd0, L_000001f0ff11b200, C4<1>, C4<1>;
L_000001f0ff128330 .functor AND 1, L_000001f0ff17e270, L_000001f0ff11b200, C4<1>, C4<1>;
L_000001f0ff128100 .functor AND 1, L_000001f0ff17f990, L_000001f0ff11b200, C4<1>, C4<1>;
L_000001f0ff1278b0 .functor AND 1, L_000001f0ff17f0d0, L_000001f0ff11b200, C4<1>, C4<1>;
L_000001f0ff127530 .functor AND 1, L_000001f0ff17e4f0, v000001f0ff0bf730_0, C4<1>, C4<1>;
L_000001f0ff127ae0 .functor AND 1, L_000001f0ff17dd70, v000001f0ff0bf730_0, C4<1>, C4<1>;
L_000001f0ff128800 .functor AND 1, L_000001f0ff17edb0, v000001f0ff0bf730_0, C4<1>, C4<1>;
L_000001f0ff127760 .functor AND 1, L_000001f0ff17ffd0, v000001f0ff0bf730_0, C4<1>, C4<1>;
L_000001f0ff127b50 .functor AND 1, L_000001f0ff17e090, v000001f0ff0bf730_0, C4<1>, C4<1>;
L_000001f0ff127bc0 .functor OR 1, L_000001f0ff17e6d0, L_000001f0ff17f850, C4<0>, C4<0>;
L_000001f0ff128720 .functor OR 1, L_000001f0ff17e810, L_000001f0ff17e630, C4<0>, C4<0>;
L_000001f0ff1284f0 .functor OR 1, L_000001f0ff17f170, L_000001f0ff17f8f0, C4<0>, C4<0>;
L_000001f0ff127680 .functor OR 1, L_000001f0ff17e590, L_000001f0ff17dcd0, C4<0>, C4<0>;
L_000001f0ff126ea0 .functor OR 1, L_000001f0ff17ff30, L_000001f0ff17e310, C4<0>, C4<0>;
v000001f0ff0ea180_0 .net "A", 4 0, v000001f0ff0eb940_0;  alias, 1 drivers
v000001f0ff0e9140_0 .net "B", 4 0, v000001f0ff0ed1a0_0;  alias, 1 drivers
v000001f0ff0eb3a0_0 .net "Y", 4 0, L_000001f0ff17e8b0;  alias, 1 drivers
v000001f0ff0e9aa0_0 .net *"_ivl_10", 0 0, L_000001f0ff17ebd0;  1 drivers
v000001f0ff0e9780_0 .net *"_ivl_12", 0 0, L_000001f0ff128330;  1 drivers
v000001f0ff0eaae0_0 .net *"_ivl_15", 0 0, L_000001f0ff17e270;  1 drivers
v000001f0ff0eb260_0 .net *"_ivl_17", 0 0, L_000001f0ff128100;  1 drivers
v000001f0ff0e8ec0_0 .net *"_ivl_2", 0 0, L_000001f0ff11b270;  1 drivers
v000001f0ff0ead60_0 .net *"_ivl_20", 0 0, L_000001f0ff17f990;  1 drivers
v000001f0ff0e9be0_0 .net *"_ivl_22", 0 0, L_000001f0ff1278b0;  1 drivers
v000001f0ff0ea400_0 .net *"_ivl_26", 0 0, L_000001f0ff17f0d0;  1 drivers
v000001f0ff0e9820_0 .net *"_ivl_28", 0 0, L_000001f0ff127530;  1 drivers
v000001f0ff0ea7c0_0 .net *"_ivl_31", 0 0, L_000001f0ff17e4f0;  1 drivers
v000001f0ff0ea680_0 .net *"_ivl_33", 0 0, L_000001f0ff127ae0;  1 drivers
v000001f0ff0e9f00_0 .net *"_ivl_36", 0 0, L_000001f0ff17dd70;  1 drivers
v000001f0ff0eab80_0 .net *"_ivl_38", 0 0, L_000001f0ff128800;  1 drivers
v000001f0ff0e8e20_0 .net *"_ivl_41", 0 0, L_000001f0ff17edb0;  1 drivers
v000001f0ff0e9fa0_0 .net *"_ivl_43", 0 0, L_000001f0ff127760;  1 drivers
v000001f0ff0ea220_0 .net *"_ivl_46", 0 0, L_000001f0ff17ffd0;  1 drivers
v000001f0ff0ea4a0_0 .net *"_ivl_48", 0 0, L_000001f0ff127b50;  1 drivers
v000001f0ff0ea860_0 .net *"_ivl_5", 0 0, L_000001f0ff17e450;  1 drivers
v000001f0ff0eac20_0 .net *"_ivl_52", 0 0, L_000001f0ff17e090;  1 drivers
v000001f0ff0eae00_0 .net *"_ivl_54", 0 0, L_000001f0ff127bc0;  1 drivers
v000001f0ff0eafe0_0 .net *"_ivl_57", 0 0, L_000001f0ff17e6d0;  1 drivers
v000001f0ff0eb080_0 .net *"_ivl_59", 0 0, L_000001f0ff17f850;  1 drivers
v000001f0ff0e8f60_0 .net *"_ivl_61", 0 0, L_000001f0ff128720;  1 drivers
v000001f0ff0eb120_0 .net *"_ivl_64", 0 0, L_000001f0ff17e810;  1 drivers
v000001f0ff0e9280_0 .net *"_ivl_66", 0 0, L_000001f0ff17e630;  1 drivers
v000001f0ff0eb1c0_0 .net *"_ivl_68", 0 0, L_000001f0ff1284f0;  1 drivers
v000001f0ff0e9320_0 .net *"_ivl_7", 0 0, L_000001f0ff11bba0;  1 drivers
v000001f0ff0e9460_0 .net *"_ivl_71", 0 0, L_000001f0ff17f170;  1 drivers
v000001f0ff0ecd40_0 .net *"_ivl_73", 0 0, L_000001f0ff17f8f0;  1 drivers
v000001f0ff0eb760_0 .net *"_ivl_75", 0 0, L_000001f0ff127680;  1 drivers
v000001f0ff0ed7e0_0 .net *"_ivl_78", 0 0, L_000001f0ff17e590;  1 drivers
v000001f0ff0ed560_0 .net *"_ivl_80", 0 0, L_000001f0ff17dcd0;  1 drivers
v000001f0ff0ebda0_0 .net *"_ivl_82", 0 0, L_000001f0ff126ea0;  1 drivers
v000001f0ff0ec480_0 .net *"_ivl_86", 0 0, L_000001f0ff17ff30;  1 drivers
v000001f0ff0edba0_0 .net *"_ivl_88", 0 0, L_000001f0ff17e310;  1 drivers
v000001f0ff0ed600_0 .net "nA", 4 0, L_000001f0ff17e3b0;  1 drivers
v000001f0ff0ebd00_0 .net "nB", 4 0, L_000001f0ff17dc30;  1 drivers
v000001f0ff0ec8e0_0 .net "sel", 0 0, v000001f0ff0bf730_0;  alias, 1 drivers
v000001f0ff0ed740_0 .net "sel_n", 0 0, L_000001f0ff11b200;  1 drivers
L_000001f0ff17e450 .part v000001f0ff0eb940_0, 0, 1;
L_000001f0ff17ebd0 .part v000001f0ff0eb940_0, 1, 1;
L_000001f0ff17e270 .part v000001f0ff0eb940_0, 2, 1;
L_000001f0ff17f990 .part v000001f0ff0eb940_0, 3, 1;
LS_000001f0ff17e3b0_0_0 .concat8 [ 1 1 1 1], L_000001f0ff11b270, L_000001f0ff11bba0, L_000001f0ff128330, L_000001f0ff128100;
LS_000001f0ff17e3b0_0_4 .concat8 [ 1 0 0 0], L_000001f0ff1278b0;
L_000001f0ff17e3b0 .concat8 [ 4 1 0 0], LS_000001f0ff17e3b0_0_0, LS_000001f0ff17e3b0_0_4;
L_000001f0ff17f0d0 .part v000001f0ff0eb940_0, 4, 1;
L_000001f0ff17e4f0 .part v000001f0ff0ed1a0_0, 0, 1;
L_000001f0ff17dd70 .part v000001f0ff0ed1a0_0, 1, 1;
L_000001f0ff17edb0 .part v000001f0ff0ed1a0_0, 2, 1;
L_000001f0ff17ffd0 .part v000001f0ff0ed1a0_0, 3, 1;
LS_000001f0ff17dc30_0_0 .concat8 [ 1 1 1 1], L_000001f0ff127530, L_000001f0ff127ae0, L_000001f0ff128800, L_000001f0ff127760;
LS_000001f0ff17dc30_0_4 .concat8 [ 1 0 0 0], L_000001f0ff127b50;
L_000001f0ff17dc30 .concat8 [ 4 1 0 0], LS_000001f0ff17dc30_0_0, LS_000001f0ff17dc30_0_4;
L_000001f0ff17e090 .part v000001f0ff0ed1a0_0, 4, 1;
L_000001f0ff17e6d0 .part L_000001f0ff17e3b0, 0, 1;
L_000001f0ff17f850 .part L_000001f0ff17dc30, 0, 1;
L_000001f0ff17e810 .part L_000001f0ff17e3b0, 1, 1;
L_000001f0ff17e630 .part L_000001f0ff17dc30, 1, 1;
L_000001f0ff17f170 .part L_000001f0ff17e3b0, 2, 1;
L_000001f0ff17f8f0 .part L_000001f0ff17dc30, 2, 1;
L_000001f0ff17e590 .part L_000001f0ff17e3b0, 3, 1;
L_000001f0ff17dcd0 .part L_000001f0ff17dc30, 3, 1;
LS_000001f0ff17e8b0_0_0 .concat8 [ 1 1 1 1], L_000001f0ff127bc0, L_000001f0ff128720, L_000001f0ff1284f0, L_000001f0ff127680;
LS_000001f0ff17e8b0_0_4 .concat8 [ 1 0 0 0], L_000001f0ff126ea0;
L_000001f0ff17e8b0 .concat8 [ 4 1 0 0], LS_000001f0ff17e8b0_0_0, LS_000001f0ff17e8b0_0_4;
L_000001f0ff17ff30 .part L_000001f0ff17e3b0, 4, 1;
L_000001f0ff17e310 .part L_000001f0ff17dc30, 4, 1;
S_000001f0ff0f5110 .scope module, "REG_CNT" "register" 3 895, 3 1024 0, S_000001f0feee0660;
 .timescale -9 -12;
    .port_info 0 /OUTPUT 4 "out";
    .port_info 1 /INPUT 4 "in";
    .port_info 2 /INPUT 1 "clock";
    .port_info 3 /INPUT 1 "writing_enable";
P_000001f0ff04bf40 .param/l "WIDTH" 0 3 1025, +C4<00000000000000000000000000000100>;
v000001f0ff0ebf80_0 .net "clock", 0 0, v000001f0ff0e63a0_0;  alias, 1 drivers
v000001f0ff0eca20_0 .net "in", 3 0, L_000001f0ff0e5ea0;  alias, 1 drivers
v000001f0ff0ebbc0_0 .var "out", 3 0;
v000001f0ff0ed880_0 .net "writing_enable", 0 0, v000001f0ff0284e0_0;  alias, 1 drivers
S_000001f0ff0f55c0 .scope module, "REG_MAR" "register" 3 900, 3 1024 0, S_000001f0feee0660;
 .timescale -9 -12;
    .port_info 0 /OUTPUT 4 "out";
    .port_info 1 /INPUT 4 "in";
    .port_info 2 /INPUT 1 "clock";
    .port_info 3 /INPUT 1 "writing_enable";
P_000001f0ff04b0c0 .param/l "WIDTH" 0 3 1025, +C4<00000000000000000000000000000100>;
v000001f0ff0ed9c0_0 .net "clock", 0 0, v000001f0ff0e63a0_0;  alias, 1 drivers
v000001f0ff0ebe40_0 .net "in", 3 0, L_000001f0ff106e20;  alias, 1 drivers
v000001f0ff0ed060_0 .var "out", 3 0;
v000001f0ff0ec840_0 .net "writing_enable", 0 0, v000001f0ff028d00_0;  alias, 1 drivers
S_000001f0ff0f52a0 .scope module, "REG_MAXA" "register" 3 896, 3 1024 0, S_000001f0feee0660;
 .timescale -9 -12;
    .port_info 0 /OUTPUT 4 "out";
    .port_info 1 /INPUT 4 "in";
    .port_info 2 /INPUT 1 "clock";
    .port_info 3 /INPUT 1 "writing_enable";
P_000001f0ff04b1c0 .param/l "WIDTH" 0 3 1025, +C4<00000000000000000000000000000100>;
v000001f0ff0edb00_0 .net "clock", 0 0, v000001f0ff0e63a0_0;  alias, 1 drivers
v000001f0ff0ecb60_0 .net "in", 3 0, L_000001f0ff0e4dc0;  alias, 1 drivers
v000001f0ff0ed100_0 .var "out", 3 0;
v000001f0ff0ec340_0 .net "writing_enable", 0 0, v000001f0ff0bec90_0;  alias, 1 drivers
S_000001f0ff0f5a70 .scope module, "REG_MAXV" "register" 3 897, 3 1024 0, S_000001f0feee0660;
 .timescale -9 -12;
    .port_info 0 /OUTPUT 5 "out";
    .port_info 1 /INPUT 5 "in";
    .port_info 2 /INPUT 1 "clock";
    .port_info 3 /INPUT 1 "writing_enable";
P_000001f0ff04b7c0 .param/l "WIDTH" 0 3 1025, +C4<00000000000000000000000000000101>;
v000001f0ff0edc40_0 .net "clock", 0 0, v000001f0ff0e63a0_0;  alias, 1 drivers
v000001f0ff0ecc00_0 .net "in", 4 0, L_000001f0ff103fe0;  alias, 1 drivers
v000001f0ff0ed1a0_0 .var "out", 4 0;
v000001f0ff0ec020_0 .net "writing_enable", 0 0, v000001f0ff0bf5f0_0;  alias, 1 drivers
S_000001f0ff0f5750 .scope module, "REG_MDR" "register" 3 901, 3 1024 0, S_000001f0feee0660;
 .timescale -9 -12;
    .port_info 0 /OUTPUT 5 "out";
    .port_info 1 /INPUT 5 "in";
    .port_info 2 /INPUT 1 "clock";
    .port_info 3 /INPUT 1 "writing_enable";
P_000001f0ff04b740 .param/l "WIDTH" 0 3 1025, +C4<00000000000000000000000000000101>;
v000001f0ff0ecac0_0 .net "clock", 0 0, v000001f0ff0e63a0_0;  alias, 1 drivers
v000001f0ff0ec980_0 .net "in", 4 0, L_000001f0ff10a980;  alias, 1 drivers
v000001f0ff0ebc60_0 .var "out", 4 0;
v000001f0ff0ec7a0_0 .net "writing_enable", 0 0, v000001f0ff0be970_0;  alias, 1 drivers
S_000001f0ff0f5d90 .scope module, "REG_MINA" "register" 3 898, 3 1024 0, S_000001f0feee0660;
 .timescale -9 -12;
    .port_info 0 /OUTPUT 4 "out";
    .port_info 1 /INPUT 4 "in";
    .port_info 2 /INPUT 1 "clock";
    .port_info 3 /INPUT 1 "writing_enable";
P_000001f0ff04b8c0 .param/l "WIDTH" 0 3 1025, +C4<00000000000000000000000000000100>;
v000001f0ff0ed6a0_0 .net "clock", 0 0, v000001f0ff0e63a0_0;  alias, 1 drivers
v000001f0ff0ec0c0_0 .net "in", 3 0, L_000001f0ff103cc0;  alias, 1 drivers
v000001f0ff0ecca0_0 .var "out", 3 0;
v000001f0ff0ec160_0 .net "writing_enable", 0 0, v000001f0ff0bea10_0;  alias, 1 drivers
S_000001f0ff0f63d0 .scope module, "REG_MINV" "register" 3 899, 3 1024 0, S_000001f0feee0660;
 .timescale -9 -12;
    .port_info 0 /OUTPUT 5 "out";
    .port_info 1 /INPUT 5 "in";
    .port_info 2 /INPUT 1 "clock";
    .port_info 3 /INPUT 1 "writing_enable";
P_000001f0ff04b100 .param/l "WIDTH" 0 3 1025, +C4<00000000000000000000000000000101>;
v000001f0ff0eda60_0 .net "clock", 0 0, v000001f0ff0e63a0_0;  alias, 1 drivers
v000001f0ff0ebee0_0 .net "in", 4 0, L_000001f0ff103f40;  alias, 1 drivers
v000001f0ff0eb940_0 .var "out", 4 0;
v000001f0ff0edd80_0 .net "writing_enable", 0 0, v000001f0ff0c0270_0;  alias, 1 drivers
S_000001f0ff0f4620 .scope module, "REG_ONE" "register" 3 902, 3 1024 0, S_000001f0feee0660;
 .timescale -9 -12;
    .port_info 0 /OUTPUT 4 "out";
    .port_info 1 /INPUT 4 "in";
    .port_info 2 /INPUT 1 "clock";
    .port_info 3 /INPUT 1 "writing_enable";
P_000001f0ff04bd80 .param/l "WIDTH" 0 3 1025, +C4<00000000000000000000000000000100>;
v000001f0ff0ed240_0 .net "clock", 0 0, v000001f0ff0e63a0_0;  alias, 1 drivers
L_000001f0ff130088 .functor BUFT 1, C4<0001>, C4<0>, C4<0>, C4<0>;
v000001f0ff0ec200_0 .net "in", 3 0, L_000001f0ff130088;  1 drivers
v000001f0ff0ecde0_0 .var "out", 3 0;
v000001f0ff0eb620_0 .net "writing_enable", 0 0, v000001f0ff0c0a90_0;  alias, 1 drivers
S_000001f0ff0f5c00 .scope module, "REG_ceq" "register" 3 903, 3 1024 0, S_000001f0feee0660;
 .timescale -9 -12;
    .port_info 0 /OUTPUT 1 "out";
    .port_info 1 /INPUT 1 "in";
    .port_info 2 /INPUT 1 "clock";
    .port_info 3 /INPUT 1 "writing_enable";
P_000001f0ff04bf00 .param/l "WIDTH" 0 3 1025, +C4<00000000000000000000000000000001>;
v000001f0ff0ebb20_0 .net "clock", 0 0, v000001f0ff0e63a0_0;  alias, 1 drivers
v000001f0ff0ed920_0 .net "in", 0 0, L_000001f0ff11c850;  alias, 1 drivers
v000001f0ff0ece80_0 .var "out", 0 0;
v000001f0ff0edce0_0 .net "writing_enable", 0 0, v000001f0ff0bfaf0_0;  alias, 1 drivers
S_000001f0ff0f5430 .scope module, "REG_vd" "register" 3 904, 3 1024 0, S_000001f0feee0660;
 .timescale -9 -12;
    .port_info 0 /OUTPUT 1 "out";
    .port_info 1 /INPUT 1 "in";
    .port_info 2 /INPUT 1 "clock";
    .port_info 3 /INPUT 1 "writing_enable";
P_000001f0ff04b340 .param/l "WIDTH" 0 3 1025, +C4<00000000000000000000000000000001>;
v000001f0ff0eb6c0_0 .net "clock", 0 0, v000001f0ff0e63a0_0;  alias, 1 drivers
v000001f0ff0eb800_0 .net "in", 0 0, v000001f0ff0f1ca0_0;  alias, 1 drivers
v000001f0ff0ecf20_0 .var "out", 0 0;
v000001f0ff0ecfc0_0 .net "writing_enable", 0 0, v000001f0ff0bfc30_0;  alias, 1 drivers
S_000001f0ff0f5f20 .scope module, "memory_module" "MEMORY" 3 155, 3 956 0, S_000001f0feed5040;
 .timescale -9 -12;
    .port_info 0 /INPUT 1 "clk";
    .port_info 1 /INPUT 4 "REG_MAR";
    .port_info 2 /INPUT 5 "REG_MDR";
    .port_info 3 /INPUT 1 "read";
    .port_info 4 /INPUT 1 "write";
    .port_info 5 /OUTPUT 5 "MDR_out";
    .port_info 6 /OUTPUT 1 "s_vd";
    .port_info 7 /OUTPUT 6 "test_memory_0";
    .port_info 8 /OUTPUT 6 "test_memory_1";
    .port_info 9 /OUTPUT 6 "test_memory_2";
    .port_info 10 /OUTPUT 6 "test_memory_3";
    .port_info 11 /OUTPUT 6 "test_memory_4";
    .port_info 12 /OUTPUT 6 "test_memory_5";
    .port_info 13 /OUTPUT 6 "test_memory_6";
    .port_info 14 /OUTPUT 6 "test_memory_7";
    .port_info 15 /OUTPUT 6 "test_memory_8";
    .port_info 16 /OUTPUT 6 "test_memory_9";
    .port_info 17 /OUTPUT 6 "test_memory_10";
    .port_info 18 /OUTPUT 6 "test_memory_11";
    .port_info 19 /OUTPUT 6 "test_memory_12";
    .port_info 20 /OUTPUT 6 "test_memory_13";
    .port_info 21 /OUTPUT 6 "test_memory_14";
    .port_info 22 /OUTPUT 6 "test_memory_15";
v000001f0ff0f2880_0 .array/port v000001f0ff0f2880, 0;
L_000001f0ff1286b0 .functor BUFZ 6, v000001f0ff0f2880_0, C4<000000>, C4<000000>, C4<000000>;
v000001f0ff0f2880_1 .array/port v000001f0ff0f2880, 1;
L_000001f0ff127920 .functor BUFZ 6, v000001f0ff0f2880_1, C4<000000>, C4<000000>, C4<000000>;
v000001f0ff0f2880_2 .array/port v000001f0ff0f2880, 2;
L_000001f0ff127060 .functor BUFZ 6, v000001f0ff0f2880_2, C4<000000>, C4<000000>, C4<000000>;
v000001f0ff0f2880_3 .array/port v000001f0ff0f2880, 3;
L_000001f0ff128480 .functor BUFZ 6, v000001f0ff0f2880_3, C4<000000>, C4<000000>, C4<000000>;
v000001f0ff0f2880_4 .array/port v000001f0ff0f2880, 4;
L_000001f0ff1274c0 .functor BUFZ 6, v000001f0ff0f2880_4, C4<000000>, C4<000000>, C4<000000>;
v000001f0ff0f2880_5 .array/port v000001f0ff0f2880, 5;
L_000001f0ff127220 .functor BUFZ 6, v000001f0ff0f2880_5, C4<000000>, C4<000000>, C4<000000>;
v000001f0ff0f2880_6 .array/port v000001f0ff0f2880, 6;
L_000001f0ff1288e0 .functor BUFZ 6, v000001f0ff0f2880_6, C4<000000>, C4<000000>, C4<000000>;
v000001f0ff0f2880_7 .array/port v000001f0ff0f2880, 7;
L_000001f0ff128790 .functor BUFZ 6, v000001f0ff0f2880_7, C4<000000>, C4<000000>, C4<000000>;
v000001f0ff0f2880_8 .array/port v000001f0ff0f2880, 8;
L_000001f0ff126ff0 .functor BUFZ 6, v000001f0ff0f2880_8, C4<000000>, C4<000000>, C4<000000>;
v000001f0ff0f2880_9 .array/port v000001f0ff0f2880, 9;
L_000001f0ff127840 .functor BUFZ 6, v000001f0ff0f2880_9, C4<000000>, C4<000000>, C4<000000>;
v000001f0ff0f2880_10 .array/port v000001f0ff0f2880, 10;
L_000001f0ff128870 .functor BUFZ 6, v000001f0ff0f2880_10, C4<000000>, C4<000000>, C4<000000>;
v000001f0ff0f2880_11 .array/port v000001f0ff0f2880, 11;
L_000001f0ff128170 .functor BUFZ 6, v000001f0ff0f2880_11, C4<000000>, C4<000000>, C4<000000>;
v000001f0ff0f2880_12 .array/port v000001f0ff0f2880, 12;
L_000001f0ff127990 .functor BUFZ 6, v000001f0ff0f2880_12, C4<000000>, C4<000000>, C4<000000>;
v000001f0ff0f2880_13 .array/port v000001f0ff0f2880, 13;
L_000001f0ff128950 .functor BUFZ 6, v000001f0ff0f2880_13, C4<000000>, C4<000000>, C4<000000>;
v000001f0ff0f2880_14 .array/port v000001f0ff0f2880, 14;
L_000001f0ff1270d0 .functor BUFZ 6, v000001f0ff0f2880_14, C4<000000>, C4<000000>, C4<000000>;
v000001f0ff0f2880_15 .array/port v000001f0ff0f2880, 15;
L_000001f0ff127450 .functor BUFZ 6, v000001f0ff0f2880_15, C4<000000>, C4<000000>, C4<000000>;
v000001f0ff0ef5e0_0 .var "MDR_out", 4 0;
v000001f0ff0ef680_0 .net "REG_MAR", 3 0, L_000001f0ff1285d0;  alias, 1 drivers
v000001f0ff0f1480_0 .net "REG_MDR", 4 0, L_000001f0ff1276f0;  alias, 1 drivers
v000001f0ff0f2b00_0 .net "clk", 0 0, v000001f0ff0e63a0_0;  alias, 1 drivers
v000001f0ff0f2c40_0 .var/i "i", 31 0;
v000001f0ff0f2880 .array "memory", 0 15, 5 0;
v000001f0ff0f2ba0_0 .net "read", 0 0, v000001f0ff027b80_0;  alias, 1 drivers
v000001f0ff0f1ca0_0 .var "s_vd", 0 0;
v000001f0ff0f1520_0 .net "test_memory_0", 5 0, L_000001f0ff1286b0;  alias, 1 drivers
v000001f0ff0f09e0_0 .net "test_memory_1", 5 0, L_000001f0ff127920;  alias, 1 drivers
v000001f0ff0f0ee0_0 .net "test_memory_10", 5 0, L_000001f0ff128870;  alias, 1 drivers
v000001f0ff0f2740_0 .net "test_memory_11", 5 0, L_000001f0ff128170;  alias, 1 drivers
v000001f0ff0f2ce0_0 .net "test_memory_12", 5 0, L_000001f0ff127990;  alias, 1 drivers
v000001f0ff0f1840_0 .net "test_memory_13", 5 0, L_000001f0ff128950;  alias, 1 drivers
v000001f0ff0f21a0_0 .net "test_memory_14", 5 0, L_000001f0ff1270d0;  alias, 1 drivers
v000001f0ff0f2d80_0 .net "test_memory_15", 5 0, L_000001f0ff127450;  alias, 1 drivers
v000001f0ff0f0a80_0 .net "test_memory_2", 5 0, L_000001f0ff127060;  alias, 1 drivers
v000001f0ff0f22e0_0 .net "test_memory_3", 5 0, L_000001f0ff128480;  alias, 1 drivers
v000001f0ff0f18e0_0 .net "test_memory_4", 5 0, L_000001f0ff1274c0;  alias, 1 drivers
v000001f0ff0f1d40_0 .net "test_memory_5", 5 0, L_000001f0ff127220;  alias, 1 drivers
v000001f0ff0f2240_0 .net "test_memory_6", 5 0, L_000001f0ff1288e0;  alias, 1 drivers
v000001f0ff0f1340_0 .net "test_memory_7", 5 0, L_000001f0ff128790;  alias, 1 drivers
v000001f0ff0f0d00_0 .net "test_memory_8", 5 0, L_000001f0ff126ff0;  alias, 1 drivers
v000001f0ff0f2a60_0 .net "test_memory_9", 5 0, L_000001f0ff127840;  alias, 1 drivers
v000001f0ff0f1980_0 .net "write", 0 0, v000001f0ff0c0d10_0;  alias, 1 drivers
    .scope S_000001f0feef3b40;
T_0 ;
    %pushi/vec4 0, 0, 4;
    %store/vec4 v000001f0ff027900_0, 0, 4;
    %end;
    .thread T_0;
    .scope S_000001f0feef3b40;
T_1 ;
    %wait E_000001f0ff04b080;
    %load/vec4 v000001f0ff0279a0_0;
    %assign/vec4 v000001f0ff027900_0, 0;
    %jmp T_1;
    .thread T_1;
    .scope S_000001f0feef3b40;
T_2 ;
    %wait E_000001f0ff04bb00;
    %load/vec4 v000001f0ff027900_0;
    %dup/vec4;
    %pushi/vec4 0, 0, 4;
    %cmp/u;
    %jmp/1 T_2.0, 6;
    %dup/vec4;
    %pushi/vec4 1, 0, 4;
    %cmp/u;
    %jmp/1 T_2.1, 6;
    %dup/vec4;
    %pushi/vec4 8, 0, 4;
    %cmp/u;
    %jmp/1 T_2.2, 6;
    %dup/vec4;
    %pushi/vec4 2, 0, 4;
    %cmp/u;
    %jmp/1 T_2.3, 6;
    %dup/vec4;
    %pushi/vec4 12, 0, 4;
    %cmp/u;
    %jmp/1 T_2.4, 6;
    %dup/vec4;
    %pushi/vec4 4, 0, 4;
    %cmp/u;
    %jmp/1 T_2.5, 6;
    %dup/vec4;
    %pushi/vec4 5, 0, 4;
    %cmp/u;
    %jmp/1 T_2.6, 6;
    %dup/vec4;
    %pushi/vec4 10, 0, 4;
    %cmp/u;
    %jmp/1 T_2.7, 6;
    %dup/vec4;
    %pushi/vec4 3, 0, 4;
    %cmp/u;
    %jmp/1 T_2.8, 6;
    %dup/vec4;
    %pushi/vec4 9, 0, 4;
    %cmp/u;
    %jmp/1 T_2.9, 6;
    %dup/vec4;
    %pushi/vec4 6, 0, 4;
    %cmp/u;
    %jmp/1 T_2.10, 6;
    %dup/vec4;
    %pushi/vec4 7, 0, 4;
    %cmp/u;
    %jmp/1 T_2.11, 6;
    %dup/vec4;
    %pushi/vec4 11, 0, 4;
    %cmp/u;
    %jmp/1 T_2.12, 6;
    %pushi/vec4 0, 0, 4;
    %store/vec4 v000001f0ff0279a0_0, 0, 4;
    %jmp T_2.14;
T_2.0 ;
    %load/vec4 v000001f0ff0befb0_0;
    %flag_set/vec4 8;
    %jmp/0xz  T_2.15, 8;
    %pushi/vec4 1, 0, 4;
    %store/vec4 v000001f0ff0279a0_0, 0, 4;
    %jmp T_2.16;
T_2.15 ;
    %pushi/vec4 0, 0, 4;
    %store/vec4 v000001f0ff0279a0_0, 0, 4;
T_2.16 ;
    %pushi/vec4 0, 0, 1;
    %assign/vec4 v000001f0ff027ae0_0, 0;
    %jmp T_2.14;
T_2.1 ;
    %load/vec4 v000001f0ff0befb0_0;
    %flag_set/vec4 8;
    %jmp/0xz  T_2.17, 8;
    %pushi/vec4 1, 0, 4;
    %store/vec4 v000001f0ff0279a0_0, 0, 4;
    %jmp T_2.18;
T_2.17 ;
    %pushi/vec4 8, 0, 4;
    %store/vec4 v000001f0ff0279a0_0, 0, 4;
T_2.18 ;
    %jmp T_2.14;
T_2.2 ;
    %pushi/vec4 2, 0, 4;
    %store/vec4 v000001f0ff0279a0_0, 0, 4;
    %jmp T_2.14;
T_2.3 ;
    %pushi/vec4 12, 0, 4;
    %store/vec4 v000001f0ff0279a0_0, 0, 4;
    %jmp T_2.14;
T_2.4 ;
    %load/vec4 v000001f0ff0c0130_0;
    %flag_set/vec4 8;
    %jmp/0xz  T_2.19, 8;
    %pushi/vec4 4, 0, 4;
    %store/vec4 v000001f0ff0279a0_0, 0, 4;
    %jmp T_2.20;
T_2.19 ;
    %pushi/vec4 3, 0, 4;
    %store/vec4 v000001f0ff0279a0_0, 0, 4;
T_2.20 ;
    %jmp T_2.14;
T_2.5 ;
    %pushi/vec4 5, 0, 4;
    %store/vec4 v000001f0ff0279a0_0, 0, 4;
    %jmp T_2.14;
T_2.6 ;
    %pushi/vec4 10, 0, 4;
    %store/vec4 v000001f0ff0279a0_0, 0, 4;
    %jmp T_2.14;
T_2.7 ;
    %pushi/vec4 3, 0, 4;
    %store/vec4 v000001f0ff0279a0_0, 0, 4;
    %jmp T_2.14;
T_2.8 ;
    %pushi/vec4 9, 0, 4;
    %store/vec4 v000001f0ff0279a0_0, 0, 4;
    %jmp T_2.14;
T_2.9 ;
    %load/vec4 v000001f0ff027f40_0;
    %load/vec4 v000001f0ff027ae0_0;
    %and;
    %flag_set/vec4 8;
    %jmp/0xz  T_2.21, 8;
    %pushi/vec4 6, 0, 4;
    %store/vec4 v000001f0ff0279a0_0, 0, 4;
    %jmp T_2.22;
T_2.21 ;
    %pushi/vec4 2, 0, 4;
    %assign/vec4 v000001f0ff0279a0_0, 0;
    %pushi/vec4 1, 0, 1;
    %assign/vec4 v000001f0ff027ae0_0, 0;
T_2.22 ;
    %jmp T_2.14;
T_2.10 ;
    %pushi/vec4 7, 0, 4;
    %store/vec4 v000001f0ff0279a0_0, 0, 4;
    %jmp T_2.14;
T_2.11 ;
    %pushi/vec4 11, 0, 4;
    %store/vec4 v000001f0ff0279a0_0, 0, 4;
    %jmp T_2.14;
T_2.12 ;
    %pushi/vec4 11, 0, 4;
    %store/vec4 v000001f0ff0279a0_0, 0, 4;
    %jmp T_2.14;
T_2.14 ;
    %pop/vec4 1;
    %load/vec4 v000001f0ff027900_0;
    %dup/vec4;
    %pushi/vec4 0, 0, 4;
    %cmp/u;
    %jmp/1 T_2.23, 6;
    %dup/vec4;
    %pushi/vec4 1, 0, 4;
    %cmp/u;
    %jmp/1 T_2.24, 6;
    %dup/vec4;
    %pushi/vec4 2, 0, 4;
    %cmp/u;
    %jmp/1 T_2.25, 6;
    %dup/vec4;
    %pushi/vec4 3, 0, 4;
    %cmp/u;
    %jmp/1 T_2.26, 6;
    %dup/vec4;
    %pushi/vec4 4, 0, 4;
    %cmp/u;
    %jmp/1 T_2.27, 6;
    %dup/vec4;
    %pushi/vec4 5, 0, 4;
    %cmp/u;
    %jmp/1 T_2.28, 6;
    %dup/vec4;
    %pushi/vec4 6, 0, 4;
    %cmp/u;
    %jmp/1 T_2.29, 6;
    %dup/vec4;
    %pushi/vec4 7, 0, 4;
    %cmp/u;
    %jmp/1 T_2.30, 6;
    %dup/vec4;
    %pushi/vec4 8, 0, 4;
    %cmp/u;
    %jmp/1 T_2.31, 6;
    %dup/vec4;
    %pushi/vec4 9, 0, 4;
    %cmp/u;
    %jmp/1 T_2.32, 6;
    %dup/vec4;
    %pushi/vec4 10, 0, 4;
    %cmp/u;
    %jmp/1 T_2.33, 6;
    %dup/vec4;
    %pushi/vec4 11, 0, 4;
    %cmp/u;
    %jmp/1 T_2.34, 6;
    %dup/vec4;
    %pushi/vec4 12, 0, 4;
    %cmp/u;
    %jmp/1 T_2.35, 6;
    %jmp T_2.36;
T_2.23 ;
    %pushi/vec4 0, 0, 1;
    %store/vec4 v000001f0ff0c0450_0, 0, 1;
    %pushi/vec4 0, 0, 1;
    %store/vec4 v000001f0ff0c0810_0, 0, 1;
    %pushi/vec4 0, 0, 1;
    %store/vec4 v000001f0ff0c0b30_0, 0, 1;
    %pushi/vec4 0, 0, 1;
    %store/vec4 v000001f0ff0be790_0, 0, 1;
    %pushi/vec4 0, 0, 1;
    %store/vec4 v000001f0ff0bf870_0, 0, 1;
    %pushi/vec4 0, 0, 2;
    %store/vec4 v000001f0ff0bf410_0, 0, 2;
    %pushi/vec4 0, 0, 2;
    %store/vec4 v000001f0ff0bed30_0, 0, 2;
    %pushi/vec4 0, 0, 1;
    %store/vec4 v000001f0ff0bfb90_0, 0, 1;
    %pushi/vec4 0, 0, 1;
    %store/vec4 v000001f0ff0bf730_0, 0, 1;
    %pushi/vec4 1, 0, 1;
    %store/vec4 v000001f0ff0284e0_0, 0, 1;
    %pushi/vec4 1, 0, 1;
    %store/vec4 v000001f0ff0bec90_0, 0, 1;
    %pushi/vec4 1, 0, 1;
    %store/vec4 v000001f0ff0bf5f0_0, 0, 1;
    %pushi/vec4 1, 0, 1;
    %store/vec4 v000001f0ff0bea10_0, 0, 1;
    %pushi/vec4 1, 0, 1;
    %store/vec4 v000001f0ff0c0270_0, 0, 1;
    %pushi/vec4 1, 0, 1;
    %store/vec4 v000001f0ff0be970_0, 0, 1;
    %pushi/vec4 1, 0, 1;
    %store/vec4 v000001f0ff028d00_0, 0, 1;
    %pushi/vec4 1, 0, 1;
    %store/vec4 v000001f0ff0c0a90_0, 0, 1;
    %pushi/vec4 0, 0, 1;
    %store/vec4 v000001f0ff0bfaf0_0, 0, 1;
    %pushi/vec4 0, 0, 1;
    %store/vec4 v000001f0ff0bfc30_0, 0, 1;
    %pushi/vec4 0, 0, 1;
    %store/vec4 v000001f0ff0c0090_0, 0, 1;
    %pushi/vec4 0, 0, 2;
    %store/vec4 v000001f0ff0bf2d0_0, 0, 2;
    %pushi/vec4 0, 0, 1;
    %store/vec4 v000001f0ff0c06d0_0, 0, 1;
    %pushi/vec4 0, 0, 1;
    %store/vec4 v000001f0ff027b80_0, 0, 1;
    %pushi/vec4 0, 0, 1;
    %store/vec4 v000001f0ff0c0d10_0, 0, 1;
    %jmp T_2.36;
T_2.24 ;
    %pushi/vec4 1, 0, 1;
    %store/vec4 v000001f0ff0c0450_0, 0, 1;
    %pushi/vec4 0, 0, 1;
    %store/vec4 v000001f0ff0c0810_0, 0, 1;
    %pushi/vec4 0, 0, 1;
    %store/vec4 v000001f0ff0c0b30_0, 0, 1;
    %pushi/vec4 0, 0, 1;
    %store/vec4 v000001f0ff0be790_0, 0, 1;
    %pushi/vec4 0, 0, 1;
    %store/vec4 v000001f0ff0bf870_0, 0, 1;
    %pushi/vec4 1, 0, 2;
    %store/vec4 v000001f0ff0bf410_0, 0, 2;
    %pushi/vec4 1, 0, 2;
    %store/vec4 v000001f0ff0bed30_0, 0, 2;
    %pushi/vec4 0, 0, 1;
    %store/vec4 v000001f0ff0bfb90_0, 0, 1;
    %pushi/vec4 0, 0, 1;
    %store/vec4 v000001f0ff0bf730_0, 0, 1;
    %pushi/vec4 1, 0, 1;
    %store/vec4 v000001f0ff0284e0_0, 0, 1;
    %pushi/vec4 0, 0, 1;
    %store/vec4 v000001f0ff0bec90_0, 0, 1;
    %pushi/vec4 0, 0, 1;
    %store/vec4 v000001f0ff0bf5f0_0, 0, 1;
    %pushi/vec4 0, 0, 1;
    %store/vec4 v000001f0ff0bea10_0, 0, 1;
    %pushi/vec4 0, 0, 1;
    %store/vec4 v000001f0ff0c0270_0, 0, 1;
    %pushi/vec4 1, 0, 1;
    %store/vec4 v000001f0ff0be970_0, 0, 1;
    %pushi/vec4 1, 0, 1;
    %store/vec4 v000001f0ff028d00_0, 0, 1;
    %pushi/vec4 0, 0, 1;
    %store/vec4 v000001f0ff0c0a90_0, 0, 1;
    %pushi/vec4 0, 0, 1;
    %store/vec4 v000001f0ff0bfaf0_0, 0, 1;
    %pushi/vec4 0, 0, 1;
    %store/vec4 v000001f0ff0bfc30_0, 0, 1;
    %pushi/vec4 0, 0, 1;
    %store/vec4 v000001f0ff0c0090_0, 0, 1;
    %pushi/vec4 0, 0, 2;
    %store/vec4 v000001f0ff0bf2d0_0, 0, 2;
    %pushi/vec4 0, 0, 1;
    %store/vec4 v000001f0ff0c06d0_0, 0, 1;
    %pushi/vec4 0, 0, 1;
    %store/vec4 v000001f0ff027b80_0, 0, 1;
    %pushi/vec4 1, 0, 1;
    %store/vec4 v000001f0ff0c0d10_0, 0, 1;
    %jmp T_2.36;
T_2.25 ;
    %pushi/vec4 0, 0, 1;
    %store/vec4 v000001f0ff0c0450_0, 0, 1;
    %pushi/vec4 0, 0, 1;
    %store/vec4 v000001f0ff0c0810_0, 0, 1;
    %pushi/vec4 0, 0, 1;
    %store/vec4 v000001f0ff0c0b30_0, 0, 1;
    %pushi/vec4 0, 0, 1;
    %store/vec4 v000001f0ff0be790_0, 0, 1;
    %pushi/vec4 0, 0, 1;
    %store/vec4 v000001f0ff0bf870_0, 0, 1;
    %pushi/vec4 0, 0, 2;
    %store/vec4 v000001f0ff0bf410_0, 0, 2;
    %pushi/vec4 2, 0, 2;
    %store/vec4 v000001f0ff0bed30_0, 0, 2;
    %pushi/vec4 0, 0, 1;
    %store/vec4 v000001f0ff0bfb90_0, 0, 1;
    %pushi/vec4 0, 0, 1;
    %store/vec4 v000001f0ff0bf730_0, 0, 1;
    %pushi/vec4 0, 0, 1;
    %store/vec4 v000001f0ff0284e0_0, 0, 1;
    %pushi/vec4 0, 0, 1;
    %store/vec4 v000001f0ff0bec90_0, 0, 1;
    %pushi/vec4 0, 0, 1;
    %store/vec4 v000001f0ff0bf5f0_0, 0, 1;
    %pushi/vec4 0, 0, 1;
    %store/vec4 v000001f0ff0bea10_0, 0, 1;
    %pushi/vec4 0, 0, 1;
    %store/vec4 v000001f0ff0c0270_0, 0, 1;
    %pushi/vec4 1, 0, 1;
    %store/vec4 v000001f0ff0be970_0, 0, 1;
    %pushi/vec4 0, 0, 1;
    %store/vec4 v000001f0ff028d00_0, 0, 1;
    %pushi/vec4 0, 0, 1;
    %store/vec4 v000001f0ff0c0a90_0, 0, 1;
    %pushi/vec4 1, 0, 1;
    %store/vec4 v000001f0ff0bfaf0_0, 0, 1;
    %pushi/vec4 1, 0, 1;
    %store/vec4 v000001f0ff0bfc30_0, 0, 1;
    %pushi/vec4 0, 0, 1;
    %store/vec4 v000001f0ff0c0090_0, 0, 1;
    %pushi/vec4 0, 0, 2;
    %store/vec4 v000001f0ff0bf2d0_0, 0, 2;
    %pushi/vec4 0, 0, 1;
    %store/vec4 v000001f0ff0c06d0_0, 0, 1;
    %pushi/vec4 1, 0, 1;
    %store/vec4 v000001f0ff027b80_0, 0, 1;
    %pushi/vec4 0, 0, 1;
    %store/vec4 v000001f0ff0c0d10_0, 0, 1;
    %jmp T_2.36;
T_2.26 ;
    %pushi/vec4 0, 0, 1;
    %store/vec4 v000001f0ff0c0450_0, 0, 1;
    %pushi/vec4 0, 0, 1;
    %store/vec4 v000001f0ff0c0810_0, 0, 1;
    %pushi/vec4 0, 0, 1;
    %store/vec4 v000001f0ff0c0b30_0, 0, 1;
    %pushi/vec4 0, 0, 1;
    %store/vec4 v000001f0ff0be790_0, 0, 1;
    %pushi/vec4 0, 0, 1;
    %store/vec4 v000001f0ff0bf870_0, 0, 1;
    %pushi/vec4 2, 0, 2;
    %store/vec4 v000001f0ff0bf410_0, 0, 2;
    %pushi/vec4 0, 0, 2;
    %store/vec4 v000001f0ff0bed30_0, 0, 2;
    %pushi/vec4 0, 0, 1;
    %store/vec4 v000001f0ff0bfb90_0, 0, 1;
    %pushi/vec4 0, 0, 1;
    %store/vec4 v000001f0ff0bf730_0, 0, 1;
    %pushi/vec4 0, 0, 1;
    %store/vec4 v000001f0ff0284e0_0, 0, 1;
    %pushi/vec4 0, 0, 1;
    %store/vec4 v000001f0ff0bec90_0, 0, 1;
    %pushi/vec4 0, 0, 1;
    %store/vec4 v000001f0ff0bf5f0_0, 0, 1;
    %pushi/vec4 0, 0, 1;
    %store/vec4 v000001f0ff0bea10_0, 0, 1;
    %pushi/vec4 0, 0, 1;
    %store/vec4 v000001f0ff0c0270_0, 0, 1;
    %pushi/vec4 0, 0, 1;
    %store/vec4 v000001f0ff0be970_0, 0, 1;
    %pushi/vec4 1, 0, 1;
    %store/vec4 v000001f0ff028d00_0, 0, 1;
    %pushi/vec4 0, 0, 1;
    %store/vec4 v000001f0ff0c0a90_0, 0, 1;
    %pushi/vec4 0, 0, 1;
    %store/vec4 v000001f0ff0bfaf0_0, 0, 1;
    %pushi/vec4 0, 0, 1;
    %store/vec4 v000001f0ff0bfc30_0, 0, 1;
    %pushi/vec4 1, 0, 1;
    %store/vec4 v000001f0ff0c0090_0, 0, 1;
    %pushi/vec4 0, 0, 2;
    %store/vec4 v000001f0ff0bf2d0_0, 0, 2;
    %pushi/vec4 0, 0, 1;
    %store/vec4 v000001f0ff0c06d0_0, 0, 1;
    %pushi/vec4 0, 0, 1;
    %store/vec4 v000001f0ff027b80_0, 0, 1;
    %pushi/vec4 0, 0, 1;
    %store/vec4 v000001f0ff0c0d10_0, 0, 1;
    %jmp T_2.36;
T_2.27 ;
    %pushi/vec4 0, 0, 1;
    %store/vec4 v000001f0ff0c0450_0, 0, 1;
    %pushi/vec4 1, 0, 1;
    %store/vec4 v000001f0ff0c0810_0, 0, 1;
    %pushi/vec4 1, 0, 1;
    %store/vec4 v000001f0ff0c0b30_0, 0, 1;
    %pushi/vec4 0, 0, 1;
    %store/vec4 v000001f0ff0be790_0, 0, 1;
    %pushi/vec4 0, 0, 1;
    %store/vec4 v000001f0ff0bf870_0, 0, 1;
    %pushi/vec4 0, 0, 2;
    %store/vec4 v000001f0ff0bf410_0, 0, 2;
    %pushi/vec4 0, 0, 2;
    %store/vec4 v000001f0ff0bed30_0, 0, 2;
    %pushi/vec4 0, 0, 1;
    %store/vec4 v000001f0ff0bfb90_0, 0, 1;
    %pushi/vec4 0, 0, 1;
    %store/vec4 v000001f0ff0bf730_0, 0, 1;
    %pushi/vec4 0, 0, 1;
    %store/vec4 v000001f0ff0284e0_0, 0, 1;
    %pushi/vec4 1, 0, 1;
    %store/vec4 v000001f0ff0bec90_0, 0, 1;
    %pushi/vec4 1, 0, 1;
    %store/vec4 v000001f0ff0bf5f0_0, 0, 1;
    %pushi/vec4 0, 0, 1;
    %store/vec4 v000001f0ff0bea10_0, 0, 1;
    %pushi/vec4 0, 0, 1;
    %store/vec4 v000001f0ff0c0270_0, 0, 1;
    %pushi/vec4 0, 0, 1;
    %store/vec4 v000001f0ff0be970_0, 0, 1;
    %pushi/vec4 0, 0, 1;
    %store/vec4 v000001f0ff028d00_0, 0, 1;
    %pushi/vec4 0, 0, 1;
    %store/vec4 v000001f0ff0c0a90_0, 0, 1;
    %pushi/vec4 0, 0, 1;
    %store/vec4 v000001f0ff0bfaf0_0, 0, 1;
    %pushi/vec4 0, 0, 1;
    %store/vec4 v000001f0ff0bfc30_0, 0, 1;
    %pushi/vec4 0, 0, 1;
    %store/vec4 v000001f0ff0c0090_0, 0, 1;
    %pushi/vec4 1, 0, 2;
    %store/vec4 v000001f0ff0bf2d0_0, 0, 2;
    %pushi/vec4 0, 0, 1;
    %store/vec4 v000001f0ff0c06d0_0, 0, 1;
    %pushi/vec4 0, 0, 1;
    %store/vec4 v000001f0ff027b80_0, 0, 1;
    %pushi/vec4 0, 0, 1;
    %store/vec4 v000001f0ff0c0d10_0, 0, 1;
    %jmp T_2.36;
T_2.28 ;
    %pushi/vec4 0, 0, 1;
    %store/vec4 v000001f0ff0c0450_0, 0, 1;
    %pushi/vec4 0, 0, 1;
    %store/vec4 v000001f0ff0c0810_0, 0, 1;
    %pushi/vec4 0, 0, 1;
    %store/vec4 v000001f0ff0c0b30_0, 0, 1;
    %pushi/vec4 1, 0, 1;
    %store/vec4 v000001f0ff0be790_0, 0, 1;
    %pushi/vec4 1, 0, 1;
    %store/vec4 v000001f0ff0bf870_0, 0, 1;
    %pushi/vec4 0, 0, 2;
    %store/vec4 v000001f0ff0bf410_0, 0, 2;
    %pushi/vec4 0, 0, 2;
    %store/vec4 v000001f0ff0bed30_0, 0, 2;
    %pushi/vec4 0, 0, 1;
    %store/vec4 v000001f0ff0bfb90_0, 0, 1;
    %pushi/vec4 0, 0, 1;
    %store/vec4 v000001f0ff0bf730_0, 0, 1;
    %pushi/vec4 0, 0, 1;
    %store/vec4 v000001f0ff0284e0_0, 0, 1;
    %pushi/vec4 0, 0, 1;
    %store/vec4 v000001f0ff0bec90_0, 0, 1;
    %pushi/vec4 0, 0, 1;
    %store/vec4 v000001f0ff0bf5f0_0, 0, 1;
    %pushi/vec4 1, 0, 1;
    %store/vec4 v000001f0ff0bea10_0, 0, 1;
    %pushi/vec4 1, 0, 1;
    %store/vec4 v000001f0ff0c0270_0, 0, 1;
    %pushi/vec4 0, 0, 1;
    %store/vec4 v000001f0ff0be970_0, 0, 1;
    %pushi/vec4 0, 0, 1;
    %store/vec4 v000001f0ff028d00_0, 0, 1;
    %pushi/vec4 0, 0, 1;
    %store/vec4 v000001f0ff0c0a90_0, 0, 1;
    %pushi/vec4 0, 0, 1;
    %store/vec4 v000001f0ff0bfaf0_0, 0, 1;
    %pushi/vec4 0, 0, 1;
    %store/vec4 v000001f0ff0bfc30_0, 0, 1;
    %pushi/vec4 0, 0, 1;
    %store/vec4 v000001f0ff0c0090_0, 0, 1;
    %pushi/vec4 2, 0, 2;
    %store/vec4 v000001f0ff0bf2d0_0, 0, 2;
    %pushi/vec4 0, 0, 1;
    %store/vec4 v000001f0ff0c06d0_0, 0, 1;
    %pushi/vec4 0, 0, 1;
    %store/vec4 v000001f0ff027b80_0, 0, 1;
    %pushi/vec4 0, 0, 1;
    %store/vec4 v000001f0ff0c0d10_0, 0, 1;
    %jmp T_2.36;
T_2.29 ;
    %pushi/vec4 0, 0, 1;
    %store/vec4 v000001f0ff0c0450_0, 0, 1;
    %pushi/vec4 0, 0, 1;
    %store/vec4 v000001f0ff0c0810_0, 0, 1;
    %pushi/vec4 0, 0, 1;
    %store/vec4 v000001f0ff0c0b30_0, 0, 1;
    %pushi/vec4 0, 0, 1;
    %store/vec4 v000001f0ff0be790_0, 0, 1;
    %pushi/vec4 0, 0, 1;
    %store/vec4 v000001f0ff0bf870_0, 0, 1;
    %pushi/vec4 0, 0, 2;
    %store/vec4 v000001f0ff0bf410_0, 0, 2;
    %pushi/vec4 0, 0, 2;
    %store/vec4 v000001f0ff0bed30_0, 0, 2;
    %pushi/vec4 0, 0, 1;
    %store/vec4 v000001f0ff0bfb90_0, 0, 1;
    %pushi/vec4 0, 0, 1;
    %store/vec4 v000001f0ff0bf730_0, 0, 1;
    %pushi/vec4 0, 0, 1;
    %store/vec4 v000001f0ff0284e0_0, 0, 1;
    %pushi/vec4 0, 0, 1;
    %store/vec4 v000001f0ff0bec90_0, 0, 1;
    %pushi/vec4 0, 0, 1;
    %store/vec4 v000001f0ff0bf5f0_0, 0, 1;
    %pushi/vec4 0, 0, 1;
    %store/vec4 v000001f0ff0bea10_0, 0, 1;
    %pushi/vec4 0, 0, 1;
    %store/vec4 v000001f0ff0c0270_0, 0, 1;
    %pushi/vec4 0, 0, 1;
    %store/vec4 v000001f0ff0be970_0, 0, 1;
    %pushi/vec4 0, 0, 1;
    %store/vec4 v000001f0ff028d00_0, 0, 1;
    %pushi/vec4 0, 0, 1;
    %store/vec4 v000001f0ff0c0a90_0, 0, 1;
    %pushi/vec4 0, 0, 1;
    %store/vec4 v000001f0ff0bfaf0_0, 0, 1;
    %pushi/vec4 0, 0, 1;
    %store/vec4 v000001f0ff0bfc30_0, 0, 1;
    %pushi/vec4 0, 0, 1;
    %store/vec4 v000001f0ff0c0090_0, 0, 1;
    %pushi/vec4 0, 0, 2;
    %store/vec4 v000001f0ff0bf2d0_0, 0, 2;
    %pushi/vec4 1, 0, 1;
    %store/vec4 v000001f0ff0c06d0_0, 0, 1;
    %pushi/vec4 0, 0, 1;
    %store/vec4 v000001f0ff027b80_0, 0, 1;
    %pushi/vec4 0, 0, 1;
    %store/vec4 v000001f0ff0c0d10_0, 0, 1;
    %jmp T_2.36;
T_2.30 ;
    %pushi/vec4 0, 0, 1;
    %store/vec4 v000001f0ff0c0450_0, 0, 1;
    %pushi/vec4 0, 0, 1;
    %store/vec4 v000001f0ff0c0810_0, 0, 1;
    %pushi/vec4 0, 0, 1;
    %store/vec4 v000001f0ff0c0b30_0, 0, 1;
    %pushi/vec4 0, 0, 1;
    %store/vec4 v000001f0ff0be790_0, 0, 1;
    %pushi/vec4 0, 0, 1;
    %store/vec4 v000001f0ff0bf870_0, 0, 1;
    %pushi/vec4 0, 0, 2;
    %store/vec4 v000001f0ff0bf410_0, 0, 2;
    %pushi/vec4 0, 0, 2;
    %store/vec4 v000001f0ff0bed30_0, 0, 2;
    %pushi/vec4 1, 0, 1;
    %store/vec4 v000001f0ff0bfb90_0, 0, 1;
    %pushi/vec4 1, 0, 1;
    %store/vec4 v000001f0ff0bf730_0, 0, 1;
    %pushi/vec4 0, 0, 1;
    %store/vec4 v000001f0ff0284e0_0, 0, 1;
    %pushi/vec4 0, 0, 1;
    %store/vec4 v000001f0ff0bec90_0, 0, 1;
    %pushi/vec4 0, 0, 1;
    %store/vec4 v000001f0ff0bf5f0_0, 0, 1;
    %pushi/vec4 0, 0, 1;
    %store/vec4 v000001f0ff0bea10_0, 0, 1;
    %pushi/vec4 0, 0, 1;
    %store/vec4 v000001f0ff0c0270_0, 0, 1;
    %pushi/vec4 0, 0, 1;
    %store/vec4 v000001f0ff0be970_0, 0, 1;
    %pushi/vec4 0, 0, 1;
    %store/vec4 v000001f0ff028d00_0, 0, 1;
    %pushi/vec4 0, 0, 1;
    %store/vec4 v000001f0ff0c0a90_0, 0, 1;
    %pushi/vec4 0, 0, 1;
    %store/vec4 v000001f0ff0bfaf0_0, 0, 1;
    %pushi/vec4 0, 0, 1;
    %store/vec4 v000001f0ff0bfc30_0, 0, 1;
    %pushi/vec4 0, 0, 1;
    %store/vec4 v000001f0ff0c0090_0, 0, 1;
    %pushi/vec4 0, 0, 2;
    %store/vec4 v000001f0ff0bf2d0_0, 0, 2;
    %pushi/vec4 1, 0, 1;
    %store/vec4 v000001f0ff0c06d0_0, 0, 1;
    %pushi/vec4 0, 0, 1;
    %store/vec4 v000001f0ff027b80_0, 0, 1;
    %pushi/vec4 0, 0, 1;
    %store/vec4 v000001f0ff0c0d10_0, 0, 1;
    %jmp T_2.36;
T_2.31 ;
    %pushi/vec4 0, 0, 1;
    %store/vec4 v000001f0ff0c0450_0, 0, 1;
    %pushi/vec4 0, 0, 1;
    %store/vec4 v000001f0ff0c0810_0, 0, 1;
    %pushi/vec4 0, 0, 1;
    %store/vec4 v000001f0ff0c0b30_0, 0, 1;
    %pushi/vec4 0, 0, 1;
    %store/vec4 v000001f0ff0be790_0, 0, 1;
    %pushi/vec4 0, 0, 1;
    %store/vec4 v000001f0ff0bf870_0, 0, 1;
    %pushi/vec4 3, 0, 2;
    %store/vec4 v000001f0ff0bf410_0, 0, 2;
    %pushi/vec4 0, 0, 2;
    %store/vec4 v000001f0ff0bed30_0, 0, 2;
    %pushi/vec4 0, 0, 1;
    %store/vec4 v000001f0ff0bfb90_0, 0, 1;
    %pushi/vec4 0, 0, 1;
    %store/vec4 v000001f0ff0bf730_0, 0, 1;
    %pushi/vec4 0, 0, 1;
    %store/vec4 v000001f0ff0284e0_0, 0, 1;
    %pushi/vec4 0, 0, 1;
    %store/vec4 v000001f0ff0bec90_0, 0, 1;
    %pushi/vec4 0, 0, 1;
    %store/vec4 v000001f0ff0bf5f0_0, 0, 1;
    %pushi/vec4 0, 0, 1;
    %store/vec4 v000001f0ff0bea10_0, 0, 1;
    %pushi/vec4 0, 0, 1;
    %store/vec4 v000001f0ff0c0270_0, 0, 1;
    %pushi/vec4 0, 0, 1;
    %store/vec4 v000001f0ff0be970_0, 0, 1;
    %pushi/vec4 1, 0, 1;
    %store/vec4 v000001f0ff028d00_0, 0, 1;
    %pushi/vec4 0, 0, 1;
    %store/vec4 v000001f0ff0c0a90_0, 0, 1;
    %pushi/vec4 0, 0, 1;
    %store/vec4 v000001f0ff0bfaf0_0, 0, 1;
    %pushi/vec4 0, 0, 1;
    %store/vec4 v000001f0ff0bfc30_0, 0, 1;
    %pushi/vec4 0, 0, 1;
    %store/vec4 v000001f0ff0c0090_0, 0, 1;
    %pushi/vec4 0, 0, 2;
    %store/vec4 v000001f0ff0bf2d0_0, 0, 2;
    %pushi/vec4 0, 0, 1;
    %store/vec4 v000001f0ff0c06d0_0, 0, 1;
    %pushi/vec4 0, 0, 1;
    %store/vec4 v000001f0ff027b80_0, 0, 1;
    %pushi/vec4 0, 0, 1;
    %store/vec4 v000001f0ff0c0d10_0, 0, 1;
    %jmp T_2.36;
T_2.32 ;
    %pushi/vec4 0, 0, 1;
    %store/vec4 v000001f0ff0c0450_0, 0, 1;
    %pushi/vec4 0, 0, 1;
    %store/vec4 v000001f0ff0c0810_0, 0, 1;
    %pushi/vec4 0, 0, 1;
    %store/vec4 v000001f0ff0c0b30_0, 0, 1;
    %pushi/vec4 0, 0, 1;
    %store/vec4 v000001f0ff0be790_0, 0, 1;
    %pushi/vec4 0, 0, 1;
    %store/vec4 v000001f0ff0bf870_0, 0, 1;
    %pushi/vec4 0, 0, 2;
    %store/vec4 v000001f0ff0bf410_0, 0, 2;
    %pushi/vec4 0, 0, 2;
    %store/vec4 v000001f0ff0bed30_0, 0, 2;
    %pushi/vec4 0, 0, 1;
    %store/vec4 v000001f0ff0bfb90_0, 0, 1;
    %pushi/vec4 0, 0, 1;
    %store/vec4 v000001f0ff0bf730_0, 0, 1;
    %pushi/vec4 0, 0, 1;
    %store/vec4 v000001f0ff0284e0_0, 0, 1;
    %pushi/vec4 0, 0, 1;
    %store/vec4 v000001f0ff0bec90_0, 0, 1;
    %pushi/vec4 0, 0, 1;
    %store/vec4 v000001f0ff0bf5f0_0, 0, 1;
    %pushi/vec4 0, 0, 1;
    %store/vec4 v000001f0ff0bea10_0, 0, 1;
    %pushi/vec4 0, 0, 1;
    %store/vec4 v000001f0ff0c0270_0, 0, 1;
    %pushi/vec4 0, 0, 1;
    %store/vec4 v000001f0ff0be970_0, 0, 1;
    %pushi/vec4 0, 0, 1;
    %store/vec4 v000001f0ff028d00_0, 0, 1;
    %pushi/vec4 0, 0, 1;
    %store/vec4 v000001f0ff0c0a90_0, 0, 1;
    %pushi/vec4 0, 0, 1;
    %store/vec4 v000001f0ff0bfaf0_0, 0, 1;
    %pushi/vec4 0, 0, 1;
    %store/vec4 v000001f0ff0bfc30_0, 0, 1;
    %pushi/vec4 0, 0, 1;
    %store/vec4 v000001f0ff0c0090_0, 0, 1;
    %pushi/vec4 0, 0, 2;
    %store/vec4 v000001f0ff0bf2d0_0, 0, 2;
    %pushi/vec4 0, 0, 1;
    %store/vec4 v000001f0ff0c06d0_0, 0, 1;
    %pushi/vec4 0, 0, 1;
    %store/vec4 v000001f0ff027b80_0, 0, 1;
    %pushi/vec4 0, 0, 1;
    %store/vec4 v000001f0ff0c0d10_0, 0, 1;
    %jmp T_2.36;
T_2.33 ;
    %pushi/vec4 0, 0, 1;
    %store/vec4 v000001f0ff0c0450_0, 0, 1;
    %pushi/vec4 0, 0, 1;
    %store/vec4 v000001f0ff0c0810_0, 0, 1;
    %pushi/vec4 0, 0, 1;
    %store/vec4 v000001f0ff0c0b30_0, 0, 1;
    %pushi/vec4 0, 0, 1;
    %store/vec4 v000001f0ff0be790_0, 0, 1;
    %pushi/vec4 0, 0, 1;
    %store/vec4 v000001f0ff0bf870_0, 0, 1;
    %pushi/vec4 0, 0, 2;
    %store/vec4 v000001f0ff0bf410_0, 0, 2;
    %pushi/vec4 0, 0, 2;
    %store/vec4 v000001f0ff0bed30_0, 0, 2;
    %pushi/vec4 0, 0, 1;
    %store/vec4 v000001f0ff0bfb90_0, 0, 1;
    %pushi/vec4 0, 0, 1;
    %store/vec4 v000001f0ff0bf730_0, 0, 1;
    %pushi/vec4 0, 0, 1;
    %store/vec4 v000001f0ff0284e0_0, 0, 1;
    %pushi/vec4 0, 0, 1;
    %store/vec4 v000001f0ff0bec90_0, 0, 1;
    %pushi/vec4 0, 0, 1;
    %store/vec4 v000001f0ff0bf5f0_0, 0, 1;
    %pushi/vec4 0, 0, 1;
    %store/vec4 v000001f0ff0bea10_0, 0, 1;
    %pushi/vec4 0, 0, 1;
    %store/vec4 v000001f0ff0c0270_0, 0, 1;
    %pushi/vec4 0, 0, 1;
    %store/vec4 v000001f0ff0be970_0, 0, 1;
    %pushi/vec4 0, 0, 1;
    %store/vec4 v000001f0ff028d00_0, 0, 1;
    %pushi/vec4 0, 0, 1;
    %store/vec4 v000001f0ff0c0a90_0, 0, 1;
    %pushi/vec4 0, 0, 1;
    %store/vec4 v000001f0ff0bfaf0_0, 0, 1;
    %pushi/vec4 0, 0, 1;
    %store/vec4 v000001f0ff0bfc30_0, 0, 1;
    %pushi/vec4 0, 0, 1;
    %store/vec4 v000001f0ff0c0090_0, 0, 1;
    %pushi/vec4 0, 0, 2;
    %store/vec4 v000001f0ff0bf2d0_0, 0, 2;
    %pushi/vec4 0, 0, 1;
    %store/vec4 v000001f0ff0c06d0_0, 0, 1;
    %pushi/vec4 0, 0, 1;
    %store/vec4 v000001f0ff027b80_0, 0, 1;
    %pushi/vec4 0, 0, 1;
    %store/vec4 v000001f0ff0c0d10_0, 0, 1;
    %jmp T_2.36;
T_2.34 ;
    %pushi/vec4 0, 0, 1;
    %store/vec4 v000001f0ff0c0450_0, 0, 1;
    %pushi/vec4 0, 0, 1;
    %store/vec4 v000001f0ff0c0810_0, 0, 1;
    %pushi/vec4 0, 0, 1;
    %store/vec4 v000001f0ff0c0b30_0, 0, 1;
    %pushi/vec4 0, 0, 1;
    %store/vec4 v000001f0ff0be790_0, 0, 1;
    %pushi/vec4 0, 0, 1;
    %store/vec4 v000001f0ff0bf870_0, 0, 1;
    %pushi/vec4 0, 0, 2;
    %store/vec4 v000001f0ff0bf410_0, 0, 2;
    %pushi/vec4 0, 0, 2;
    %store/vec4 v000001f0ff0bed30_0, 0, 2;
    %pushi/vec4 0, 0, 1;
    %store/vec4 v000001f0ff0bfb90_0, 0, 1;
    %pushi/vec4 0, 0, 1;
    %store/vec4 v000001f0ff0bf730_0, 0, 1;
    %pushi/vec4 0, 0, 1;
    %store/vec4 v000001f0ff0284e0_0, 0, 1;
    %pushi/vec4 0, 0, 1;
    %store/vec4 v000001f0ff0bec90_0, 0, 1;
    %pushi/vec4 0, 0, 1;
    %store/vec4 v000001f0ff0bf5f0_0, 0, 1;
    %pushi/vec4 0, 0, 1;
    %store/vec4 v000001f0ff0bea10_0, 0, 1;
    %pushi/vec4 0, 0, 1;
    %store/vec4 v000001f0ff0c0270_0, 0, 1;
    %pushi/vec4 0, 0, 1;
    %store/vec4 v000001f0ff0be970_0, 0, 1;
    %pushi/vec4 0, 0, 1;
    %store/vec4 v000001f0ff028d00_0, 0, 1;
    %pushi/vec4 0, 0, 1;
    %store/vec4 v000001f0ff0c0a90_0, 0, 1;
    %pushi/vec4 0, 0, 1;
    %store/vec4 v000001f0ff0bfaf0_0, 0, 1;
    %pushi/vec4 0, 0, 1;
    %store/vec4 v000001f0ff0bfc30_0, 0, 1;
    %pushi/vec4 0, 0, 1;
    %store/vec4 v000001f0ff0c0090_0, 0, 1;
    %pushi/vec4 0, 0, 2;
    %store/vec4 v000001f0ff0bf2d0_0, 0, 2;
    %pushi/vec4 0, 0, 1;
    %store/vec4 v000001f0ff0c06d0_0, 0, 1;
    %pushi/vec4 0, 0, 1;
    %store/vec4 v000001f0ff027b80_0, 0, 1;
    %pushi/vec4 0, 0, 1;
    %store/vec4 v000001f0ff0c0d10_0, 0, 1;
    %jmp T_2.36;
T_2.35 ;
    %pushi/vec4 0, 0, 1;
    %store/vec4 v000001f0ff0c0450_0, 0, 1;
    %pushi/vec4 0, 0, 1;
    %store/vec4 v000001f0ff0c0810_0, 0, 1;
    %pushi/vec4 0, 0, 1;
    %store/vec4 v000001f0ff0c0b30_0, 0, 1;
    %pushi/vec4 0, 0, 1;
    %store/vec4 v000001f0ff0be790_0, 0, 1;
    %pushi/vec4 0, 0, 1;
    %store/vec4 v000001f0ff0bf870_0, 0, 1;
    %pushi/vec4 0, 0, 2;
    %store/vec4 v000001f0ff0bf410_0, 0, 2;
    %pushi/vec4 0, 0, 2;
    %store/vec4 v000001f0ff0bed30_0, 0, 2;
    %pushi/vec4 0, 0, 1;
    %store/vec4 v000001f0ff0bfb90_0, 0, 1;
    %pushi/vec4 0, 0, 1;
    %store/vec4 v000001f0ff0bf730_0, 0, 1;
    %pushi/vec4 0, 0, 1;
    %store/vec4 v000001f0ff0284e0_0, 0, 1;
    %pushi/vec4 0, 0, 1;
    %store/vec4 v000001f0ff0bec90_0, 0, 1;
    %pushi/vec4 0, 0, 1;
    %store/vec4 v000001f0ff0bf5f0_0, 0, 1;
    %pushi/vec4 0, 0, 1;
    %store/vec4 v000001f0ff0bea10_0, 0, 1;
    %pushi/vec4 0, 0, 1;
    %store/vec4 v000001f0ff0c0270_0, 0, 1;
    %pushi/vec4 0, 0, 1;
    %store/vec4 v000001f0ff0be970_0, 0, 1;
    %pushi/vec4 0, 0, 1;
    %store/vec4 v000001f0ff028d00_0, 0, 1;
    %pushi/vec4 0, 0, 1;
    %store/vec4 v000001f0ff0c0a90_0, 0, 1;
    %pushi/vec4 0, 0, 1;
    %store/vec4 v000001f0ff0bfaf0_0, 0, 1;
    %pushi/vec4 1, 0, 1;
    %store/vec4 v000001f0ff0bfc30_0, 0, 1;
    %pushi/vec4 0, 0, 1;
    %store/vec4 v000001f0ff0c0090_0, 0, 1;
    %pushi/vec4 0, 0, 2;
    %store/vec4 v000001f0ff0bf2d0_0, 0, 2;
    %pushi/vec4 0, 0, 1;
    %store/vec4 v000001f0ff0c06d0_0, 0, 1;
    %pushi/vec4 0, 0, 1;
    %store/vec4 v000001f0ff027b80_0, 0, 1;
    %pushi/vec4 0, 0, 1;
    %store/vec4 v000001f0ff0c0d10_0, 0, 1;
    %jmp T_2.36;
T_2.36 ;
    %pop/vec4 1;
    %jmp T_2;
    .thread T_2, $push;
    .scope S_000001f0ff0f5110;
T_3 ;
    %pushi/vec4 0, 0, 4;
    %store/vec4 v000001f0ff0ebbc0_0, 0, 4;
    %end;
    .thread T_3;
    .scope S_000001f0ff0f5110;
T_4 ;
    %wait E_000001f0ff04b080;
    %load/vec4 v000001f0ff0ed880_0;
    %flag_set/vec4 8;
    %jmp/0xz  T_4.0, 8;
    %load/vec4 v000001f0ff0eca20_0;
    %assign/vec4 v000001f0ff0ebbc0_0, 0;
T_4.0 ;
    %jmp T_4;
    .thread T_4;
    .scope S_000001f0ff0f52a0;
T_5 ;
    %pushi/vec4 0, 0, 4;
    %store/vec4 v000001f0ff0ed100_0, 0, 4;
    %end;
    .thread T_5;
    .scope S_000001f0ff0f52a0;
T_6 ;
    %wait E_000001f0ff04b080;
    %load/vec4 v000001f0ff0ec340_0;
    %flag_set/vec4 8;
    %jmp/0xz  T_6.0, 8;
    %load/vec4 v000001f0ff0ecb60_0;
    %assign/vec4 v000001f0ff0ed100_0, 0;
T_6.0 ;
    %jmp T_6;
    .thread T_6;
    .scope S_000001f0ff0f5a70;
T_7 ;
    %pushi/vec4 0, 0, 5;
    %store/vec4 v000001f0ff0ed1a0_0, 0, 5;
    %end;
    .thread T_7;
    .scope S_000001f0ff0f5a70;
T_8 ;
    %wait E_000001f0ff04b080;
    %load/vec4 v000001f0ff0ec020_0;
    %flag_set/vec4 8;
    %jmp/0xz  T_8.0, 8;
    %load/vec4 v000001f0ff0ecc00_0;
    %assign/vec4 v000001f0ff0ed1a0_0, 0;
T_8.0 ;
    %jmp T_8;
    .thread T_8;
    .scope S_000001f0ff0f5d90;
T_9 ;
    %pushi/vec4 0, 0, 4;
    %store/vec4 v000001f0ff0ecca0_0, 0, 4;
    %end;
    .thread T_9;
    .scope S_000001f0ff0f5d90;
T_10 ;
    %wait E_000001f0ff04b080;
    %load/vec4 v000001f0ff0ec160_0;
    %flag_set/vec4 8;
    %jmp/0xz  T_10.0, 8;
    %load/vec4 v000001f0ff0ec0c0_0;
    %assign/vec4 v000001f0ff0ecca0_0, 0;
T_10.0 ;
    %jmp T_10;
    .thread T_10;
    .scope S_000001f0ff0f63d0;
T_11 ;
    %pushi/vec4 0, 0, 5;
    %store/vec4 v000001f0ff0eb940_0, 0, 5;
    %end;
    .thread T_11;
    .scope S_000001f0ff0f63d0;
T_12 ;
    %wait E_000001f0ff04b080;
    %load/vec4 v000001f0ff0edd80_0;
    %flag_set/vec4 8;
    %jmp/0xz  T_12.0, 8;
    %load/vec4 v000001f0ff0ebee0_0;
    %assign/vec4 v000001f0ff0eb940_0, 0;
T_12.0 ;
    %jmp T_12;
    .thread T_12;
    .scope S_000001f0ff0f55c0;
T_13 ;
    %pushi/vec4 0, 0, 4;
    %store/vec4 v000001f0ff0ed060_0, 0, 4;
    %end;
    .thread T_13;
    .scope S_000001f0ff0f55c0;
T_14 ;
    %wait E_000001f0ff04b080;
    %load/vec4 v000001f0ff0ec840_0;
    %flag_set/vec4 8;
    %jmp/0xz  T_14.0, 8;
    %load/vec4 v000001f0ff0ebe40_0;
    %assign/vec4 v000001f0ff0ed060_0, 0;
T_14.0 ;
    %jmp T_14;
    .thread T_14;
    .scope S_000001f0ff0f5750;
T_15 ;
    %pushi/vec4 0, 0, 5;
    %store/vec4 v000001f0ff0ebc60_0, 0, 5;
    %end;
    .thread T_15;
    .scope S_000001f0ff0f5750;
T_16 ;
    %wait E_000001f0ff04b080;
    %load/vec4 v000001f0ff0ec7a0_0;
    %flag_set/vec4 8;
    %jmp/0xz  T_16.0, 8;
    %load/vec4 v000001f0ff0ec980_0;
    %assign/vec4 v000001f0ff0ebc60_0, 0;
T_16.0 ;
    %jmp T_16;
    .thread T_16;
    .scope S_000001f0ff0f4620;
T_17 ;
    %pushi/vec4 0, 0, 4;
    %store/vec4 v000001f0ff0ecde0_0, 0, 4;
    %end;
    .thread T_17;
    .scope S_000001f0ff0f4620;
T_18 ;
    %wait E_000001f0ff04b080;
    %load/vec4 v000001f0ff0eb620_0;
    %flag_set/vec4 8;
    %jmp/0xz  T_18.0, 8;
    %load/vec4 v000001f0ff0ec200_0;
    %assign/vec4 v000001f0ff0ecde0_0, 0;
T_18.0 ;
    %jmp T_18;
    .thread T_18;
    .scope S_000001f0ff0f5c00;
T_19 ;
    %pushi/vec4 0, 0, 1;
    %store/vec4 v000001f0ff0ece80_0, 0, 1;
    %end;
    .thread T_19;
    .scope S_000001f0ff0f5c00;
T_20 ;
    %wait E_000001f0ff04b080;
    %load/vec4 v000001f0ff0edce0_0;
    %flag_set/vec4 8;
    %jmp/0xz  T_20.0, 8;
    %load/vec4 v000001f0ff0ed920_0;
    %assign/vec4 v000001f0ff0ece80_0, 0;
T_20.0 ;
    %jmp T_20;
    .thread T_20;
    .scope S_000001f0ff0f5430;
T_21 ;
    %pushi/vec4 0, 0, 1;
    %store/vec4 v000001f0ff0ecf20_0, 0, 1;
    %end;
    .thread T_21;
    .scope S_000001f0ff0f5430;
T_22 ;
    %wait E_000001f0ff04b080;
    %load/vec4 v000001f0ff0ecfc0_0;
    %flag_set/vec4 8;
    %jmp/0xz  T_22.0, 8;
    %load/vec4 v000001f0ff0eb800_0;
    %assign/vec4 v000001f0ff0ecf20_0, 0;
T_22.0 ;
    %jmp T_22;
    .thread T_22;
    .scope S_000001f0ff0f5f20;
T_23 ;
    %pushi/vec4 0, 0, 32;
    %store/vec4 v000001f0ff0f2c40_0, 0, 32;
T_23.0 ;
    %load/vec4 v000001f0ff0f2c40_0;
    %cmpi/s 16, 0, 32;
    %jmp/0xz T_23.1, 5;
    %pushi/vec4 0, 0, 6;
    %ix/getv/s 4, v000001f0ff0f2c40_0;
    %store/vec4a v000001f0ff0f2880, 4, 0;
    %load/vec4 v000001f0ff0f2c40_0;
    %addi 1, 0, 32;
    %store/vec4 v000001f0ff0f2c40_0, 0, 32;
    %jmp T_23.0;
T_23.1 ;
    %end;
    .thread T_23;
    .scope S_000001f0ff0f5f20;
T_24 ;
    %wait E_000001f0ff04b080;
    %load/vec4 v000001f0ff0f1980_0;
    %flag_set/vec4 8;
    %jmp/0xz  T_24.0, 8;
    %pushi/vec4 1, 0, 1;
    %load/vec4 v000001f0ff0f1480_0;
    %concat/vec4; draw_concat_vec4
    %load/vec4 v000001f0ff0ef680_0;
    %pad/u 6;
    %ix/vec4 3;
    %ix/load 4, 0, 0; Constant delay
    %assign/vec4/a/d v000001f0ff0f2880, 0, 4;
    %jmp T_24.1;
T_24.0 ;
    %load/vec4 v000001f0ff0f2ba0_0;
    %flag_set/vec4 8;
    %jmp/0xz  T_24.2, 8;
    %load/vec4 v000001f0ff0ef680_0;
    %pad/u 6;
    %ix/vec4 4;
    %load/vec4a v000001f0ff0f2880, 4;
    %split/vec4 5;
    %assign/vec4 v000001f0ff0ef5e0_0, 0;
    %assign/vec4 v000001f0ff0f1ca0_0, 0;
T_24.2 ;
T_24.1 ;
    %jmp T_24;
    .thread T_24;
    .scope S_000001f0feed4eb0;
T_25 ;
    %delay 5000, 0;
    %load/vec4 v000001f0ff0e63a0_0;
    %inv;
    %store/vec4 v000001f0ff0e63a0_0, 0, 1;
    %jmp T_25;
    .thread T_25;
    .scope S_000001f0feed4eb0;
T_26 ;
    %pushi/vec4 0, 0, 1;
    %store/vec4 v000001f0ff0e63a0_0, 0, 1;
    %pushi/vec4 0, 0, 1;
    %store/vec4 v000001f0ff0e61c0_0, 0, 1;
    %pushi/vec4 0, 0, 4;
    %store/vec4 v000001f0ff0f3780_0, 0, 4;
    %pushi/vec4 0, 0, 5;
    %store/vec4 v000001f0ff0e54a0_0, 0, 5;
    %delay 2000, 0;
    %pushi/vec4 1, 0, 1;
    %store/vec4 v000001f0ff0e61c0_0, 0, 1;
    %pushi/vec4 15, 0, 4;
    %store/vec4 v000001f0ff0f3780_0, 0, 4;
    %pushi/vec4 3, 0, 5;
    %store/vec4 v000001f0ff0e54a0_0, 0, 5;
    %delay 10000, 0;
    %pushi/vec4 1, 0, 1;
    %store/vec4 v000001f0ff0e61c0_0, 0, 1;
    %pushi/vec4 3, 0, 4;
    %store/vec4 v000001f0ff0f3780_0, 0, 4;
    %pushi/vec4 4, 0, 5;
    %store/vec4 v000001f0ff0e54a0_0, 0, 5;
    %delay 10000, 0;
    %pushi/vec4 1, 0, 1;
    %store/vec4 v000001f0ff0e61c0_0, 0, 1;
    %pushi/vec4 14, 0, 4;
    %store/vec4 v000001f0ff0f3780_0, 0, 4;
    %pushi/vec4 5, 0, 5;
    %store/vec4 v000001f0ff0e54a0_0, 0, 5;
    %delay 10000, 0;
    %pushi/vec4 1, 0, 1;
    %store/vec4 v000001f0ff0e61c0_0, 0, 1;
    %pushi/vec4 9, 0, 4;
    %store/vec4 v000001f0ff0f3780_0, 0, 4;
    %pushi/vec4 22, 0, 5;
    %store/vec4 v000001f0ff0e54a0_0, 0, 5;
    %delay 10000, 0;
    %pushi/vec4 1, 0, 1;
    %store/vec4 v000001f0ff0e61c0_0, 0, 1;
    %pushi/vec4 11, 0, 4;
    %store/vec4 v000001f0ff0f3780_0, 0, 4;
    %pushi/vec4 15, 0, 5;
    %store/vec4 v000001f0ff0e54a0_0, 0, 5;
    %delay 10000, 0;
    %pushi/vec4 1, 0, 1;
    %store/vec4 v000001f0ff0e61c0_0, 0, 1;
    %pushi/vec4 12, 0, 4;
    %store/vec4 v000001f0ff0f3780_0, 0, 4;
    %pushi/vec4 4, 0, 5;
    %store/vec4 v000001f0ff0e54a0_0, 0, 5;
    %delay 10000, 0;
    %pushi/vec4 0, 0, 1;
    %store/vec4 v000001f0ff0e61c0_0, 0, 1;
    %delay 10000000, 0;
    %vpi_call 2 63 "$finish" {0 0 0};
    %end;
    .thread T_26;
    .scope S_000001f0feed4eb0;
T_27 ;
    %vpi_call 2 68 "$monitor", $time, " ao=%d, do=%d, vo=%b,CNT=%d,MAXA=%d,MAXV=%d,MINA=%d,MINV=%d,MDR=%d,MAR=%d,ONE=%d,ceq=%d,vd=%b,current_state=%d, m0=%b, m1=%b,m2=%b,m3=%b,m4=%b,m5=%b,m6=%b,m7=%b,m8=%b,m9=%b,m10=%b,m11=%b,m12=%b,m13=%b,m14=%b,m15=%b,", v000001f0ff0f3960_0, v000001f0ff0e4a00_0, v000001f0ff0e46e0_0, v000001f0ff0f1f20_0, v000001f0ff0f2100_0, v000001f0ff0f24c0_0, v000001f0ff0f27e0_0, v000001f0ff0f2920_0, v000001f0ff0f26a0_0, v000001f0ff0f2060_0, v000001f0ff0f3820_0, v000001f0ff0f3000_0, v000001f0ff0f2ec0_0, v000001f0ff0f3aa0_0, v000001f0ff0f3a00_0, v000001f0ff0f2f60_0, v000001f0ff0f3c80_0, v000001f0ff0f2e20_0, v000001f0ff0f3460_0, v000001f0ff0f38c0_0, v000001f0ff0f33c0_0, v000001f0ff0f31e0_0, v000001f0ff0f3280_0, v000001f0ff0f3500_0, v000001f0ff0f36e0_0, v000001f0ff0f30a0_0, v000001f0ff0f3b40_0, v000001f0ff0f3be0_0, v000001f0ff0f3140_0, v000001f0ff0f3320_0 {0 0 0};
    %end;
    .thread T_27;
# The file index is used to find the file name in the following table.
:file_names 4;
    "N/A";
    "<interactive>";
    "durgeshchangetb.v";
    "durgeshchange.v";
