#! /c/Source/iverilog-install/bin/vvp
:ivl_version "12.0 (devel)" "(s20150603-1539-g2693dd32b)";
:ivl_delay_selection "TYPICAL";
:vpi_time_precision - 12;
:vpi_module "C:\iverilog\lib\ivl\system.vpi";
:vpi_module "C:\iverilog\lib\ivl\vhdl_sys.vpi";
:vpi_module "C:\iverilog\lib\ivl\vhdl_textio.vpi";
:vpi_module "C:\iverilog\lib\ivl\v2005_math.vpi";
:vpi_module "C:\iverilog\lib\ivl\va_math.vpi";
S_000001fd981c2d60 .scope module, "MIN_MAX_ALGORITHM_TB" "MIN_MAX_ALGORITHM_TB" 2 3;
 .timescale -9 -12;
v000001fd98248680_0 .var "ai", 3 0;
v000001fd98248720_0 .net "ao", 3 0, L_000001fd982946d0;  1 drivers
v000001fd9824c280_0 .var "clk", 0 0;
v000001fd9824ac00_0 .var "di", 4 0;
v000001fd9824ade0_0 .net "do", 4 0, L_000001fd98294d60;  1 drivers
v000001fd9824a480_0 .var "s_vi", 0 0;
v000001fd9824b6a0_0 .net "vo", 0 0, v000001fd9821df10_0;  1 drivers
S_000001fd980dece0 .scope module, "uut" "MIN_MAX_ALGORITHM" 2 17, 3 3 0, S_000001fd981c2d60;
 .timescale -9 -12;
    .port_info 0 /INPUT 1 "s_vi";
    .port_info 1 /INPUT 4 "ai";
    .port_info 2 /INPUT 5 "di";
    .port_info 3 /INPUT 1 "clk";
    .port_info 4 /OUTPUT 4 "ao";
    .port_info 5 /OUTPUT 5 "do";
    .port_info 6 /OUTPUT 1 "vo";
v000001fd98256aa0_0 .net "MAR_IN", 3 0, L_000001fd98294890;  1 drivers
v000001fd982491c0_0 .net "MDR_dtom", 4 0, L_000001fd98295380;  1 drivers
v000001fd982480e0_0 .net "MDR_mtod", 4 0, v000001fd982563c0_0;  1 drivers
v000001fd98249120_0 .net "ai", 3 0, v000001fd98248680_0;  1 drivers
v000001fd98247be0_0 .net "ao", 3 0, L_000001fd982946d0;  alias, 1 drivers
v000001fd982496c0_0 .net "clk", 0 0, v000001fd9824c280_0;  1 drivers
v000001fd98247820_0 .net "di", 4 0, v000001fd9824ac00_0;  1 drivers
v000001fd98247aa0_0 .net "do", 4 0, L_000001fd98294d60;  alias, 1 drivers
v000001fd98249760_0 .net "read", 0 0, v000001fd9819cde0_0;  1 drivers
v000001fd98248ae0_0 .net "s_ceq", 0 0, L_000001fd98294f90;  1 drivers
v000001fd98249260_0 .net "s_ld_REG_CNT", 0 0, v000001fd9819c5c0_0;  1 drivers
v000001fd982499e0_0 .net "s_ld_REG_MAR", 0 0, v000001fd9819a2c0_0;  1 drivers
v000001fd98248900_0 .net "s_ld_REG_MAXA", 0 0, v000001fd9821d330_0;  1 drivers
v000001fd982484a0_0 .net "s_ld_REG_MAXV", 0 0, v000001fd9821e550_0;  1 drivers
v000001fd98247500_0 .net "s_ld_REG_MDR", 0 0, v000001fd9821c4d0_0;  1 drivers
v000001fd982478c0_0 .net "s_ld_REG_MINA", 0 0, v000001fd9821e5f0_0;  1 drivers
v000001fd98248ea0_0 .net "s_ld_REG_MINV", 0 0, v000001fd9821d650_0;  1 drivers
v000001fd98248b80_0 .net "s_ld_REG_ONE", 0 0, v000001fd9821d3d0_0;  1 drivers
v000001fd98249300_0 .net "s_ld_REG_ceq", 0 0, v000001fd9821d510_0;  1 drivers
v000001fd98247dc0_0 .net "s_ld_REG_vd", 0 0, v000001fd9821cc50_0;  1 drivers
v000001fd98247f00_0 .net "s_sel_MUX_ADDER", 0 0, v000001fd9821c750_0;  1 drivers
v000001fd982489a0_0 .net "s_sel_MUX_COMP", 1 0, v000001fd9821cf70_0;  1 drivers
v000001fd982487c0_0 .net "s_sel_MUX_MAR", 1 0, v000001fd9821c6b0_0;  1 drivers
v000001fd98248c20_0 .net "s_sel_MUX_MDR", 1 0, v000001fd9821c610_0;  1 drivers
v000001fd98249080_0 .net "s_sel_MUX_REG_CNT", 0 0, v000001fd9821cd90_0;  1 drivers
v000001fd98248860_0 .net "s_sel_MUX_REG_MAXA", 0 0, v000001fd9821c390_0;  1 drivers
v000001fd982493a0_0 .net "s_sel_MUX_REG_MAXV", 0 0, v000001fd9821dd30_0;  1 drivers
v000001fd98248180_0 .net "s_sel_MUX_REG_MINA", 0 0, v000001fd9821c430_0;  1 drivers
v000001fd98248360_0 .net "s_sel_MUX_REG_MINV", 0 0, v000001fd9821e690_0;  1 drivers
v000001fd98248cc0_0 .net "s_sel_MUX_ao", 0 0, v000001fd9821e730_0;  1 drivers
v000001fd98247460_0 .net "s_sel_MUX_do", 0 0, v000001fd9821d010_0;  1 drivers
v000001fd98248a40_0 .net "s_vd", 0 0, v000001fd98256c80_0;  1 drivers
v000001fd98248220_0 .net "s_vd2", 0 0, L_000001fd98295700;  1 drivers
v000001fd982476e0_0 .net "s_vi", 0 0, v000001fd9824a480_0;  1 drivers
v000001fd98248d60_0 .net "test_REG_CNT", 3 0, L_000001fd98294430;  1 drivers
v000001fd982494e0_0 .net "test_REG_MAR", 3 0, L_000001fd98294c10;  1 drivers
v000001fd98248e00_0 .net "test_REG_MAXA", 3 0, L_000001fd982953f0;  1 drivers
v000001fd98248f40_0 .net "test_REG_MAXV", 4 0, L_000001fd982947b0;  1 drivers
v000001fd98249bc0_0 .net "test_REG_MDR", 4 0, L_000001fd982943c0;  1 drivers
v000001fd98249440_0 .net "test_REG_MINA", 3 0, L_000001fd98295cb0;  1 drivers
v000001fd982482c0_0 .net "test_REG_MINV", 4 0, L_000001fd98294ac0;  1 drivers
v000001fd982475a0_0 .net "test_REG_ONE", 3 0, L_000001fd98294580;  1 drivers
v000001fd98247e60_0 .net "test_REG_ceq", 0 0, L_000001fd98294660;  1 drivers
v000001fd98247780_0 .net "test_REG_vd", 0 0, L_000001fd98294b30;  1 drivers
v000001fd98248fe0_0 .net "test_current_state", 3 0, L_000001fd98191b10;  1 drivers
v000001fd98249580_0 .net "test_memory_0", 5 0, L_000001fd982957e0;  1 drivers
v000001fd98249620_0 .net "test_memory_1", 5 0, L_000001fd98294dd0;  1 drivers
v000001fd98249800_0 .net "test_memory_10", 5 0, L_000001fd98295690;  1 drivers
v000001fd98247b40_0 .net "test_memory_11", 5 0, L_000001fd98295460;  1 drivers
v000001fd98247c80_0 .net "test_memory_12", 5 0, L_000001fd982951c0;  1 drivers
v000001fd98247fa0_0 .net "test_memory_13", 5 0, L_000001fd98294a50;  1 drivers
v000001fd98248400_0 .net "test_memory_14", 5 0, L_000001fd98295770;  1 drivers
v000001fd98247640_0 .net "test_memory_15", 5 0, L_000001fd98294740;  1 drivers
v000001fd98248540_0 .net "test_memory_2", 5 0, L_000001fd98294ba0;  1 drivers
v000001fd982485e0_0 .net "test_memory_3", 5 0, L_000001fd98295a10;  1 drivers
v000001fd982498a0_0 .net "test_memory_4", 5 0, L_000001fd98295af0;  1 drivers
v000001fd98247960_0 .net "test_memory_5", 5 0, L_000001fd982945f0;  1 drivers
v000001fd98249940_0 .net "test_memory_6", 5 0, L_000001fd982944a0;  1 drivers
v000001fd98247a00_0 .net "test_memory_7", 5 0, L_000001fd98294e40;  1 drivers
v000001fd98249a80_0 .net "test_memory_8", 5 0, L_000001fd982959a0;  1 drivers
v000001fd98247d20_0 .net "test_memory_9", 5 0, L_000001fd98294350;  1 drivers
v000001fd98249b20_0 .net "vo", 0 0, v000001fd9821df10_0;  alias, 1 drivers
v000001fd98248040_0 .net "write", 0 0, v000001fd9821d1f0_0;  1 drivers
S_000001fd980daa10 .scope module, "controller_module" "CONTROLLER" 3 75, 3 184 0, S_000001fd980dece0;
 .timescale -9 -12;
    .port_info 0 /INPUT 1 "s_vi";
    .port_info 1 /INPUT 1 "s_vd";
    .port_info 2 /INPUT 1 "s_ceq";
    .port_info 3 /INPUT 1 "clk";
    .port_info 4 /OUTPUT 1 "s_sel_MUX_REG_CNT";
    .port_info 5 /OUTPUT 1 "s_sel_MUX_REG_MAXA";
    .port_info 6 /OUTPUT 1 "s_sel_MUX_REG_MAXV";
    .port_info 7 /OUTPUT 1 "s_sel_MUX_REG_MINA";
    .port_info 8 /OUTPUT 1 "s_sel_MUX_REG_MINV";
    .port_info 9 /OUTPUT 2 "s_sel_MUX_MAR";
    .port_info 10 /OUTPUT 2 "s_sel_MUX_MDR";
    .port_info 11 /OUTPUT 1 "s_sel_MUX_ao";
    .port_info 12 /OUTPUT 1 "s_sel_MUX_do";
    .port_info 13 /OUTPUT 1 "s_ld_REG_CNT";
    .port_info 14 /OUTPUT 1 "s_ld_REG_MAXA";
    .port_info 15 /OUTPUT 1 "s_ld_REG_MAXV";
    .port_info 16 /OUTPUT 1 "s_ld_REG_MINA";
    .port_info 17 /OUTPUT 1 "s_ld_REG_MINV";
    .port_info 18 /OUTPUT 1 "s_ld_REG_MDR";
    .port_info 19 /OUTPUT 1 "s_ld_REG_MAR";
    .port_info 20 /OUTPUT 1 "s_ld_REG_ONE";
    .port_info 21 /OUTPUT 1 "s_ld_REG_ceq";
    .port_info 22 /OUTPUT 1 "s_ld_REG_vd";
    .port_info 23 /OUTPUT 1 "s_sel_MUX_ADDER";
    .port_info 24 /OUTPUT 2 "s_sel_MUX_COMP";
    .port_info 25 /OUTPUT 1 "vo";
    .port_info 26 /OUTPUT 1 "read";
    .port_info 27 /OUTPUT 1 "write";
    .port_info 28 /OUTPUT 4 "test_current_state";
L_000001fd98191b10 .functor BUFZ 4, v000001fd9819dd80_0, C4<0000>, C4<0000>, C4<0000>;
v000001fd9819dc40_0 .net "clk", 0 0, v000001fd9824c280_0;  alias, 1 drivers
v000001fd9819dd80_0 .var "current_state", 3 0;
v000001fd9819cca0_0 .var "next_state", 3 0;
v000001fd9819cd40_0 .var "ovr", 0 0;
v000001fd9819cde0_0 .var "read", 0 0;
v000001fd9819cf20_0 .net "s_ceq", 0 0, L_000001fd98294f90;  alias, 1 drivers
v000001fd9819c5c0_0 .var "s_ld_REG_CNT", 0 0;
v000001fd9819a2c0_0 .var "s_ld_REG_MAR", 0 0;
v000001fd9821d330_0 .var "s_ld_REG_MAXA", 0 0;
v000001fd9821e550_0 .var "s_ld_REG_MAXV", 0 0;
v000001fd9821c4d0_0 .var "s_ld_REG_MDR", 0 0;
v000001fd9821e5f0_0 .var "s_ld_REG_MINA", 0 0;
v000001fd9821d650_0 .var "s_ld_REG_MINV", 0 0;
v000001fd9821d3d0_0 .var "s_ld_REG_ONE", 0 0;
v000001fd9821d510_0 .var "s_ld_REG_ceq", 0 0;
v000001fd9821cc50_0 .var "s_ld_REG_vd", 0 0;
v000001fd9821c750_0 .var "s_sel_MUX_ADDER", 0 0;
v000001fd9821cf70_0 .var "s_sel_MUX_COMP", 1 0;
v000001fd9821c6b0_0 .var "s_sel_MUX_MAR", 1 0;
v000001fd9821c610_0 .var "s_sel_MUX_MDR", 1 0;
v000001fd9821cd90_0 .var "s_sel_MUX_REG_CNT", 0 0;
v000001fd9821c390_0 .var "s_sel_MUX_REG_MAXA", 0 0;
v000001fd9821dd30_0 .var "s_sel_MUX_REG_MAXV", 0 0;
v000001fd9821c430_0 .var "s_sel_MUX_REG_MINA", 0 0;
v000001fd9821e690_0 .var "s_sel_MUX_REG_MINV", 0 0;
v000001fd9821e730_0 .var "s_sel_MUX_ao", 0 0;
v000001fd9821d010_0 .var "s_sel_MUX_do", 0 0;
v000001fd9821e050_0 .net "s_vd", 0 0, L_000001fd98295700;  alias, 1 drivers
v000001fd9821de70_0 .net "s_vi", 0 0, v000001fd9824a480_0;  alias, 1 drivers
v000001fd9821bfd0_0 .net "test_current_state", 3 0, L_000001fd98191b10;  alias, 1 drivers
v000001fd9821df10_0 .var "vo", 0 0;
v000001fd9821d1f0_0 .var "write", 0 0;
E_000001fd9814d270 .event anyedge, v000001fd9819cf20_0, v000001fd9821e050_0, v000001fd9821de70_0, v000001fd9819dd80_0;
E_000001fd9814d3f0 .event posedge, v000001fd9819dc40_0;
S_000001fd980550a0 .scope module, "datapath_module" "DATAPATH" 3 108, 3 797 0, S_000001fd980dece0;
 .timescale -9 -12;
    .port_info 0 /OUTPUT 5 "do";
    .port_info 1 /OUTPUT 4 "ao";
    .port_info 2 /OUTPUT 1 "ceq";
    .port_info 3 /OUTPUT 1 "vd";
    .port_info 4 /OUTPUT 4 "MAR_OUT";
    .port_info 5 /OUTPUT 5 "MDR_OUT";
    .port_info 6 /INPUT 1 "s_sel_MUX_REG_CNT";
    .port_info 7 /INPUT 1 "s_sel_MUX_REG_MAXA";
    .port_info 8 /INPUT 1 "s_sel_MUX_REG_MAXV";
    .port_info 9 /INPUT 1 "s_sel_MUX_REG_MINA";
    .port_info 10 /INPUT 1 "s_sel_MUX_REG_MINV";
    .port_info 11 /INPUT 2 "s_sel_MUX_MAR";
    .port_info 12 /INPUT 2 "s_sel_MUX_MDR";
    .port_info 13 /INPUT 1 "s_sel_MUX_ao";
    .port_info 14 /INPUT 1 "s_sel_MUX_do";
    .port_info 15 /INPUT 1 "s_ld_REG_CNT";
    .port_info 16 /INPUT 1 "s_ld_REG_MAXA";
    .port_info 17 /INPUT 1 "s_ld_REG_MAXV";
    .port_info 18 /INPUT 1 "s_ld_REG_MINA";
    .port_info 19 /INPUT 1 "s_ld_REG_MINV";
    .port_info 20 /INPUT 1 "s_ld_REG_MDR";
    .port_info 21 /INPUT 1 "s_ld_REG_MAR";
    .port_info 22 /INPUT 1 "s_ld_REG_ONE";
    .port_info 23 /INPUT 1 "s_ld_REG_ceq";
    .port_info 24 /INPUT 1 "s_ld_REG_vd";
    .port_info 25 /INPUT 1 "s_sel_MUX_ADDER";
    .port_info 26 /INPUT 2 "s_sel_MUX_COMP";
    .port_info 27 /INPUT 1 "clk";
    .port_info 28 /INPUT 5 "di";
    .port_info 29 /INPUT 4 "ai";
    .port_info 30 /INPUT 5 "MDR_IN";
    .port_info 31 /INPUT 1 "s_vd";
    .port_info 32 /OUTPUT 4 "test_REG_CNT";
    .port_info 33 /OUTPUT 4 "test_REG_MAXA";
    .port_info 34 /OUTPUT 5 "test_REG_MAXV";
    .port_info 35 /OUTPUT 4 "test_REG_MINA";
    .port_info 36 /OUTPUT 5 "test_REG_MINV";
    .port_info 37 /OUTPUT 5 "test_REG_MDR";
    .port_info 38 /OUTPUT 4 "test_REG_MAR";
    .port_info 39 /OUTPUT 4 "test_REG_ONE";
    .port_info 40 /OUTPUT 1 "test_REG_ceq";
    .port_info 41 /OUTPUT 1 "test_REG_vd";
L_000001fd982946d0 .functor BUFZ 4, L_000001fd98287970, C4<0000>, C4<0000>, C4<0000>;
L_000001fd98294d60 .functor BUFZ 5, L_000001fd9828c150, C4<00000>, C4<00000>, C4<00000>;
L_000001fd98294f90 .functor BUFZ 1, v000001fd98252720_0, C4<0>, C4<0>, C4<0>;
L_000001fd98295700 .functor BUFZ 1, v000001fd98251460_0, C4<0>, C4<0>, C4<0>;
L_000001fd98294890 .functor BUFZ 4, v000001fd98251fa0_0, C4<0000>, C4<0000>, C4<0000>;
L_000001fd98295380 .functor BUFZ 5, v000001fd98253bc0_0, C4<00000>, C4<00000>, C4<00000>;
L_000001fd98294430 .functor BUFZ 4, v000001fd982533a0_0, C4<0000>, C4<0000>, C4<0000>;
L_000001fd982953f0 .functor BUFZ 4, v000001fd98253440_0, C4<0000>, C4<0000>, C4<0000>;
L_000001fd982947b0 .functor BUFZ 5, v000001fd98252ae0_0, C4<00000>, C4<00000>, C4<00000>;
L_000001fd98295cb0 .functor BUFZ 4, v000001fd98253620_0, C4<0000>, C4<0000>, C4<0000>;
L_000001fd98294ac0 .functor BUFZ 5, v000001fd98251dc0_0, C4<00000>, C4<00000>, C4<00000>;
L_000001fd982943c0 .functor BUFZ 5, v000001fd98253bc0_0, C4<00000>, C4<00000>, C4<00000>;
L_000001fd98294c10 .functor BUFZ 4, v000001fd98251fa0_0, C4<0000>, C4<0000>, C4<0000>;
L_000001fd98294580 .functor BUFZ 4, v000001fd982518c0_0, C4<0000>, C4<0000>, C4<0000>;
L_000001fd98294660 .functor BUFZ 1, v000001fd98252720_0, C4<0>, C4<0>, C4<0>;
L_000001fd98294b30 .functor BUFZ 1, v000001fd98251460_0, C4<0>, C4<0>, C4<0>;
v000001fd98252400_0 .net "ADDER_OUT", 4 0, L_000001fd982882d0;  1 drivers
v000001fd98252540_0 .net "COMP_eq2_OUT", 0 0, L_000001fd982805d0;  1 drivers
v000001fd982525e0_0 .net "COMP_eq_OUT", 0 0, L_000001fd98281910;  1 drivers
v000001fd982527c0_0 .net "COMP_g_OUT", 0 0, L_000001fd98281210;  1 drivers
v000001fd982529a0_0 .net "MAR_OUT", 3 0, L_000001fd98294890;  alias, 1 drivers
v000001fd98252f40_0 .net "MDR_IN", 4 0, v000001fd982563c0_0;  alias, 1 drivers
v000001fd98252860_0 .net "MDR_OUT", 4 0, L_000001fd98295380;  alias, 1 drivers
v000001fd98252900_0 .net "MUX_1_COMP_OUT", 4 0, L_000001fd98270d90;  1 drivers
v000001fd98252a40_0 .net "MUX_2_COMP_OUT", 4 0, L_000001fd98271510;  1 drivers
v000001fd98252b80_0 .net "MUX_2_REG_MAXA_OUT", 3 0, L_000001fd98267f10;  1 drivers
v000001fd98252cc0_0 .net "MUX_2_REG_MAXV_OUT", 4 0, L_000001fd9826bb10;  1 drivers
v000001fd98252e00_0 .net "MUX_2_REG_MINA_OUT", 3 0, L_000001fd9826a350;  1 drivers
v000001fd98252ea0_0 .net "MUX_2_REG_MINV_OUT", 4 0, L_000001fd9826b610;  1 drivers
v000001fd98255740_0 .net "MUX_ADDER_OUT", 3 0, L_000001fd9826d230;  1 drivers
v000001fd98253da0_0 .net "MUX_MAR_OUT", 3 0, L_000001fd982666b0;  1 drivers
v000001fd98254fc0_0 .net "MUX_MDR_OUT", 4 0, L_000001fd98269270;  1 drivers
v000001fd98254480_0 .net "MUX_REG_CNT_OUT", 3 0, L_000001fd9824c1e0;  1 drivers
v000001fd98255380_0 .net "MUX_REG_MAXA_OUT", 3 0, L_000001fd9824c320;  1 drivers
v000001fd98254160_0 .net "MUX_REG_MAXV_OUT", 4 0, L_000001fd982630f0;  1 drivers
v000001fd982551a0_0 .net "MUX_REG_MINA_OUT", 3 0, L_000001fd98263910;  1 drivers
v000001fd982542a0_0 .net "MUX_REG_MINV_OUT", 4 0, L_000001fd98263cd0;  1 drivers
v000001fd98255ba0_0 .net "MUX_ao_OUT", 3 0, L_000001fd98287970;  1 drivers
v000001fd98254340_0 .net "MUX_do_OUT", 4 0, L_000001fd9828c150;  1 drivers
v000001fd98255ce0_0 .net "REG_CNT_OUT", 3 0, v000001fd982533a0_0;  1 drivers
v000001fd98254980_0 .net "REG_MAR_OUT", 3 0, v000001fd98251fa0_0;  1 drivers
v000001fd98254c00_0 .net "REG_MAXA_OUT", 3 0, v000001fd98253440_0;  1 drivers
v000001fd98254ca0_0 .net "REG_MAXV_OUT", 4 0, v000001fd98252ae0_0;  1 drivers
v000001fd982540c0_0 .net "REG_MDR_OUT", 4 0, v000001fd98253bc0_0;  1 drivers
v000001fd98256280_0 .net "REG_MINA_OUT", 3 0, v000001fd98253620_0;  1 drivers
v000001fd98256320_0 .net "REG_MINV_OUT", 4 0, v000001fd98251dc0_0;  1 drivers
v000001fd98255060_0 .net "REG_ONE_OUT", 3 0, v000001fd982518c0_0;  1 drivers
v000001fd98255b00_0 .net "REG_ceq_OUT", 0 0, v000001fd98252720_0;  1 drivers
v000001fd98253c60_0 .net "REG_vd_OUT", 0 0, v000001fd98251460_0;  1 drivers
L_000001fd982a02c8 .functor BUFT 1, C4<0001>, C4<0>, C4<0>, C4<0>;
v000001fd98255c40_0 .net/2u *"_ivl_20", 3 0, L_000001fd982a02c8;  1 drivers
L_000001fd982a0478 .functor BUFT 1, C4<0>, C4<0>, C4<0>, C4<0>;
v000001fd98254a20_0 .net *"_ivl_35", 0 0, L_000001fd982a0478;  1 drivers
v000001fd98255100_0 .net "ai", 3 0, v000001fd98248680_0;  alias, 1 drivers
v000001fd98255a60_0 .net "ao", 3 0, L_000001fd982946d0;  alias, 1 drivers
v000001fd98254200_0 .net "ceq", 0 0, L_000001fd98294f90;  alias, 1 drivers
v000001fd98254d40_0 .net "clk", 0 0, v000001fd9824c280_0;  alias, 1 drivers
v000001fd982554c0_0 .net "di", 4 0, v000001fd9824ac00_0;  alias, 1 drivers
v000001fd98254e80_0 .net "do", 4 0, L_000001fd98294d60;  alias, 1 drivers
v000001fd982543e0_0 .net "refinedmar", 3 0, L_000001fd982696d0;  1 drivers
v000001fd98255240_0 .net "s_ld_REG_CNT", 0 0, v000001fd9819c5c0_0;  alias, 1 drivers
v000001fd98254520_0 .net "s_ld_REG_MAR", 0 0, v000001fd9819a2c0_0;  alias, 1 drivers
v000001fd98254840_0 .net "s_ld_REG_MAXA", 0 0, v000001fd9821d330_0;  alias, 1 drivers
v000001fd98253d00_0 .net "s_ld_REG_MAXV", 0 0, v000001fd9821e550_0;  alias, 1 drivers
v000001fd982545c0_0 .net "s_ld_REG_MDR", 0 0, v000001fd9821c4d0_0;  alias, 1 drivers
v000001fd98254f20_0 .net "s_ld_REG_MINA", 0 0, v000001fd9821e5f0_0;  alias, 1 drivers
v000001fd982552e0_0 .net "s_ld_REG_MINV", 0 0, v000001fd9821d650_0;  alias, 1 drivers
v000001fd98254ac0_0 .net "s_ld_REG_ONE", 0 0, v000001fd9821d3d0_0;  alias, 1 drivers
v000001fd98255420_0 .net "s_ld_REG_ceq", 0 0, v000001fd9821d510_0;  alias, 1 drivers
v000001fd98255560_0 .net "s_ld_REG_vd", 0 0, v000001fd9821cc50_0;  alias, 1 drivers
v000001fd98254b60_0 .net "s_sel_MUX_ADDER", 0 0, v000001fd9821c750_0;  alias, 1 drivers
v000001fd98256000_0 .net "s_sel_MUX_COMP", 1 0, v000001fd9821cf70_0;  alias, 1 drivers
v000001fd98253e40_0 .net "s_sel_MUX_MAR", 1 0, v000001fd9821c6b0_0;  alias, 1 drivers
v000001fd98255ec0_0 .net "s_sel_MUX_MDR", 1 0, v000001fd9821c610_0;  alias, 1 drivers
v000001fd98254660_0 .net "s_sel_MUX_REG_CNT", 0 0, v000001fd9821cd90_0;  alias, 1 drivers
v000001fd98254de0_0 .net "s_sel_MUX_REG_MAXA", 0 0, v000001fd9821c390_0;  alias, 1 drivers
v000001fd98255f60_0 .net "s_sel_MUX_REG_MAXV", 0 0, v000001fd9821dd30_0;  alias, 1 drivers
v000001fd98255920_0 .net "s_sel_MUX_REG_MINA", 0 0, v000001fd9821c430_0;  alias, 1 drivers
v000001fd98255d80_0 .net "s_sel_MUX_REG_MINV", 0 0, v000001fd9821e690_0;  alias, 1 drivers
v000001fd98254700_0 .net "s_sel_MUX_ao", 0 0, v000001fd9821e730_0;  alias, 1 drivers
v000001fd98255600_0 .net "s_sel_MUX_do", 0 0, v000001fd9821d010_0;  alias, 1 drivers
v000001fd982547a0_0 .net "s_vd", 0 0, v000001fd98256c80_0;  alias, 1 drivers
v000001fd98253ee0_0 .net "test_REG_CNT", 3 0, L_000001fd98294430;  alias, 1 drivers
v000001fd982556a0_0 .net "test_REG_MAR", 3 0, L_000001fd98294c10;  alias, 1 drivers
v000001fd982548e0_0 .net "test_REG_MAXA", 3 0, L_000001fd982953f0;  alias, 1 drivers
v000001fd982557e0_0 .net "test_REG_MAXV", 4 0, L_000001fd982947b0;  alias, 1 drivers
v000001fd98255880_0 .net "test_REG_MDR", 4 0, L_000001fd982943c0;  alias, 1 drivers
v000001fd982559c0_0 .net "test_REG_MINA", 3 0, L_000001fd98295cb0;  alias, 1 drivers
v000001fd98253f80_0 .net "test_REG_MINV", 4 0, L_000001fd98294ac0;  alias, 1 drivers
v000001fd98255e20_0 .net "test_REG_ONE", 3 0, L_000001fd98294580;  alias, 1 drivers
v000001fd982560a0_0 .net "test_REG_ceq", 0 0, L_000001fd98294660;  alias, 1 drivers
v000001fd98256140_0 .net "test_REG_vd", 0 0, L_000001fd98294b30;  alias, 1 drivers
v000001fd982561e0_0 .net "vd", 0 0, L_000001fd98295700;  alias, 1 drivers
L_000001fd9824a020 .part L_000001fd982882d0, 0, 4;
L_000001fd98266d90 .part L_000001fd982882d0, 0, 4;
L_000001fd982696d0 .arith/sub 4, v000001fd98251fa0_0, L_000001fd982a02c8;
L_000001fd982882d0 .concat [ 4 1 0 0], L_000001fd98287bf0, L_000001fd982a0478;
S_000001fd98073e00 .scope module, "ADDER" "adder_4bit" 3 926, 3 1203 0, S_000001fd980550a0;
 .timescale -9 -12;
    .port_info 0 /INPUT 4 "a";
    .port_info 1 /INPUT 4 "b";
    .port_info 2 /OUTPUT 4 "sum";
v000001fd9821d290_0 .net "a", 3 0, L_000001fd9826d230;  alias, 1 drivers
v000001fd9821d8d0_0 .net "b", 3 0, v000001fd982518c0_0;  alias, 1 drivers
v000001fd9821d970_0 .net "c1", 0 0, L_000001fd98280f70;  1 drivers
v000001fd9821db50_0 .net "c2", 0 0, L_000001fd98281bb0;  1 drivers
v000001fd9821e0f0_0 .net "c3", 0 0, L_000001fd98281520;  1 drivers
v000001fd9821e190_0 .net "sum", 3 0, L_000001fd98287bf0;  1 drivers
L_000001fd982899f0 .part L_000001fd9826d230, 0, 1;
L_000001fd98288e10 .part v000001fd982518c0_0, 0, 1;
L_000001fd982876f0 .part L_000001fd9826d230, 1, 1;
L_000001fd98287b50 .part v000001fd982518c0_0, 1, 1;
L_000001fd982896d0 .part L_000001fd9826d230, 2, 1;
L_000001fd98288050 .part v000001fd982518c0_0, 2, 1;
L_000001fd98288410 .part L_000001fd9826d230, 3, 1;
L_000001fd98288870 .part v000001fd982518c0_0, 3, 1;
L_000001fd98287bf0 .concat8 [ 1 1 1 1], L_000001fd98280e90, L_000001fd98281830, L_000001fd98280b10, L_000001fd98280330;
S_000001fd98060670 .scope module, "FA0" "full_adder" 3 1210, 3 1187 0, S_000001fd98073e00;
 .timescale -9 -12;
    .port_info 0 /INPUT 1 "a";
    .port_info 1 /INPUT 1 "b";
    .port_info 2 /INPUT 1 "cin";
    .port_info 3 /OUTPUT 1 "sum";
    .port_info 4 /OUTPUT 1 "cout";
L_000001fd98281b40 .functor XOR 1, L_000001fd982899f0, L_000001fd98288e10, C4<0>, C4<0>;
L_000001fd982a0430 .functor BUFT 1, C4<0>, C4<0>, C4<0>, C4<0>;
L_000001fd98280e90 .functor XOR 1, L_000001fd98281b40, L_000001fd982a0430, C4<0>, C4<0>;
L_000001fd98281750 .functor AND 1, L_000001fd98281b40, L_000001fd982a0430, C4<1>, C4<1>;
L_000001fd98280f00 .functor AND 1, L_000001fd982899f0, L_000001fd98288e10, C4<1>, C4<1>;
L_000001fd98280f70 .functor OR 1, L_000001fd98281750, L_000001fd98280f00, C4<0>, C4<0>;
v000001fd9821d470_0 .net "a", 0 0, L_000001fd982899f0;  1 drivers
v000001fd9821d830_0 .net "and1", 0 0, L_000001fd98281750;  1 drivers
v000001fd9821c110_0 .net "and2", 0 0, L_000001fd98280f00;  1 drivers
v000001fd9821e230_0 .net "axb", 0 0, L_000001fd98281b40;  1 drivers
v000001fd9821ddd0_0 .net "b", 0 0, L_000001fd98288e10;  1 drivers
v000001fd9821d150_0 .net "cin", 0 0, L_000001fd982a0430;  1 drivers
v000001fd9821e2d0_0 .net "cout", 0 0, L_000001fd98280f70;  alias, 1 drivers
v000001fd9821dc90_0 .net "sum", 0 0, L_000001fd98280e90;  1 drivers
S_000001fd98060800 .scope module, "FA1" "full_adder" 3 1211, 3 1187 0, S_000001fd98073e00;
 .timescale -9 -12;
    .port_info 0 /INPUT 1 "a";
    .port_info 1 /INPUT 1 "b";
    .port_info 2 /INPUT 1 "cin";
    .port_info 3 /OUTPUT 1 "sum";
    .port_info 4 /OUTPUT 1 "cout";
L_000001fd98280c60 .functor XOR 1, L_000001fd982876f0, L_000001fd98287b50, C4<0>, C4<0>;
L_000001fd98281830 .functor XOR 1, L_000001fd98280c60, L_000001fd98280f70, C4<0>, C4<0>;
L_000001fd982813d0 .functor AND 1, L_000001fd98280c60, L_000001fd98280f70, C4<1>, C4<1>;
L_000001fd982809c0 .functor AND 1, L_000001fd982876f0, L_000001fd98287b50, C4<1>, C4<1>;
L_000001fd98281bb0 .functor OR 1, L_000001fd982813d0, L_000001fd982809c0, C4<0>, C4<0>;
v000001fd9821c070_0 .net "a", 0 0, L_000001fd982876f0;  1 drivers
v000001fd9821d5b0_0 .net "and1", 0 0, L_000001fd982813d0;  1 drivers
v000001fd9821c570_0 .net "and2", 0 0, L_000001fd982809c0;  1 drivers
v000001fd9821c1b0_0 .net "axb", 0 0, L_000001fd98280c60;  1 drivers
v000001fd9821e370_0 .net "b", 0 0, L_000001fd98287b50;  1 drivers
v000001fd9821cb10_0 .net "cin", 0 0, L_000001fd98280f70;  alias, 1 drivers
v000001fd9821ce30_0 .net "cout", 0 0, L_000001fd98281bb0;  alias, 1 drivers
v000001fd9821c250_0 .net "sum", 0 0, L_000001fd98281830;  1 drivers
S_000001fd9805c870 .scope module, "FA2" "full_adder" 3 1212, 3 1187 0, S_000001fd98073e00;
 .timescale -9 -12;
    .port_info 0 /INPUT 1 "a";
    .port_info 1 /INPUT 1 "b";
    .port_info 2 /INPUT 1 "cin";
    .port_info 3 /OUTPUT 1 "sum";
    .port_info 4 /OUTPUT 1 "cout";
L_000001fd98281670 .functor XOR 1, L_000001fd982896d0, L_000001fd98288050, C4<0>, C4<0>;
L_000001fd98280b10 .functor XOR 1, L_000001fd98281670, L_000001fd98281bb0, C4<0>, C4<0>;
L_000001fd98280d40 .functor AND 1, L_000001fd98281670, L_000001fd98281bb0, C4<1>, C4<1>;
L_000001fd98281c20 .functor AND 1, L_000001fd982896d0, L_000001fd98288050, C4<1>, C4<1>;
L_000001fd98281520 .functor OR 1, L_000001fd98280d40, L_000001fd98281c20, C4<0>, C4<0>;
v000001fd9821c7f0_0 .net "a", 0 0, L_000001fd982896d0;  1 drivers
v000001fd9821d6f0_0 .net "and1", 0 0, L_000001fd98280d40;  1 drivers
v000001fd9821dbf0_0 .net "and2", 0 0, L_000001fd98281c20;  1 drivers
v000001fd9821da10_0 .net "axb", 0 0, L_000001fd98281670;  1 drivers
v000001fd9821dfb0_0 .net "b", 0 0, L_000001fd98288050;  1 drivers
v000001fd9821c890_0 .net "cin", 0 0, L_000001fd98281bb0;  alias, 1 drivers
v000001fd9821c930_0 .net "cout", 0 0, L_000001fd98281520;  alias, 1 drivers
v000001fd9821ced0_0 .net "sum", 0 0, L_000001fd98280b10;  1 drivers
S_000001fd9805ca00 .scope module, "FA3" "full_adder" 3 1213, 3 1187 0, S_000001fd98073e00;
 .timescale -9 -12;
    .port_info 0 /INPUT 1 "a";
    .port_info 1 /INPUT 1 "b";
    .port_info 2 /INPUT 1 "cin";
    .port_info 3 /OUTPUT 1 "sum";
    .port_info 4 /OUTPUT 1 "cout";
L_000001fd982814b0 .functor XOR 1, L_000001fd98288410, L_000001fd98288870, C4<0>, C4<0>;
L_000001fd98280330 .functor XOR 1, L_000001fd982814b0, L_000001fd98281520, C4<0>, C4<0>;
L_000001fd982808e0 .functor AND 1, L_000001fd982814b0, L_000001fd98281520, C4<1>, C4<1>;
L_000001fd98281c90 .functor AND 1, L_000001fd98288410, L_000001fd98288870, C4<1>, C4<1>;
L_000001fd98280e20 .functor OR 1, L_000001fd982808e0, L_000001fd98281c90, C4<0>, C4<0>;
v000001fd9821c9d0_0 .net "a", 0 0, L_000001fd98288410;  1 drivers
v000001fd9821ca70_0 .net "and1", 0 0, L_000001fd982808e0;  1 drivers
v000001fd9821ccf0_0 .net "and2", 0 0, L_000001fd98281c90;  1 drivers
v000001fd9821c2f0_0 .net "axb", 0 0, L_000001fd982814b0;  1 drivers
v000001fd9821cbb0_0 .net "b", 0 0, L_000001fd98288870;  1 drivers
v000001fd9821d0b0_0 .net "cin", 0 0, L_000001fd98281520;  alias, 1 drivers
v000001fd9821dab0_0 .net "cout", 0 0, L_000001fd98280e20;  1 drivers
v000001fd9821d790_0 .net "sum", 0 0, L_000001fd98280330;  1 drivers
S_000001fd980593d0 .scope module, "COMP" "comparator_5bit" 3 927, 3 1218 0, S_000001fd980550a0;
 .timescale -9 -12;
    .port_info 0 /INPUT 5 "a";
    .port_info 1 /INPUT 5 "b";
    .port_info 2 /OUTPUT 1 "ceq";
    .port_info 3 /OUTPUT 1 "cg";
L_000001fd98280bf0 .functor XNOR 1, L_000001fd98289310, L_000001fd98288550, C4<0>, C4<0>;
L_000001fd98280a30 .functor XNOR 1, L_000001fd982894f0, L_000001fd98287c90, C4<0>, C4<0>;
L_000001fd98281440 .functor XNOR 1, L_000001fd98287e70, L_000001fd98288cd0, C4<0>, C4<0>;
L_000001fd98280aa0 .functor XNOR 1, L_000001fd98289450, L_000001fd982889b0, C4<0>, C4<0>;
L_000001fd98280fe0 .functor XNOR 1, L_000001fd98288f50, L_000001fd98287d30, C4<0>, C4<0>;
L_000001fd98281050/0/0 .functor AND 1, L_000001fd98280bf0, L_000001fd98280a30, L_000001fd98281440, L_000001fd98280aa0;
L_000001fd98281050/0/4 .functor AND 1, L_000001fd98280fe0, C4<1>, C4<1>, C4<1>;
L_000001fd98281050 .functor AND 1, L_000001fd98281050/0/0, L_000001fd98281050/0/4, C4<1>, C4<1>;
L_000001fd98281910 .functor BUFZ 1, L_000001fd98281050, C4<0>, C4<0>, C4<0>;
L_000001fd98281360 .functor NAND 1, L_000001fd982884b0, L_000001fd982893b0, C4<1>, C4<1>;
L_000001fd98281590 .functor NAND 1, L_000001fd98289d10, L_000001fd982885f0, C4<1>, C4<1>;
L_000001fd98281130 .functor NAND 1, L_000001fd98288690, L_000001fd98287dd0, C4<1>, C4<1>;
L_000001fd98281600 .functor NAND 1, L_000001fd98289950, L_000001fd98288370, C4<1>, C4<1>;
L_000001fd982811a0 .functor NAND 1, L_000001fd982887d0, L_000001fd982898b0, C4<1>, C4<1>;
L_000001fd982818a0 .functor AND 1, L_000001fd98280fe0, L_000001fd98288eb0, L_000001fd98281590, C4<1>;
L_000001fd98281d00 .functor AND 1, L_000001fd98280fe0, L_000001fd98280aa0, L_000001fd98289c70, L_000001fd98281130;
L_000001fd98281d70/0/0 .functor AND 1, L_000001fd98280fe0, L_000001fd98280aa0, L_000001fd98281440, L_000001fd98288c30;
L_000001fd98281d70/0/4 .functor AND 1, L_000001fd98281600, C4<1>, C4<1>, C4<1>;
L_000001fd98281d70 .functor AND 1, L_000001fd98281d70/0/0, L_000001fd98281d70/0/4, C4<1>, C4<1>;
L_000001fd982802c0/0/0 .functor AND 1, L_000001fd98280fe0, L_000001fd98280aa0, L_000001fd98281440, L_000001fd98280a30;
L_000001fd982802c0/0/4 .functor AND 1, L_000001fd98289590, L_000001fd982811a0, C4<1>, C4<1>;
L_000001fd982802c0 .functor AND 1, L_000001fd982802c0/0/0, L_000001fd982802c0/0/4, C4<1>, C4<1>;
L_000001fd98281210/0/0 .functor OR 1, L_000001fd98289b30, L_000001fd982818a0, L_000001fd98281d00, L_000001fd98281d70;
L_000001fd98281210/0/4 .functor OR 1, L_000001fd982802c0, C4<0>, C4<0>, C4<0>;
L_000001fd98281210 .functor OR 1, L_000001fd98281210/0/0, L_000001fd98281210/0/4, C4<0>, C4<0>;
v000001fd9821e4b0_0 .net *"_ivl_12", 0 0, L_000001fd98287e70;  1 drivers
v000001fd9821e410_0 .net *"_ivl_14", 0 0, L_000001fd98288cd0;  1 drivers
v000001fd9821eb90_0 .net *"_ivl_17", 0 0, L_000001fd98289450;  1 drivers
v000001fd9821e910_0 .net *"_ivl_19", 0 0, L_000001fd982889b0;  1 drivers
v000001fd9821e9b0_0 .net *"_ivl_2", 0 0, L_000001fd98289310;  1 drivers
v000001fd9821e870_0 .net *"_ivl_22", 0 0, L_000001fd98288f50;  1 drivers
v000001fd9821ee10_0 .net *"_ivl_24", 0 0, L_000001fd98287d30;  1 drivers
v000001fd9821ec30_0 .net *"_ivl_30", 0 0, L_000001fd982884b0;  1 drivers
v000001fd9821ecd0_0 .net *"_ivl_32", 0 0, L_000001fd982893b0;  1 drivers
v000001fd9821ed70_0 .net *"_ivl_35", 0 0, L_000001fd98289d10;  1 drivers
v000001fd9821eeb0_0 .net *"_ivl_37", 0 0, L_000001fd982885f0;  1 drivers
v000001fd9821e7d0_0 .net *"_ivl_4", 0 0, L_000001fd98288550;  1 drivers
v000001fd9821ea50_0 .net *"_ivl_40", 0 0, L_000001fd98288690;  1 drivers
v000001fd9821eaf0_0 .net *"_ivl_42", 0 0, L_000001fd98287dd0;  1 drivers
v000001fd98218010_0 .net *"_ivl_45", 0 0, L_000001fd98289950;  1 drivers
v000001fd98218a10_0 .net *"_ivl_47", 0 0, L_000001fd98288370;  1 drivers
v000001fd98218e70_0 .net *"_ivl_50", 0 0, L_000001fd982887d0;  1 drivers
v000001fd98219230_0 .net *"_ivl_52", 0 0, L_000001fd982898b0;  1 drivers
v000001fd98219730_0 .net *"_ivl_55", 0 0, L_000001fd98288eb0;  1 drivers
v000001fd98217610_0 .net *"_ivl_58", 0 0, L_000001fd98289c70;  1 drivers
v000001fd98218790_0 .net *"_ivl_61", 0 0, L_000001fd98288c30;  1 drivers
v000001fd98216fd0_0 .net *"_ivl_64", 0 0, L_000001fd98289590;  1 drivers
v000001fd98217930_0 .net *"_ivl_67", 0 0, L_000001fd98289b30;  1 drivers
v000001fd98219410_0 .net *"_ivl_7", 0 0, L_000001fd982894f0;  1 drivers
v000001fd982179d0_0 .net *"_ivl_9", 0 0, L_000001fd98287c90;  1 drivers
v000001fd982180b0_0 .net "a", 4 0, L_000001fd98270d90;  alias, 1 drivers
v000001fd98218dd0_0 .net "b", 4 0, L_000001fd98271510;  alias, 1 drivers
v000001fd982192d0_0 .net "ceq", 0 0, L_000001fd98281910;  alias, 1 drivers
v000001fd98218c90_0 .net "cg", 0 0, L_000001fd98281210;  alias, 1 drivers
v000001fd982176b0_0 .net "eq4_0", 0 0, L_000001fd98281050;  1 drivers
v000001fd98218150_0 .net "g0", 0 0, L_000001fd982802c0;  1 drivers
v000001fd98218d30_0 .net "g1", 0 0, L_000001fd98281d70;  1 drivers
v000001fd98217c50_0 .net "g2", 0 0, L_000001fd98281d00;  1 drivers
v000001fd982172f0_0 .net "g3", 0 0, L_000001fd982818a0;  1 drivers
v000001fd982194b0_0 .net "n_b0", 0 0, L_000001fd982811a0;  1 drivers
v000001fd982181f0_0 .net "n_b1", 0 0, L_000001fd98281600;  1 drivers
v000001fd98217110_0 .net "n_b2", 0 0, L_000001fd98281130;  1 drivers
v000001fd98217070_0 .net "n_b3", 0 0, L_000001fd98281590;  1 drivers
v000001fd982183d0_0 .net "n_b4", 0 0, L_000001fd98281360;  1 drivers
v000001fd98219550_0 .net "x0", 0 0, L_000001fd98280bf0;  1 drivers
v000001fd982174d0_0 .net "x1", 0 0, L_000001fd98280a30;  1 drivers
v000001fd982195f0_0 .net "x2", 0 0, L_000001fd98281440;  1 drivers
v000001fd98218650_0 .net "x3", 0 0, L_000001fd98280aa0;  1 drivers
v000001fd98218330_0 .net "x4", 0 0, L_000001fd98280fe0;  1 drivers
L_000001fd98289310 .part L_000001fd98270d90, 0, 1;
L_000001fd98288550 .part L_000001fd98271510, 0, 1;
L_000001fd982894f0 .part L_000001fd98270d90, 1, 1;
L_000001fd98287c90 .part L_000001fd98271510, 1, 1;
L_000001fd98287e70 .part L_000001fd98270d90, 2, 1;
L_000001fd98288cd0 .part L_000001fd98271510, 2, 1;
L_000001fd98289450 .part L_000001fd98270d90, 3, 1;
L_000001fd982889b0 .part L_000001fd98271510, 3, 1;
L_000001fd98288f50 .part L_000001fd98270d90, 4, 1;
L_000001fd98287d30 .part L_000001fd98271510, 4, 1;
L_000001fd982884b0 .part L_000001fd98271510, 4, 1;
L_000001fd982893b0 .part L_000001fd98271510, 4, 1;
L_000001fd98289d10 .part L_000001fd98271510, 3, 1;
L_000001fd982885f0 .part L_000001fd98271510, 3, 1;
L_000001fd98288690 .part L_000001fd98271510, 2, 1;
L_000001fd98287dd0 .part L_000001fd98271510, 2, 1;
L_000001fd98289950 .part L_000001fd98271510, 1, 1;
L_000001fd98288370 .part L_000001fd98271510, 1, 1;
L_000001fd982887d0 .part L_000001fd98271510, 0, 1;
L_000001fd982898b0 .part L_000001fd98271510, 0, 1;
L_000001fd98288eb0 .part L_000001fd98270d90, 3, 1;
L_000001fd98289c70 .part L_000001fd98270d90, 2, 1;
L_000001fd98288c30 .part L_000001fd98270d90, 1, 1;
L_000001fd98289590 .part L_000001fd98270d90, 0, 1;
L_000001fd98289b30 .part L_000001fd98270d90, 4, 1;
S_000001fd98083530 .scope module, "COMP2" "comparator_4bit" 3 928, 3 1257 0, S_000001fd980550a0;
 .timescale -9 -12;
    .port_info 0 /INPUT 4 "a";
    .port_info 1 /INPUT 4 "b";
    .port_info 2 /OUTPUT 1 "ceq";
L_000001fd98281de0 .functor XNOR 1, L_000001fd98289630, L_000001fd98287790, C4<0>, C4<0>;
L_000001fd98281e50 .functor XNOR 1, L_000001fd982880f0, L_000001fd98287a10, C4<0>, C4<0>;
L_000001fd98280480 .functor XNOR 1, L_000001fd98288ff0, L_000001fd98288190, C4<0>, C4<0>;
L_000001fd982804f0 .functor XNOR 1, L_000001fd98288230, L_000001fd98287830, C4<0>, C4<0>;
L_000001fd982805d0 .functor AND 1, L_000001fd98281de0, L_000001fd98281e50, L_000001fd98280480, L_000001fd982804f0;
v000001fd98218470_0 .net *"_ivl_12", 0 0, L_000001fd98288ff0;  1 drivers
v000001fd98217750_0 .net *"_ivl_14", 0 0, L_000001fd98288190;  1 drivers
v000001fd98217f70_0 .net *"_ivl_17", 0 0, L_000001fd98288230;  1 drivers
v000001fd98219190_0 .net *"_ivl_19", 0 0, L_000001fd98287830;  1 drivers
v000001fd98219690_0 .net *"_ivl_2", 0 0, L_000001fd98289630;  1 drivers
v000001fd98218290_0 .net *"_ivl_4", 0 0, L_000001fd98287790;  1 drivers
v000001fd98218510_0 .net *"_ivl_7", 0 0, L_000001fd982880f0;  1 drivers
v000001fd982171b0_0 .net *"_ivl_9", 0 0, L_000001fd98287a10;  1 drivers
v000001fd98218f10_0 .net "a", 3 0, v000001fd98251fa0_0;  alias, 1 drivers
L_000001fd982a04c0 .functor BUFT 1, C4<0000>, C4<0>, C4<0>, C4<0>;
v000001fd98217cf0_0 .net "b", 3 0, L_000001fd982a04c0;  1 drivers
v000001fd982185b0_0 .net "ceq", 0 0, L_000001fd982805d0;  alias, 1 drivers
v000001fd98217b10_0 .net "x0", 0 0, L_000001fd98281de0;  1 drivers
v000001fd98217390_0 .net "x1", 0 0, L_000001fd98281e50;  1 drivers
v000001fd98217570_0 .net "x2", 0 0, L_000001fd98280480;  1 drivers
v000001fd98218bf0_0 .net "x3", 0 0, L_000001fd982804f0;  1 drivers
L_000001fd98289630 .part v000001fd98251fa0_0, 0, 1;
L_000001fd98287790 .part L_000001fd982a04c0, 0, 1;
L_000001fd982880f0 .part v000001fd98251fa0_0, 1, 1;
L_000001fd98287a10 .part L_000001fd982a04c0, 1, 1;
L_000001fd98288ff0 .part v000001fd98251fa0_0, 2, 1;
L_000001fd98288190 .part L_000001fd982a04c0, 2, 1;
L_000001fd98288230 .part v000001fd98251fa0_0, 3, 1;
L_000001fd98287830 .part L_000001fd982a04c0, 3, 1;
S_000001fd980836c0 .scope module, "MUX_1_COMP" "mux4to1_5bit" 3 923, 3 1140 0, S_000001fd980550a0;
 .timescale -9 -12;
    .port_info 0 /INPUT 5 "A";
    .port_info 1 /INPUT 5 "B";
    .port_info 2 /INPUT 5 "C";
    .port_info 3 /INPUT 5 "D";
    .port_info 4 /INPUT 2 "sel";
    .port_info 5 /OUTPUT 5 "Y";
L_000001fd9827f6f0 .functor NOT 1, L_000001fd9826d370, C4<0>, C4<0>, C4<0>;
L_000001fd9827f370 .functor NOT 1, L_000001fd9826ea90, C4<0>, C4<0>, C4<0>;
L_000001fd98280020 .functor AND 1, L_000001fd9826d7d0, L_000001fd9827f370, L_000001fd9827f6f0, C4<1>;
L_000001fd9827eab0 .functor AND 1, L_000001fd9826dc30, L_000001fd9827f370, L_000001fd9827f6f0, C4<1>;
L_000001fd9827f7d0 .functor AND 1, L_000001fd9826d410, L_000001fd9827f370, L_000001fd9827f6f0, C4<1>;
L_000001fd98280170 .functor AND 1, L_000001fd9826d2d0, L_000001fd9827f370, L_000001fd9827f6f0, C4<1>;
L_000001fd9827f290 .functor AND 1, L_000001fd9826dcd0, L_000001fd9827f370, L_000001fd9827f6f0, C4<1>;
L_000001fd9827ff40 .functor AND 1, L_000001fd9826cc90, L_000001fd9827f370, L_000001fd9826deb0, C4<1>;
L_000001fd9827e9d0 .functor AND 1, L_000001fd9826c510, L_000001fd9827f370, L_000001fd9826df50, C4<1>;
L_000001fd9827f840 .functor AND 1, L_000001fd9826c5b0, L_000001fd9827f370, L_000001fd9826e310, C4<1>;
L_000001fd9827f3e0 .functor AND 1, L_000001fd9826d870, L_000001fd9827f370, L_000001fd9826e090, C4<1>;
L_000001fd9827fd10 .functor AND 1, L_000001fd9826e9f0, L_000001fd9827f370, L_000001fd9826d690, C4<1>;
L_000001fd9827e7a0 .functor AND 1, L_000001fd9826d5f0, L_000001fd9826cd30, L_000001fd9827f6f0, C4<1>;
L_000001fd9827f450 .functor AND 1, L_000001fd9826d730, L_000001fd9826d910, L_000001fd9827f6f0, C4<1>;
L_000001fd9827fa70 .functor AND 1, L_000001fd9826e6d0, L_000001fd9826d9b0, L_000001fd9827f6f0, C4<1>;
L_000001fd9827eb20 .functor AND 1, L_000001fd9826e130, L_000001fd9826e770, L_000001fd9827f6f0, C4<1>;
L_000001fd9827ec70 .functor AND 1, L_000001fd9826e810, L_000001fd9826e8b0, L_000001fd9827f6f0, C4<1>;
L_000001fd9827fae0 .functor AND 1, L_000001fd9826d050, L_000001fd9826ebd0, L_000001fd9826cdd0, C4<1>;
L_000001fd9827fd80 .functor AND 1, L_000001fd9826ca10, L_000001fd9826eb30, L_000001fd9826c6f0, C4<1>;
L_000001fd9827f530 .functor AND 1, L_000001fd9826c650, L_000001fd9826ce70, L_000001fd9826c790, C4<1>;
L_000001fd9827fb50 .functor AND 1, L_000001fd9826d0f0, L_000001fd9826c8d0, L_000001fd9826cf10, C4<1>;
L_000001fd9827e810 .functor AND 1, L_000001fd9826f490, L_000001fd98270b10, L_000001fd9826f710, C4<1>;
L_000001fd9827fed0 .functor OR 1, L_000001fd98270070, L_000001fd9826fb70, L_000001fd98270110, L_000001fd982701b0;
L_000001fd9827fbc0 .functor OR 1, L_000001fd98270890, L_000001fd982702f0, L_000001fd98270f70, L_000001fd98270930;
L_000001fd9827ece0 .functor OR 1, L_000001fd98271290, L_000001fd982710b0, L_000001fd9826ef90, L_000001fd9826ed10;
L_000001fd9827ed50 .functor OR 1, L_000001fd98270430, L_000001fd9826ffd0, L_000001fd98270250, L_000001fd9826f8f0;
L_000001fd9827ee30 .functor OR 1, L_000001fd9826f030, L_000001fd982709d0, L_000001fd9826f0d0, L_000001fd98271330;
L_000001fd982a0310 .functor BUFT 1, C4<00000>, C4<0>, C4<0>, C4<0>;
v000001fd98217ed0_0 .net "A", 4 0, L_000001fd982a0310;  1 drivers
v000001fd982177f0_0 .net "B", 4 0, v000001fd98252ae0_0;  alias, 1 drivers
v000001fd98218fb0_0 .net "C", 4 0, v000001fd98251dc0_0;  alias, 1 drivers
L_000001fd982a0358 .functor BUFT 1, C4<00000>, C4<0>, C4<0>, C4<0>;
v000001fd98219050_0 .net "D", 4 0, L_000001fd982a0358;  1 drivers
v000001fd98217e30_0 .net "Y", 4 0, L_000001fd98270d90;  alias, 1 drivers
v000001fd982186f0_0 .net *"_ivl_10", 0 0, L_000001fd9826d7d0;  1 drivers
v000001fd98218830_0 .net *"_ivl_101", 0 0, L_000001fd9826e810;  1 drivers
v000001fd98217250_0 .net *"_ivl_103", 0 0, L_000001fd9826e8b0;  1 drivers
v000001fd98219370_0 .net *"_ivl_105", 0 0, L_000001fd9827fae0;  1 drivers
v000001fd982188d0_0 .net *"_ivl_108", 0 0, L_000001fd9826d050;  1 drivers
v000001fd98217430_0 .net *"_ivl_110", 0 0, L_000001fd9826ebd0;  1 drivers
v000001fd982190f0_0 .net *"_ivl_112", 0 0, L_000001fd9826cdd0;  1 drivers
v000001fd98217890_0 .net *"_ivl_114", 0 0, L_000001fd9827fd80;  1 drivers
v000001fd98218970_0 .net *"_ivl_117", 0 0, L_000001fd9826ca10;  1 drivers
v000001fd98217a70_0 .net *"_ivl_119", 0 0, L_000001fd9826eb30;  1 drivers
v000001fd98217d90_0 .net *"_ivl_12", 0 0, L_000001fd9827eab0;  1 drivers
v000001fd98217bb0_0 .net *"_ivl_121", 0 0, L_000001fd9826c6f0;  1 drivers
v000001fd98218ab0_0 .net *"_ivl_123", 0 0, L_000001fd9827f530;  1 drivers
v000001fd98218b50_0 .net *"_ivl_126", 0 0, L_000001fd9826c650;  1 drivers
v000001fd9821a310_0 .net *"_ivl_128", 0 0, L_000001fd9826ce70;  1 drivers
v000001fd9821af90_0 .net *"_ivl_130", 0 0, L_000001fd9826c790;  1 drivers
v000001fd9821adb0_0 .net *"_ivl_132", 0 0, L_000001fd9827fb50;  1 drivers
v000001fd9821a4f0_0 .net *"_ivl_135", 0 0, L_000001fd9826d0f0;  1 drivers
v000001fd98219c30_0 .net *"_ivl_137", 0 0, L_000001fd9826c8d0;  1 drivers
v000001fd9821b3f0_0 .net *"_ivl_139", 0 0, L_000001fd9826cf10;  1 drivers
v000001fd9821a630_0 .net *"_ivl_141", 0 0, L_000001fd9827e810;  1 drivers
v000001fd9821a3b0_0 .net *"_ivl_145", 0 0, L_000001fd9826f490;  1 drivers
v000001fd9821a590_0 .net *"_ivl_147", 0 0, L_000001fd98270b10;  1 drivers
v000001fd9821b170_0 .net *"_ivl_149", 0 0, L_000001fd9826f710;  1 drivers
v000001fd9821bad0_0 .net *"_ivl_15", 0 0, L_000001fd9826dc30;  1 drivers
v000001fd9821b530_0 .net *"_ivl_151", 0 0, L_000001fd9827fed0;  1 drivers
v000001fd9821a950_0 .net *"_ivl_154", 0 0, L_000001fd98270070;  1 drivers
v000001fd9821ae50_0 .net *"_ivl_156", 0 0, L_000001fd9826fb70;  1 drivers
v000001fd9821b7b0_0 .net *"_ivl_158", 0 0, L_000001fd98270110;  1 drivers
v000001fd9821b0d0_0 .net *"_ivl_160", 0 0, L_000001fd982701b0;  1 drivers
v000001fd98219d70_0 .net *"_ivl_162", 0 0, L_000001fd9827fbc0;  1 drivers
v000001fd9821b5d0_0 .net *"_ivl_165", 0 0, L_000001fd98270890;  1 drivers
v000001fd9821b030_0 .net *"_ivl_167", 0 0, L_000001fd982702f0;  1 drivers
v000001fd98219870_0 .net *"_ivl_169", 0 0, L_000001fd98270f70;  1 drivers
v000001fd9821a810_0 .net *"_ivl_17", 0 0, L_000001fd9827f7d0;  1 drivers
v000001fd9821bb70_0 .net *"_ivl_171", 0 0, L_000001fd98270930;  1 drivers
v000001fd9821a450_0 .net *"_ivl_173", 0 0, L_000001fd9827ece0;  1 drivers
v000001fd9821b210_0 .net *"_ivl_176", 0 0, L_000001fd98271290;  1 drivers
v000001fd9821aef0_0 .net *"_ivl_178", 0 0, L_000001fd982710b0;  1 drivers
v000001fd9821a6d0_0 .net *"_ivl_180", 0 0, L_000001fd9826ef90;  1 drivers
v000001fd98219af0_0 .net *"_ivl_182", 0 0, L_000001fd9826ed10;  1 drivers
v000001fd9821bc10_0 .net *"_ivl_184", 0 0, L_000001fd9827ed50;  1 drivers
v000001fd9821a1d0_0 .net *"_ivl_187", 0 0, L_000001fd98270430;  1 drivers
v000001fd98219e10_0 .net *"_ivl_189", 0 0, L_000001fd9826ffd0;  1 drivers
v000001fd9821b670_0 .net *"_ivl_191", 0 0, L_000001fd98270250;  1 drivers
v000001fd9821b710_0 .net *"_ivl_193", 0 0, L_000001fd9826f8f0;  1 drivers
v000001fd98219eb0_0 .net *"_ivl_195", 0 0, L_000001fd9827ee30;  1 drivers
v000001fd9821bcb0_0 .net *"_ivl_199", 0 0, L_000001fd9826f030;  1 drivers
v000001fd9821b2b0_0 .net *"_ivl_2", 0 0, L_000001fd9826d370;  1 drivers
v000001fd9821ac70_0 .net *"_ivl_20", 0 0, L_000001fd9826d410;  1 drivers
v000001fd9821b490_0 .net *"_ivl_201", 0 0, L_000001fd982709d0;  1 drivers
v000001fd98219b90_0 .net *"_ivl_203", 0 0, L_000001fd9826f0d0;  1 drivers
v000001fd98219f50_0 .net *"_ivl_205", 0 0, L_000001fd98271330;  1 drivers
v000001fd9821a770_0 .net *"_ivl_22", 0 0, L_000001fd98280170;  1 drivers
v000001fd9821be90_0 .net *"_ivl_25", 0 0, L_000001fd9826d2d0;  1 drivers
v000001fd9821ad10_0 .net *"_ivl_27", 0 0, L_000001fd9827f290;  1 drivers
v000001fd98219cd0_0 .net *"_ivl_31", 0 0, L_000001fd9826dcd0;  1 drivers
v000001fd9821b350_0 .net *"_ivl_33", 0 0, L_000001fd9827ff40;  1 drivers
v000001fd9821a270_0 .net *"_ivl_36", 0 0, L_000001fd9826cc90;  1 drivers
v000001fd982197d0_0 .net *"_ivl_38", 0 0, L_000001fd9826deb0;  1 drivers
v000001fd9821bd50_0 .net *"_ivl_40", 0 0, L_000001fd9827e9d0;  1 drivers
v000001fd9821a8b0_0 .net *"_ivl_43", 0 0, L_000001fd9826c510;  1 drivers
v000001fd9821a9f0_0 .net *"_ivl_45", 0 0, L_000001fd9826df50;  1 drivers
v000001fd9821b850_0 .net *"_ivl_47", 0 0, L_000001fd9827f840;  1 drivers
v000001fd9821b8f0_0 .net *"_ivl_5", 0 0, L_000001fd9826ea90;  1 drivers
v000001fd9821b990_0 .net *"_ivl_50", 0 0, L_000001fd9826c5b0;  1 drivers
v000001fd9821ba30_0 .net *"_ivl_52", 0 0, L_000001fd9826e310;  1 drivers
v000001fd9821bdf0_0 .net *"_ivl_54", 0 0, L_000001fd9827f3e0;  1 drivers
v000001fd9821bf30_0 .net *"_ivl_57", 0 0, L_000001fd9826d870;  1 drivers
v000001fd98219ff0_0 .net *"_ivl_59", 0 0, L_000001fd9826e090;  1 drivers
v000001fd9821a090_0 .net *"_ivl_61", 0 0, L_000001fd9827fd10;  1 drivers
v000001fd9821aa90_0 .net *"_ivl_65", 0 0, L_000001fd9826e9f0;  1 drivers
v000001fd9821ab30_0 .net *"_ivl_67", 0 0, L_000001fd9826d690;  1 drivers
v000001fd982199b0_0 .net *"_ivl_69", 0 0, L_000001fd9827e7a0;  1 drivers
v000001fd9821abd0_0 .net *"_ivl_7", 0 0, L_000001fd98280020;  1 drivers
v000001fd98219910_0 .net *"_ivl_72", 0 0, L_000001fd9826d5f0;  1 drivers
v000001fd98219a50_0 .net *"_ivl_74", 0 0, L_000001fd9826cd30;  1 drivers
v000001fd9821a130_0 .net *"_ivl_76", 0 0, L_000001fd9827f450;  1 drivers
v000001fd9821f9e0_0 .net *"_ivl_79", 0 0, L_000001fd9826d730;  1 drivers
v000001fd98220340_0 .net *"_ivl_81", 0 0, L_000001fd9826d910;  1 drivers
v000001fd982214c0_0 .net *"_ivl_83", 0 0, L_000001fd9827fa70;  1 drivers
v000001fd9821f760_0 .net *"_ivl_86", 0 0, L_000001fd9826e6d0;  1 drivers
v000001fd9821ff80_0 .net *"_ivl_88", 0 0, L_000001fd9826d9b0;  1 drivers
v000001fd9821f6c0_0 .net *"_ivl_90", 0 0, L_000001fd9827eb20;  1 drivers
v000001fd9821f620_0 .net *"_ivl_93", 0 0, L_000001fd9826e130;  1 drivers
v000001fd9821fda0_0 .net *"_ivl_95", 0 0, L_000001fd9826e770;  1 drivers
v000001fd98220020_0 .net *"_ivl_97", 0 0, L_000001fd9827ec70;  1 drivers
v000001fd9821f440_0 .net "nA", 4 0, L_000001fd9826d4b0;  1 drivers
v000001fd982200c0_0 .net "nB", 4 0, L_000001fd9826d550;  1 drivers
v000001fd98220160_0 .net "nC", 4 0, L_000001fd9826e630;  1 drivers
v000001fd98220200_0 .net "nD", 4 0, L_000001fd98270390;  1 drivers
v000001fd9821efe0_0 .net "ns0", 0 0, L_000001fd9827f6f0;  1 drivers
v000001fd982211a0_0 .net "ns1", 0 0, L_000001fd9827f370;  1 drivers
v000001fd98220ac0_0 .net "sel", 1 0, v000001fd9821cf70_0;  alias, 1 drivers
L_000001fd9826d370 .part v000001fd9821cf70_0, 0, 1;
L_000001fd9826ea90 .part v000001fd9821cf70_0, 1, 1;
L_000001fd9826d7d0 .part L_000001fd982a0310, 0, 1;
L_000001fd9826dc30 .part L_000001fd982a0310, 1, 1;
L_000001fd9826d410 .part L_000001fd982a0310, 2, 1;
L_000001fd9826d2d0 .part L_000001fd982a0310, 3, 1;
LS_000001fd9826d4b0_0_0 .concat8 [ 1 1 1 1], L_000001fd98280020, L_000001fd9827eab0, L_000001fd9827f7d0, L_000001fd98280170;
LS_000001fd9826d4b0_0_4 .concat8 [ 1 0 0 0], L_000001fd9827f290;
L_000001fd9826d4b0 .concat8 [ 4 1 0 0], LS_000001fd9826d4b0_0_0, LS_000001fd9826d4b0_0_4;
L_000001fd9826dcd0 .part L_000001fd982a0310, 4, 1;
L_000001fd9826cc90 .part v000001fd98252ae0_0, 0, 1;
L_000001fd9826deb0 .part v000001fd9821cf70_0, 0, 1;
L_000001fd9826c510 .part v000001fd98252ae0_0, 1, 1;
L_000001fd9826df50 .part v000001fd9821cf70_0, 0, 1;
L_000001fd9826c5b0 .part v000001fd98252ae0_0, 2, 1;
L_000001fd9826e310 .part v000001fd9821cf70_0, 0, 1;
L_000001fd9826d870 .part v000001fd98252ae0_0, 3, 1;
L_000001fd9826e090 .part v000001fd9821cf70_0, 0, 1;
LS_000001fd9826d550_0_0 .concat8 [ 1 1 1 1], L_000001fd9827ff40, L_000001fd9827e9d0, L_000001fd9827f840, L_000001fd9827f3e0;
LS_000001fd9826d550_0_4 .concat8 [ 1 0 0 0], L_000001fd9827fd10;
L_000001fd9826d550 .concat8 [ 4 1 0 0], LS_000001fd9826d550_0_0, LS_000001fd9826d550_0_4;
L_000001fd9826e9f0 .part v000001fd98252ae0_0, 4, 1;
L_000001fd9826d690 .part v000001fd9821cf70_0, 0, 1;
L_000001fd9826d5f0 .part v000001fd98251dc0_0, 0, 1;
L_000001fd9826cd30 .part v000001fd9821cf70_0, 1, 1;
L_000001fd9826d730 .part v000001fd98251dc0_0, 1, 1;
L_000001fd9826d910 .part v000001fd9821cf70_0, 1, 1;
L_000001fd9826e6d0 .part v000001fd98251dc0_0, 2, 1;
L_000001fd9826d9b0 .part v000001fd9821cf70_0, 1, 1;
L_000001fd9826e130 .part v000001fd98251dc0_0, 3, 1;
L_000001fd9826e770 .part v000001fd9821cf70_0, 1, 1;
LS_000001fd9826e630_0_0 .concat8 [ 1 1 1 1], L_000001fd9827e7a0, L_000001fd9827f450, L_000001fd9827fa70, L_000001fd9827eb20;
LS_000001fd9826e630_0_4 .concat8 [ 1 0 0 0], L_000001fd9827ec70;
L_000001fd9826e630 .concat8 [ 4 1 0 0], LS_000001fd9826e630_0_0, LS_000001fd9826e630_0_4;
L_000001fd9826e810 .part v000001fd98251dc0_0, 4, 1;
L_000001fd9826e8b0 .part v000001fd9821cf70_0, 1, 1;
L_000001fd9826d050 .part L_000001fd982a0358, 0, 1;
L_000001fd9826ebd0 .part v000001fd9821cf70_0, 1, 1;
L_000001fd9826cdd0 .part v000001fd9821cf70_0, 0, 1;
L_000001fd9826ca10 .part L_000001fd982a0358, 1, 1;
L_000001fd9826eb30 .part v000001fd9821cf70_0, 1, 1;
L_000001fd9826c6f0 .part v000001fd9821cf70_0, 0, 1;
L_000001fd9826c650 .part L_000001fd982a0358, 2, 1;
L_000001fd9826ce70 .part v000001fd9821cf70_0, 1, 1;
L_000001fd9826c790 .part v000001fd9821cf70_0, 0, 1;
L_000001fd9826d0f0 .part L_000001fd982a0358, 3, 1;
L_000001fd9826c8d0 .part v000001fd9821cf70_0, 1, 1;
L_000001fd9826cf10 .part v000001fd9821cf70_0, 0, 1;
LS_000001fd98270390_0_0 .concat8 [ 1 1 1 1], L_000001fd9827fae0, L_000001fd9827fd80, L_000001fd9827f530, L_000001fd9827fb50;
LS_000001fd98270390_0_4 .concat8 [ 1 0 0 0], L_000001fd9827e810;
L_000001fd98270390 .concat8 [ 4 1 0 0], LS_000001fd98270390_0_0, LS_000001fd98270390_0_4;
L_000001fd9826f490 .part L_000001fd982a0358, 4, 1;
L_000001fd98270b10 .part v000001fd9821cf70_0, 1, 1;
L_000001fd9826f710 .part v000001fd9821cf70_0, 0, 1;
L_000001fd98270070 .part L_000001fd9826d4b0, 0, 1;
L_000001fd9826fb70 .part L_000001fd9826d550, 0, 1;
L_000001fd98270110 .part L_000001fd9826e630, 0, 1;
L_000001fd982701b0 .part L_000001fd98270390, 0, 1;
L_000001fd98270890 .part L_000001fd9826d4b0, 1, 1;
L_000001fd982702f0 .part L_000001fd9826d550, 1, 1;
L_000001fd98270f70 .part L_000001fd9826e630, 1, 1;
L_000001fd98270930 .part L_000001fd98270390, 1, 1;
L_000001fd98271290 .part L_000001fd9826d4b0, 2, 1;
L_000001fd982710b0 .part L_000001fd9826d550, 2, 1;
L_000001fd9826ef90 .part L_000001fd9826e630, 2, 1;
L_000001fd9826ed10 .part L_000001fd98270390, 2, 1;
L_000001fd98270430 .part L_000001fd9826d4b0, 3, 1;
L_000001fd9826ffd0 .part L_000001fd9826d550, 3, 1;
L_000001fd98270250 .part L_000001fd9826e630, 3, 1;
L_000001fd9826f8f0 .part L_000001fd98270390, 3, 1;
LS_000001fd98270d90_0_0 .concat8 [ 1 1 1 1], L_000001fd9827fed0, L_000001fd9827fbc0, L_000001fd9827ece0, L_000001fd9827ed50;
LS_000001fd98270d90_0_4 .concat8 [ 1 0 0 0], L_000001fd9827ee30;
L_000001fd98270d90 .concat8 [ 4 1 0 0], LS_000001fd98270d90_0_0, LS_000001fd98270d90_0_4;
L_000001fd9826f030 .part L_000001fd9826d4b0, 4, 1;
L_000001fd982709d0 .part L_000001fd9826d550, 4, 1;
L_000001fd9826f0d0 .part L_000001fd9826e630, 4, 1;
L_000001fd98271330 .part L_000001fd98270390, 4, 1;
S_000001fd980871e0 .scope module, "MUX_2_COMP" "mux4to1_5bit" 3 924, 3 1140 0, S_000001fd980550a0;
 .timescale -9 -12;
    .port_info 0 /INPUT 5 "A";
    .port_info 1 /INPUT 5 "B";
    .port_info 2 /INPUT 5 "C";
    .port_info 3 /INPUT 5 "D";
    .port_info 4 /INPUT 2 "sel";
    .port_info 5 /OUTPUT 5 "Y";
L_000001fd982801e0 .functor NOT 1, L_000001fd9826fdf0, C4<0>, C4<0>, C4<0>;
L_000001fd9827e880 .functor NOT 1, L_000001fd982704d0, C4<0>, C4<0>, C4<0>;
L_000001fd9827eea0 .functor AND 1, L_000001fd98270570, L_000001fd9827e880, L_000001fd982801e0, C4<1>;
L_000001fd9827fdf0 .functor AND 1, L_000001fd98270610, L_000001fd9827e880, L_000001fd982801e0, C4<1>;
L_000001fd9827ffb0 .functor AND 1, L_000001fd9826f170, L_000001fd9827e880, L_000001fd982801e0, C4<1>;
L_000001fd98280100 .functor AND 1, L_000001fd9826f210, L_000001fd9827e880, L_000001fd982801e0, C4<1>;
L_000001fd98281280 .functor AND 1, L_000001fd98271150, L_000001fd9827e880, L_000001fd982801e0, C4<1>;
L_000001fd982819f0 .functor AND 1, L_000001fd982713d0, L_000001fd9827e880, L_000001fd9826fd50, C4<1>;
L_000001fd98280db0 .functor AND 1, L_000001fd9826ec70, L_000001fd9827e880, L_000001fd9826ff30, C4<1>;
L_000001fd98281980 .functor AND 1, L_000001fd98271010, L_000001fd9827e880, L_000001fd98270750, C4<1>;
L_000001fd98280870 .functor AND 1, L_000001fd9826f2b0, L_000001fd9827e880, L_000001fd9826fa30, C4<1>;
L_000001fd98281a60 .functor AND 1, L_000001fd98270c50, L_000001fd9827e880, L_000001fd98270bb0, C4<1>;
L_000001fd982817c0 .functor AND 1, L_000001fd9826edb0, L_000001fd98270ed0, L_000001fd982801e0, C4<1>;
L_000001fd982806b0 .functor AND 1, L_000001fd9826fe90, L_000001fd982711f0, L_000001fd982801e0, C4<1>;
L_000001fd982816e0 .functor AND 1, L_000001fd98270a70, L_000001fd9826f350, L_000001fd982801e0, C4<1>;
L_000001fd98280410 .functor AND 1, L_000001fd98270cf0, L_000001fd9826f3f0, L_000001fd982801e0, C4<1>;
L_000001fd98280cd0 .functor AND 1, L_000001fd9826f990, L_000001fd98270e30, L_000001fd982801e0, C4<1>;
L_000001fd98280560 .functor AND 1, L_000001fd9826eef0, L_000001fd9826f5d0, L_000001fd9826f670, C4<1>;
L_000001fd98280b80 .functor AND 1, L_000001fd9826ee50, L_000001fd9826fad0, L_000001fd9826f850, C4<1>;
L_000001fd98280800 .functor AND 1, L_000001fd9826f7b0, L_000001fd9826fc10, L_000001fd9826fcb0, C4<1>;
L_000001fd982812f0 .functor AND 1, L_000001fd98272230, L_000001fd982716f0, L_000001fd98271790, C4<1>;
L_000001fd982810c0 .functor AND 1, L_000001fd98271e70, L_000001fd982715b0, L_000001fd98271650, C4<1>;
L_000001fd98280790 .functor OR 1, L_000001fd98271470, L_000001fd98271b50, L_000001fd98271830, L_000001fd982718d0;
L_000001fd98281ad0 .functor OR 1, L_000001fd98271c90, L_000001fd98271a10, L_000001fd98271dd0, L_000001fd98271d30;
L_000001fd98280950 .functor OR 1, L_000001fd982720f0, L_000001fd98271f10, L_000001fd98271fb0, L_000001fd98271970;
L_000001fd98280720 .functor OR 1, L_000001fd982722d0, L_000001fd98271ab0, L_000001fd98272050, L_000001fd98272190;
L_000001fd982803a0 .functor OR 1, L_000001fd98287ab0, L_000001fd98287f10, L_000001fd98289810, L_000001fd98287fb0;
L_000001fd982a03a0 .functor BUFT 1, C4<00000>, C4<0>, C4<0>, C4<0>;
v000001fd98220c00_0 .net "A", 4 0, L_000001fd982a03a0;  1 drivers
v000001fd98220ca0_0 .net "B", 4 0, v000001fd98253bc0_0;  alias, 1 drivers
v000001fd98220fc0_0 .net "C", 4 0, v000001fd98253bc0_0;  alias, 1 drivers
L_000001fd982a03e8 .functor BUFT 1, C4<00000>, C4<0>, C4<0>, C4<0>;
v000001fd9821f800_0 .net "D", 4 0, L_000001fd982a03e8;  1 drivers
v000001fd9821f580_0 .net "Y", 4 0, L_000001fd98271510;  alias, 1 drivers
v000001fd98220980_0 .net *"_ivl_10", 0 0, L_000001fd98270570;  1 drivers
v000001fd982216a0_0 .net *"_ivl_101", 0 0, L_000001fd9826f990;  1 drivers
v000001fd98221060_0 .net *"_ivl_103", 0 0, L_000001fd98270e30;  1 drivers
v000001fd98221100_0 .net *"_ivl_105", 0 0, L_000001fd98280560;  1 drivers
v000001fd9821fd00_0 .net *"_ivl_108", 0 0, L_000001fd9826eef0;  1 drivers
v000001fd9821f4e0_0 .net *"_ivl_110", 0 0, L_000001fd9826f5d0;  1 drivers
v000001fd98220d40_0 .net *"_ivl_112", 0 0, L_000001fd9826f670;  1 drivers
v000001fd9821fe40_0 .net *"_ivl_114", 0 0, L_000001fd98280b80;  1 drivers
v000001fd9821fbc0_0 .net *"_ivl_117", 0 0, L_000001fd9826ee50;  1 drivers
v000001fd9821fee0_0 .net *"_ivl_119", 0 0, L_000001fd9826fad0;  1 drivers
v000001fd98220a20_0 .net *"_ivl_12", 0 0, L_000001fd9827fdf0;  1 drivers
v000001fd982212e0_0 .net *"_ivl_121", 0 0, L_000001fd9826f850;  1 drivers
v000001fd9821f8a0_0 .net *"_ivl_123", 0 0, L_000001fd98280800;  1 drivers
v000001fd98220b60_0 .net *"_ivl_126", 0 0, L_000001fd9826f7b0;  1 drivers
v000001fd98220de0_0 .net *"_ivl_128", 0 0, L_000001fd9826fc10;  1 drivers
v000001fd9821fc60_0 .net *"_ivl_130", 0 0, L_000001fd9826fcb0;  1 drivers
v000001fd98220e80_0 .net *"_ivl_132", 0 0, L_000001fd982812f0;  1 drivers
v000001fd9821f3a0_0 .net *"_ivl_135", 0 0, L_000001fd98272230;  1 drivers
v000001fd9821f080_0 .net *"_ivl_137", 0 0, L_000001fd982716f0;  1 drivers
v000001fd982205c0_0 .net *"_ivl_139", 0 0, L_000001fd98271790;  1 drivers
v000001fd9821f940_0 .net *"_ivl_141", 0 0, L_000001fd982810c0;  1 drivers
v000001fd98221740_0 .net *"_ivl_145", 0 0, L_000001fd98271e70;  1 drivers
v000001fd98220480_0 .net *"_ivl_147", 0 0, L_000001fd982715b0;  1 drivers
v000001fd98221240_0 .net *"_ivl_149", 0 0, L_000001fd98271650;  1 drivers
v000001fd9821f120_0 .net *"_ivl_15", 0 0, L_000001fd98270610;  1 drivers
v000001fd98221380_0 .net *"_ivl_151", 0 0, L_000001fd98280790;  1 drivers
v000001fd98221420_0 .net *"_ivl_154", 0 0, L_000001fd98271470;  1 drivers
v000001fd98221560_0 .net *"_ivl_156", 0 0, L_000001fd98271b50;  1 drivers
v000001fd9821fa80_0 .net *"_ivl_158", 0 0, L_000001fd98271830;  1 drivers
v000001fd98220660_0 .net *"_ivl_160", 0 0, L_000001fd982718d0;  1 drivers
v000001fd98220f20_0 .net *"_ivl_162", 0 0, L_000001fd98281ad0;  1 drivers
v000001fd98221600_0 .net *"_ivl_165", 0 0, L_000001fd98271c90;  1 drivers
v000001fd9821f1c0_0 .net *"_ivl_167", 0 0, L_000001fd98271a10;  1 drivers
v000001fd9821f260_0 .net *"_ivl_169", 0 0, L_000001fd98271dd0;  1 drivers
v000001fd982202a0_0 .net *"_ivl_17", 0 0, L_000001fd9827ffb0;  1 drivers
v000001fd982203e0_0 .net *"_ivl_171", 0 0, L_000001fd98271d30;  1 drivers
v000001fd9821fb20_0 .net *"_ivl_173", 0 0, L_000001fd98280950;  1 drivers
v000001fd9821f300_0 .net *"_ivl_176", 0 0, L_000001fd982720f0;  1 drivers
v000001fd982208e0_0 .net *"_ivl_178", 0 0, L_000001fd98271f10;  1 drivers
v000001fd98220520_0 .net *"_ivl_180", 0 0, L_000001fd98271fb0;  1 drivers
v000001fd98220700_0 .net *"_ivl_182", 0 0, L_000001fd98271970;  1 drivers
v000001fd982207a0_0 .net *"_ivl_184", 0 0, L_000001fd98280720;  1 drivers
v000001fd98220840_0 .net *"_ivl_187", 0 0, L_000001fd982722d0;  1 drivers
v000001fd98223220_0 .net *"_ivl_189", 0 0, L_000001fd98271ab0;  1 drivers
v000001fd98223680_0 .net *"_ivl_191", 0 0, L_000001fd98272050;  1 drivers
v000001fd98222d20_0 .net *"_ivl_193", 0 0, L_000001fd98272190;  1 drivers
v000001fd98222b40_0 .net *"_ivl_195", 0 0, L_000001fd982803a0;  1 drivers
v000001fd98221f60_0 .net *"_ivl_199", 0 0, L_000001fd98287ab0;  1 drivers
v000001fd98221e20_0 .net *"_ivl_2", 0 0, L_000001fd9826fdf0;  1 drivers
v000001fd98222f00_0 .net *"_ivl_20", 0 0, L_000001fd9826f170;  1 drivers
v000001fd98222500_0 .net *"_ivl_201", 0 0, L_000001fd98287f10;  1 drivers
v000001fd98221a60_0 .net *"_ivl_203", 0 0, L_000001fd98289810;  1 drivers
v000001fd982232c0_0 .net *"_ivl_205", 0 0, L_000001fd98287fb0;  1 drivers
v000001fd98222820_0 .net *"_ivl_22", 0 0, L_000001fd98280100;  1 drivers
v000001fd98223400_0 .net *"_ivl_25", 0 0, L_000001fd9826f210;  1 drivers
v000001fd982217e0_0 .net *"_ivl_27", 0 0, L_000001fd98281280;  1 drivers
v000001fd982234a0_0 .net *"_ivl_31", 0 0, L_000001fd98271150;  1 drivers
v000001fd98223540_0 .net *"_ivl_33", 0 0, L_000001fd982819f0;  1 drivers
v000001fd982235e0_0 .net *"_ivl_36", 0 0, L_000001fd982713d0;  1 drivers
v000001fd98223e00_0 .net *"_ivl_38", 0 0, L_000001fd9826fd50;  1 drivers
v000001fd98223c20_0 .net *"_ivl_40", 0 0, L_000001fd98280db0;  1 drivers
v000001fd98221b00_0 .net *"_ivl_43", 0 0, L_000001fd9826ec70;  1 drivers
v000001fd98221880_0 .net *"_ivl_45", 0 0, L_000001fd9826ff30;  1 drivers
v000001fd98223ea0_0 .net *"_ivl_47", 0 0, L_000001fd98281980;  1 drivers
v000001fd98223720_0 .net *"_ivl_5", 0 0, L_000001fd982704d0;  1 drivers
v000001fd982221e0_0 .net *"_ivl_50", 0 0, L_000001fd98271010;  1 drivers
v000001fd98222be0_0 .net *"_ivl_52", 0 0, L_000001fd98270750;  1 drivers
v000001fd98223cc0_0 .net *"_ivl_54", 0 0, L_000001fd98280870;  1 drivers
v000001fd98222000_0 .net *"_ivl_57", 0 0, L_000001fd9826f2b0;  1 drivers
v000001fd98222780_0 .net *"_ivl_59", 0 0, L_000001fd9826fa30;  1 drivers
v000001fd98221ec0_0 .net *"_ivl_61", 0 0, L_000001fd98281a60;  1 drivers
v000001fd982220a0_0 .net *"_ivl_65", 0 0, L_000001fd98270c50;  1 drivers
v000001fd982225a0_0 .net *"_ivl_67", 0 0, L_000001fd98270bb0;  1 drivers
v000001fd982228c0_0 .net *"_ivl_69", 0 0, L_000001fd982817c0;  1 drivers
v000001fd98221c40_0 .net *"_ivl_7", 0 0, L_000001fd9827eea0;  1 drivers
v000001fd98222960_0 .net *"_ivl_72", 0 0, L_000001fd9826edb0;  1 drivers
v000001fd98222a00_0 .net *"_ivl_74", 0 0, L_000001fd98270ed0;  1 drivers
v000001fd98222aa0_0 .net *"_ivl_76", 0 0, L_000001fd982806b0;  1 drivers
v000001fd98221920_0 .net *"_ivl_79", 0 0, L_000001fd9826fe90;  1 drivers
v000001fd982237c0_0 .net *"_ivl_81", 0 0, L_000001fd982711f0;  1 drivers
v000001fd98222140_0 .net *"_ivl_83", 0 0, L_000001fd982816e0;  1 drivers
v000001fd98222280_0 .net *"_ivl_86", 0 0, L_000001fd98270a70;  1 drivers
v000001fd98222320_0 .net *"_ivl_88", 0 0, L_000001fd9826f350;  1 drivers
v000001fd98223d60_0 .net *"_ivl_90", 0 0, L_000001fd98280410;  1 drivers
v000001fd98222e60_0 .net *"_ivl_93", 0 0, L_000001fd98270cf0;  1 drivers
v000001fd98223860_0 .net *"_ivl_95", 0 0, L_000001fd9826f3f0;  1 drivers
v000001fd98223360_0 .net *"_ivl_97", 0 0, L_000001fd98280cd0;  1 drivers
v000001fd98223900_0 .net "nA", 4 0, L_000001fd982706b0;  1 drivers
v000001fd982239a0_0 .net "nB", 4 0, L_000001fd982707f0;  1 drivers
v000001fd98222640_0 .net "nC", 4 0, L_000001fd9826f530;  1 drivers
v000001fd98222c80_0 .net "nD", 4 0, L_000001fd98271bf0;  1 drivers
v000001fd982223c0_0 .net "ns0", 0 0, L_000001fd982801e0;  1 drivers
v000001fd98223a40_0 .net "ns1", 0 0, L_000001fd9827e880;  1 drivers
v000001fd98223ae0_0 .net "sel", 1 0, v000001fd9821cf70_0;  alias, 1 drivers
L_000001fd9826fdf0 .part v000001fd9821cf70_0, 0, 1;
L_000001fd982704d0 .part v000001fd9821cf70_0, 1, 1;
L_000001fd98270570 .part L_000001fd982a03a0, 0, 1;
L_000001fd98270610 .part L_000001fd982a03a0, 1, 1;
L_000001fd9826f170 .part L_000001fd982a03a0, 2, 1;
L_000001fd9826f210 .part L_000001fd982a03a0, 3, 1;
LS_000001fd982706b0_0_0 .concat8 [ 1 1 1 1], L_000001fd9827eea0, L_000001fd9827fdf0, L_000001fd9827ffb0, L_000001fd98280100;
LS_000001fd982706b0_0_4 .concat8 [ 1 0 0 0], L_000001fd98281280;
L_000001fd982706b0 .concat8 [ 4 1 0 0], LS_000001fd982706b0_0_0, LS_000001fd982706b0_0_4;
L_000001fd98271150 .part L_000001fd982a03a0, 4, 1;
L_000001fd982713d0 .part v000001fd98253bc0_0, 0, 1;
L_000001fd9826fd50 .part v000001fd9821cf70_0, 0, 1;
L_000001fd9826ec70 .part v000001fd98253bc0_0, 1, 1;
L_000001fd9826ff30 .part v000001fd9821cf70_0, 0, 1;
L_000001fd98271010 .part v000001fd98253bc0_0, 2, 1;
L_000001fd98270750 .part v000001fd9821cf70_0, 0, 1;
L_000001fd9826f2b0 .part v000001fd98253bc0_0, 3, 1;
L_000001fd9826fa30 .part v000001fd9821cf70_0, 0, 1;
LS_000001fd982707f0_0_0 .concat8 [ 1 1 1 1], L_000001fd982819f0, L_000001fd98280db0, L_000001fd98281980, L_000001fd98280870;
LS_000001fd982707f0_0_4 .concat8 [ 1 0 0 0], L_000001fd98281a60;
L_000001fd982707f0 .concat8 [ 4 1 0 0], LS_000001fd982707f0_0_0, LS_000001fd982707f0_0_4;
L_000001fd98270c50 .part v000001fd98253bc0_0, 4, 1;
L_000001fd98270bb0 .part v000001fd9821cf70_0, 0, 1;
L_000001fd9826edb0 .part v000001fd98253bc0_0, 0, 1;
L_000001fd98270ed0 .part v000001fd9821cf70_0, 1, 1;
L_000001fd9826fe90 .part v000001fd98253bc0_0, 1, 1;
L_000001fd982711f0 .part v000001fd9821cf70_0, 1, 1;
L_000001fd98270a70 .part v000001fd98253bc0_0, 2, 1;
L_000001fd9826f350 .part v000001fd9821cf70_0, 1, 1;
L_000001fd98270cf0 .part v000001fd98253bc0_0, 3, 1;
L_000001fd9826f3f0 .part v000001fd9821cf70_0, 1, 1;
LS_000001fd9826f530_0_0 .concat8 [ 1 1 1 1], L_000001fd982817c0, L_000001fd982806b0, L_000001fd982816e0, L_000001fd98280410;
LS_000001fd9826f530_0_4 .concat8 [ 1 0 0 0], L_000001fd98280cd0;
L_000001fd9826f530 .concat8 [ 4 1 0 0], LS_000001fd9826f530_0_0, LS_000001fd9826f530_0_4;
L_000001fd9826f990 .part v000001fd98253bc0_0, 4, 1;
L_000001fd98270e30 .part v000001fd9821cf70_0, 1, 1;
L_000001fd9826eef0 .part L_000001fd982a03e8, 0, 1;
L_000001fd9826f5d0 .part v000001fd9821cf70_0, 1, 1;
L_000001fd9826f670 .part v000001fd9821cf70_0, 0, 1;
L_000001fd9826ee50 .part L_000001fd982a03e8, 1, 1;
L_000001fd9826fad0 .part v000001fd9821cf70_0, 1, 1;
L_000001fd9826f850 .part v000001fd9821cf70_0, 0, 1;
L_000001fd9826f7b0 .part L_000001fd982a03e8, 2, 1;
L_000001fd9826fc10 .part v000001fd9821cf70_0, 1, 1;
L_000001fd9826fcb0 .part v000001fd9821cf70_0, 0, 1;
L_000001fd98272230 .part L_000001fd982a03e8, 3, 1;
L_000001fd982716f0 .part v000001fd9821cf70_0, 1, 1;
L_000001fd98271790 .part v000001fd9821cf70_0, 0, 1;
LS_000001fd98271bf0_0_0 .concat8 [ 1 1 1 1], L_000001fd98280560, L_000001fd98280b80, L_000001fd98280800, L_000001fd982812f0;
LS_000001fd98271bf0_0_4 .concat8 [ 1 0 0 0], L_000001fd982810c0;
L_000001fd98271bf0 .concat8 [ 4 1 0 0], LS_000001fd98271bf0_0_0, LS_000001fd98271bf0_0_4;
L_000001fd98271e70 .part L_000001fd982a03e8, 4, 1;
L_000001fd982715b0 .part v000001fd9821cf70_0, 1, 1;
L_000001fd98271650 .part v000001fd9821cf70_0, 0, 1;
L_000001fd98271470 .part L_000001fd982706b0, 0, 1;
L_000001fd98271b50 .part L_000001fd982707f0, 0, 1;
L_000001fd98271830 .part L_000001fd9826f530, 0, 1;
L_000001fd982718d0 .part L_000001fd98271bf0, 0, 1;
L_000001fd98271c90 .part L_000001fd982706b0, 1, 1;
L_000001fd98271a10 .part L_000001fd982707f0, 1, 1;
L_000001fd98271dd0 .part L_000001fd9826f530, 1, 1;
L_000001fd98271d30 .part L_000001fd98271bf0, 1, 1;
L_000001fd982720f0 .part L_000001fd982706b0, 2, 1;
L_000001fd98271f10 .part L_000001fd982707f0, 2, 1;
L_000001fd98271fb0 .part L_000001fd9826f530, 2, 1;
L_000001fd98271970 .part L_000001fd98271bf0, 2, 1;
L_000001fd982722d0 .part L_000001fd982706b0, 3, 1;
L_000001fd98271ab0 .part L_000001fd982707f0, 3, 1;
L_000001fd98272050 .part L_000001fd9826f530, 3, 1;
L_000001fd98272190 .part L_000001fd98271bf0, 3, 1;
LS_000001fd98271510_0_0 .concat8 [ 1 1 1 1], L_000001fd98280790, L_000001fd98281ad0, L_000001fd98280950, L_000001fd98280720;
LS_000001fd98271510_0_4 .concat8 [ 1 0 0 0], L_000001fd982803a0;
L_000001fd98271510 .concat8 [ 4 1 0 0], LS_000001fd98271510_0_0, LS_000001fd98271510_0_4;
L_000001fd98287ab0 .part L_000001fd982706b0, 4, 1;
L_000001fd98287f10 .part L_000001fd982707f0, 4, 1;
L_000001fd98289810 .part L_000001fd9826f530, 4, 1;
L_000001fd98287fb0 .part L_000001fd98271bf0, 4, 1;
S_000001fd98087370 .scope module, "MUX_2_MAXA" "mux2to1_4bit" 3 917, 3 1046 0, S_000001fd980550a0;
 .timescale -9 -12;
    .port_info 0 /INPUT 4 "A";
    .port_info 1 /INPUT 4 "B";
    .port_info 2 /INPUT 1 "sel";
    .port_info 3 /OUTPUT 4 "Y";
L_000001fd98273950 .functor NOT 1, L_000001fd98281210, C4<0>, C4<0>, C4<0>;
L_000001fd98273410 .functor AND 1, L_000001fd98269950, L_000001fd98273950, C4<1>, C4<1>;
L_000001fd98273f00 .functor AND 1, L_000001fd982675b0, L_000001fd98273950, C4<1>, C4<1>;
L_000001fd98273bf0 .functor AND 1, L_000001fd982699f0, L_000001fd98273950, C4<1>, C4<1>;
L_000001fd982736b0 .functor AND 1, L_000001fd98267a10, L_000001fd98273950, C4<1>, C4<1>;
L_000001fd98273d40 .functor AND 1, L_000001fd98269b30, L_000001fd98281210, C4<1>, C4<1>;
L_000001fd98273870 .functor AND 1, L_000001fd98269bd0, L_000001fd98281210, C4<1>, C4<1>;
L_000001fd98273330 .functor AND 1, L_000001fd98267470, L_000001fd98281210, C4<1>, C4<1>;
L_000001fd98273480 .functor AND 1, L_000001fd98267650, L_000001fd98281210, C4<1>, C4<1>;
L_000001fd982732c0 .functor OR 1, L_000001fd982676f0, L_000001fd98267790, C4<0>, C4<0>;
L_000001fd98272b50 .functor OR 1, L_000001fd98267830, L_000001fd98267ab0, C4<0>, C4<0>;
L_000001fd98272fb0 .functor OR 1, L_000001fd98267b50, L_000001fd98267dd0, C4<0>, C4<0>;
L_000001fd98272ae0 .functor OR 1, L_000001fd98267fb0, L_000001fd98268190, C4<0>, C4<0>;
v000001fd98222dc0_0 .net "A", 3 0, L_000001fd982696d0;  alias, 1 drivers
v000001fd98223b80_0 .net "B", 3 0, v000001fd98253440_0;  alias, 1 drivers
v000001fd98222460_0 .net "Y", 3 0, L_000001fd98267f10;  alias, 1 drivers
v000001fd982219c0_0 .net *"_ivl_10", 0 0, L_000001fd982675b0;  1 drivers
v000001fd98223f40_0 .net *"_ivl_12", 0 0, L_000001fd98273bf0;  1 drivers
v000001fd982226e0_0 .net *"_ivl_15", 0 0, L_000001fd982699f0;  1 drivers
v000001fd98222fa0_0 .net *"_ivl_17", 0 0, L_000001fd982736b0;  1 drivers
v000001fd98223040_0 .net *"_ivl_2", 0 0, L_000001fd98273410;  1 drivers
v000001fd98221ba0_0 .net *"_ivl_21", 0 0, L_000001fd98267a10;  1 drivers
v000001fd982230e0_0 .net *"_ivl_23", 0 0, L_000001fd98273d40;  1 drivers
v000001fd98223180_0 .net *"_ivl_26", 0 0, L_000001fd98269b30;  1 drivers
v000001fd98221ce0_0 .net *"_ivl_28", 0 0, L_000001fd98273870;  1 drivers
v000001fd98221d80_0 .net *"_ivl_31", 0 0, L_000001fd98269bd0;  1 drivers
v000001fd98224ee0_0 .net *"_ivl_33", 0 0, L_000001fd98273330;  1 drivers
v000001fd98225160_0 .net *"_ivl_36", 0 0, L_000001fd98267470;  1 drivers
v000001fd982244e0_0 .net *"_ivl_38", 0 0, L_000001fd98273480;  1 drivers
v000001fd98224300_0 .net *"_ivl_42", 0 0, L_000001fd98267650;  1 drivers
v000001fd98225020_0 .net *"_ivl_44", 0 0, L_000001fd982732c0;  1 drivers
v000001fd98225200_0 .net *"_ivl_47", 0 0, L_000001fd982676f0;  1 drivers
v000001fd982252a0_0 .net *"_ivl_49", 0 0, L_000001fd98267790;  1 drivers
v000001fd982241c0_0 .net *"_ivl_5", 0 0, L_000001fd98269950;  1 drivers
v000001fd98225a20_0 .net *"_ivl_51", 0 0, L_000001fd98272b50;  1 drivers
v000001fd98224580_0 .net *"_ivl_54", 0 0, L_000001fd98267830;  1 drivers
v000001fd98225520_0 .net *"_ivl_56", 0 0, L_000001fd98267ab0;  1 drivers
v000001fd98224620_0 .net *"_ivl_58", 0 0, L_000001fd98272fb0;  1 drivers
v000001fd98225b60_0 .net *"_ivl_61", 0 0, L_000001fd98267b50;  1 drivers
v000001fd98225340_0 .net *"_ivl_63", 0 0, L_000001fd98267dd0;  1 drivers
v000001fd98226060_0 .net *"_ivl_65", 0 0, L_000001fd98272ae0;  1 drivers
v000001fd98224d00_0 .net *"_ivl_69", 0 0, L_000001fd98267fb0;  1 drivers
v000001fd982243a0_0 .net *"_ivl_7", 0 0, L_000001fd98273f00;  1 drivers
v000001fd982261a0_0 .net *"_ivl_71", 0 0, L_000001fd98268190;  1 drivers
v000001fd98226600_0 .net "and_A", 3 0, L_000001fd98269a90;  1 drivers
v000001fd982253e0_0 .net "and_B", 3 0, L_000001fd98267510;  1 drivers
v000001fd98226100_0 .net "sel", 0 0, L_000001fd98281210;  alias, 1 drivers
v000001fd98225e80_0 .net "sel_n", 0 0, L_000001fd98273950;  1 drivers
L_000001fd98269950 .part L_000001fd982696d0, 0, 1;
L_000001fd982675b0 .part L_000001fd982696d0, 1, 1;
L_000001fd982699f0 .part L_000001fd982696d0, 2, 1;
L_000001fd98269a90 .concat8 [ 1 1 1 1], L_000001fd98273410, L_000001fd98273f00, L_000001fd98273bf0, L_000001fd982736b0;
L_000001fd98267a10 .part L_000001fd982696d0, 3, 1;
L_000001fd98269b30 .part v000001fd98253440_0, 0, 1;
L_000001fd98269bd0 .part v000001fd98253440_0, 1, 1;
L_000001fd98267470 .part v000001fd98253440_0, 2, 1;
L_000001fd98267510 .concat8 [ 1 1 1 1], L_000001fd98273d40, L_000001fd98273870, L_000001fd98273330, L_000001fd98273480;
L_000001fd98267650 .part v000001fd98253440_0, 3, 1;
L_000001fd982676f0 .part L_000001fd98269a90, 0, 1;
L_000001fd98267790 .part L_000001fd98267510, 0, 1;
L_000001fd98267830 .part L_000001fd98269a90, 1, 1;
L_000001fd98267ab0 .part L_000001fd98267510, 1, 1;
L_000001fd98267b50 .part L_000001fd98269a90, 2, 1;
L_000001fd98267dd0 .part L_000001fd98267510, 2, 1;
L_000001fd98267f10 .concat8 [ 1 1 1 1], L_000001fd982732c0, L_000001fd98272b50, L_000001fd98272fb0, L_000001fd98272ae0;
L_000001fd98267fb0 .part L_000001fd98269a90, 3, 1;
L_000001fd98268190 .part L_000001fd98267510, 3, 1;
S_000001fd9802d190 .scope module, "MUX_2_MAXV" "mux2to1_5bit" 3 918, 3 1078 0, S_000001fd980550a0;
 .timescale -9 -12;
    .port_info 0 /INPUT 5 "A";
    .port_info 1 /INPUT 5 "B";
    .port_info 2 /INPUT 1 "sel";
    .port_info 3 /OUTPUT 5 "Y";
L_000001fd98273020 .functor NOT 1, L_000001fd98281210, C4<0>, C4<0>, C4<0>;
L_000001fd98272bc0 .functor AND 1, L_000001fd982680f0, L_000001fd98273020, C4<1>, C4<1>;
L_000001fd98273790 .functor AND 1, L_000001fd9826bd90, L_000001fd98273020, C4<1>, C4<1>;
L_000001fd982739c0 .functor AND 1, L_000001fd9826b9d0, L_000001fd98273020, C4<1>, C4<1>;
L_000001fd98273170 .functor AND 1, L_000001fd9826a7b0, L_000001fd98273020, C4<1>, C4<1>;
L_000001fd982734f0 .functor AND 1, L_000001fd9826acb0, L_000001fd98273020, C4<1>, C4<1>;
L_000001fd98273aa0 .functor AND 1, L_000001fd9826a710, L_000001fd98281210, C4<1>, C4<1>;
L_000001fd98272530 .functor AND 1, L_000001fd9826b890, L_000001fd98281210, C4<1>, C4<1>;
L_000001fd982735d0 .functor AND 1, L_000001fd9826a990, L_000001fd98281210, C4<1>, C4<1>;
L_000001fd98272610 .functor AND 1, L_000001fd9826bcf0, L_000001fd98281210, C4<1>, C4<1>;
L_000001fd98273db0 .functor AND 1, L_000001fd9826c290, L_000001fd98281210, C4<1>, C4<1>;
L_000001fd98273e20 .functor OR 1, L_000001fd98269d10, L_000001fd9826a490, C4<0>, C4<0>;
L_000001fd98273f70 .functor OR 1, L_000001fd9826b1b0, L_000001fd9826a2b0, C4<0>, C4<0>;
L_000001fd98273640 .functor OR 1, L_000001fd9826be30, L_000001fd9826aa30, C4<0>, C4<0>;
L_000001fd98273fe0 .functor OR 1, L_000001fd9826c330, L_000001fd9826b070, C4<0>, C4<0>;
L_000001fd982725a0 .functor OR 1, L_000001fd9826ba70, L_000001fd9826c1f0, C4<0>, C4<0>;
v000001fd98224da0_0 .net "A", 4 0, v000001fd98253bc0_0;  alias, 1 drivers
v000001fd98224b20_0 .net "B", 4 0, v000001fd98252ae0_0;  alias, 1 drivers
v000001fd982246c0_0 .net "Y", 4 0, L_000001fd9826bb10;  alias, 1 drivers
v000001fd98225980_0 .net *"_ivl_10", 0 0, L_000001fd9826bd90;  1 drivers
v000001fd982266a0_0 .net *"_ivl_12", 0 0, L_000001fd982739c0;  1 drivers
v000001fd982255c0_0 .net *"_ivl_15", 0 0, L_000001fd9826b9d0;  1 drivers
v000001fd98224760_0 .net *"_ivl_17", 0 0, L_000001fd98273170;  1 drivers
v000001fd98223fe0_0 .net *"_ivl_2", 0 0, L_000001fd98272bc0;  1 drivers
v000001fd98225d40_0 .net *"_ivl_20", 0 0, L_000001fd9826a7b0;  1 drivers
v000001fd98225de0_0 .net *"_ivl_22", 0 0, L_000001fd982734f0;  1 drivers
v000001fd98225660_0 .net *"_ivl_26", 0 0, L_000001fd9826acb0;  1 drivers
v000001fd98224080_0 .net *"_ivl_28", 0 0, L_000001fd98273aa0;  1 drivers
v000001fd98226380_0 .net *"_ivl_31", 0 0, L_000001fd9826a710;  1 drivers
v000001fd982248a0_0 .net *"_ivl_33", 0 0, L_000001fd98272530;  1 drivers
v000001fd98224800_0 .net *"_ivl_36", 0 0, L_000001fd9826b890;  1 drivers
v000001fd982258e0_0 .net *"_ivl_38", 0 0, L_000001fd982735d0;  1 drivers
v000001fd982262e0_0 .net *"_ivl_41", 0 0, L_000001fd9826a990;  1 drivers
v000001fd98225fc0_0 .net *"_ivl_43", 0 0, L_000001fd98272610;  1 drivers
v000001fd98225ac0_0 .net *"_ivl_46", 0 0, L_000001fd9826bcf0;  1 drivers
v000001fd98224940_0 .net *"_ivl_48", 0 0, L_000001fd98273db0;  1 drivers
v000001fd98225f20_0 .net *"_ivl_5", 0 0, L_000001fd982680f0;  1 drivers
v000001fd982257a0_0 .net *"_ivl_52", 0 0, L_000001fd9826c290;  1 drivers
v000001fd98224120_0 .net *"_ivl_54", 0 0, L_000001fd98273e20;  1 drivers
v000001fd982250c0_0 .net *"_ivl_57", 0 0, L_000001fd98269d10;  1 drivers
v000001fd98226420_0 .net *"_ivl_59", 0 0, L_000001fd9826a490;  1 drivers
v000001fd98224bc0_0 .net *"_ivl_61", 0 0, L_000001fd98273f70;  1 drivers
v000001fd98225840_0 .net *"_ivl_64", 0 0, L_000001fd9826b1b0;  1 drivers
v000001fd98225700_0 .net *"_ivl_66", 0 0, L_000001fd9826a2b0;  1 drivers
v000001fd98224e40_0 .net *"_ivl_68", 0 0, L_000001fd98273640;  1 drivers
v000001fd98224440_0 .net *"_ivl_7", 0 0, L_000001fd98273790;  1 drivers
v000001fd982264c0_0 .net *"_ivl_71", 0 0, L_000001fd9826be30;  1 drivers
v000001fd98225c00_0 .net *"_ivl_73", 0 0, L_000001fd9826aa30;  1 drivers
v000001fd98226560_0 .net *"_ivl_75", 0 0, L_000001fd98273fe0;  1 drivers
v000001fd98226240_0 .net *"_ivl_78", 0 0, L_000001fd9826c330;  1 drivers
v000001fd982249e0_0 .net *"_ivl_80", 0 0, L_000001fd9826b070;  1 drivers
v000001fd98225ca0_0 .net *"_ivl_82", 0 0, L_000001fd982725a0;  1 drivers
v000001fd98224260_0 .net *"_ivl_86", 0 0, L_000001fd9826ba70;  1 drivers
v000001fd98224f80_0 .net *"_ivl_88", 0 0, L_000001fd9826c1f0;  1 drivers
v000001fd98226740_0 .net "nA", 4 0, L_000001fd9826bed0;  1 drivers
v000001fd98224a80_0 .net "nB", 4 0, L_000001fd9826b930;  1 drivers
v000001fd98224c60_0 .net "sel", 0 0, L_000001fd98281210;  alias, 1 drivers
v000001fd98225480_0 .net "sel_n", 0 0, L_000001fd98273020;  1 drivers
L_000001fd982680f0 .part v000001fd98253bc0_0, 0, 1;
L_000001fd9826bd90 .part v000001fd98253bc0_0, 1, 1;
L_000001fd9826b9d0 .part v000001fd98253bc0_0, 2, 1;
L_000001fd9826a7b0 .part v000001fd98253bc0_0, 3, 1;
LS_000001fd9826bed0_0_0 .concat8 [ 1 1 1 1], L_000001fd98272bc0, L_000001fd98273790, L_000001fd982739c0, L_000001fd98273170;
LS_000001fd9826bed0_0_4 .concat8 [ 1 0 0 0], L_000001fd982734f0;
L_000001fd9826bed0 .concat8 [ 4 1 0 0], LS_000001fd9826bed0_0_0, LS_000001fd9826bed0_0_4;
L_000001fd9826acb0 .part v000001fd98253bc0_0, 4, 1;
L_000001fd9826a710 .part v000001fd98252ae0_0, 0, 1;
L_000001fd9826b890 .part v000001fd98252ae0_0, 1, 1;
L_000001fd9826a990 .part v000001fd98252ae0_0, 2, 1;
L_000001fd9826bcf0 .part v000001fd98252ae0_0, 3, 1;
LS_000001fd9826b930_0_0 .concat8 [ 1 1 1 1], L_000001fd98273aa0, L_000001fd98272530, L_000001fd982735d0, L_000001fd98272610;
LS_000001fd9826b930_0_4 .concat8 [ 1 0 0 0], L_000001fd98273db0;
L_000001fd9826b930 .concat8 [ 4 1 0 0], LS_000001fd9826b930_0_0, LS_000001fd9826b930_0_4;
L_000001fd9826c290 .part v000001fd98252ae0_0, 4, 1;
L_000001fd98269d10 .part L_000001fd9826bed0, 0, 1;
L_000001fd9826a490 .part L_000001fd9826b930, 0, 1;
L_000001fd9826b1b0 .part L_000001fd9826bed0, 1, 1;
L_000001fd9826a2b0 .part L_000001fd9826b930, 1, 1;
L_000001fd9826be30 .part L_000001fd9826bed0, 2, 1;
L_000001fd9826aa30 .part L_000001fd9826b930, 2, 1;
L_000001fd9826c330 .part L_000001fd9826bed0, 3, 1;
L_000001fd9826b070 .part L_000001fd9826b930, 3, 1;
LS_000001fd9826bb10_0_0 .concat8 [ 1 1 1 1], L_000001fd98273e20, L_000001fd98273f70, L_000001fd98273640, L_000001fd98273fe0;
LS_000001fd9826bb10_0_4 .concat8 [ 1 0 0 0], L_000001fd982725a0;
L_000001fd9826bb10 .concat8 [ 4 1 0 0], LS_000001fd9826bb10_0_0, LS_000001fd9826bb10_0_4;
L_000001fd9826ba70 .part L_000001fd9826bed0, 4, 1;
L_000001fd9826c1f0 .part L_000001fd9826b930, 4, 1;
S_000001fd97ff3300 .scope module, "MUX_2_MINA" "mux2to1_4bit" 3 919, 3 1046 0, S_000001fd980550a0;
 .timescale -9 -12;
    .port_info 0 /INPUT 4 "A";
    .port_info 1 /INPUT 4 "B";
    .port_info 2 /INPUT 1 "sel";
    .port_info 3 /OUTPUT 4 "Y";
L_000001fd98272680 .functor NOT 1, L_000001fd98281210, C4<0>, C4<0>, C4<0>;
L_000001fd982726f0 .functor AND 1, L_000001fd9826ab70, L_000001fd98272680, C4<1>, C4<1>;
L_000001fd98272920 .functor AND 1, L_000001fd9826a0d0, L_000001fd98272680, C4<1>, C4<1>;
L_000001fd98272760 .functor AND 1, L_000001fd9826a850, L_000001fd98272680, C4<1>, C4<1>;
L_000001fd982727d0 .functor AND 1, L_000001fd9826b6b0, L_000001fd98272680, C4<1>, C4<1>;
L_000001fd98272990 .functor AND 1, L_000001fd9826b570, L_000001fd98281210, C4<1>, C4<1>;
L_000001fd98274050 .functor AND 1, L_000001fd9826b430, L_000001fd98281210, C4<1>, C4<1>;
L_000001fd982740c0 .functor AND 1, L_000001fd9826c0b0, L_000001fd98281210, C4<1>, C4<1>;
L_000001fd98274130 .functor AND 1, L_000001fd9826a030, L_000001fd98281210, C4<1>, C4<1>;
L_000001fd98274360 .functor OR 1, L_000001fd9826bbb0, L_000001fd9826b7f0, C4<0>, C4<0>;
L_000001fd982742f0 .functor OR 1, L_000001fd9826bc50, L_000001fd9826a210, C4<0>, C4<0>;
L_000001fd982741a0 .functor OR 1, L_000001fd9826bf70, L_000001fd9826c010, C4<0>, C4<0>;
L_000001fd98274280 .functor OR 1, L_000001fd9826a670, L_000001fd98269c70, C4<0>, C4<0>;
v000001fd98226a60_0 .net "A", 3 0, v000001fd98253620_0;  alias, 1 drivers
v000001fd98226e20_0 .net "B", 3 0, L_000001fd982696d0;  alias, 1 drivers
v000001fd982269c0_0 .net "Y", 3 0, L_000001fd9826a350;  alias, 1 drivers
v000001fd98226880_0 .net *"_ivl_10", 0 0, L_000001fd9826a0d0;  1 drivers
v000001fd98226d80_0 .net *"_ivl_12", 0 0, L_000001fd98272760;  1 drivers
v000001fd98226ec0_0 .net *"_ivl_15", 0 0, L_000001fd9826a850;  1 drivers
v000001fd98226ce0_0 .net *"_ivl_17", 0 0, L_000001fd982727d0;  1 drivers
v000001fd98226b00_0 .net *"_ivl_2", 0 0, L_000001fd982726f0;  1 drivers
v000001fd98226ba0_0 .net *"_ivl_21", 0 0, L_000001fd9826b6b0;  1 drivers
v000001fd98226c40_0 .net *"_ivl_23", 0 0, L_000001fd98272990;  1 drivers
v000001fd982267e0_0 .net *"_ivl_26", 0 0, L_000001fd9826b570;  1 drivers
v000001fd98226920_0 .net *"_ivl_28", 0 0, L_000001fd98274050;  1 drivers
v000001fd98230540_0 .net *"_ivl_31", 0 0, L_000001fd9826b430;  1 drivers
v000001fd9822faa0_0 .net *"_ivl_33", 0 0, L_000001fd982740c0;  1 drivers
v000001fd982304a0_0 .net *"_ivl_36", 0 0, L_000001fd9826c0b0;  1 drivers
v000001fd9822f3c0_0 .net *"_ivl_38", 0 0, L_000001fd98274130;  1 drivers
v000001fd98230720_0 .net *"_ivl_42", 0 0, L_000001fd9826a030;  1 drivers
v000001fd982305e0_0 .net *"_ivl_44", 0 0, L_000001fd98274360;  1 drivers
v000001fd98230360_0 .net *"_ivl_47", 0 0, L_000001fd9826bbb0;  1 drivers
v000001fd9822f780_0 .net *"_ivl_49", 0 0, L_000001fd9826b7f0;  1 drivers
v000001fd9822f640_0 .net *"_ivl_5", 0 0, L_000001fd9826ab70;  1 drivers
v000001fd982307c0_0 .net *"_ivl_51", 0 0, L_000001fd982742f0;  1 drivers
v000001fd9822fd20_0 .net *"_ivl_54", 0 0, L_000001fd9826bc50;  1 drivers
v000001fd9822f280_0 .net *"_ivl_56", 0 0, L_000001fd9826a210;  1 drivers
v000001fd98230ae0_0 .net *"_ivl_58", 0 0, L_000001fd982741a0;  1 drivers
v000001fd98230040_0 .net *"_ivl_61", 0 0, L_000001fd9826bf70;  1 drivers
v000001fd98230c20_0 .net *"_ivl_63", 0 0, L_000001fd9826c010;  1 drivers
v000001fd9822f000_0 .net *"_ivl_65", 0 0, L_000001fd98274280;  1 drivers
v000001fd98230cc0_0 .net *"_ivl_69", 0 0, L_000001fd9826a670;  1 drivers
v000001fd98230d60_0 .net *"_ivl_7", 0 0, L_000001fd98272920;  1 drivers
v000001fd98230e00_0 .net *"_ivl_71", 0 0, L_000001fd98269c70;  1 drivers
v000001fd98231620_0 .net "and_A", 3 0, L_000001fd9826aad0;  1 drivers
v000001fd98231440_0 .net "and_B", 3 0, L_000001fd9826c3d0;  1 drivers
v000001fd9822f320_0 .net "sel", 0 0, L_000001fd98281210;  alias, 1 drivers
v000001fd9822f140_0 .net "sel_n", 0 0, L_000001fd98272680;  1 drivers
L_000001fd9826ab70 .part v000001fd98253620_0, 0, 1;
L_000001fd9826a0d0 .part v000001fd98253620_0, 1, 1;
L_000001fd9826a850 .part v000001fd98253620_0, 2, 1;
L_000001fd9826aad0 .concat8 [ 1 1 1 1], L_000001fd982726f0, L_000001fd98272920, L_000001fd98272760, L_000001fd982727d0;
L_000001fd9826b6b0 .part v000001fd98253620_0, 3, 1;
L_000001fd9826b570 .part L_000001fd982696d0, 0, 1;
L_000001fd9826b430 .part L_000001fd982696d0, 1, 1;
L_000001fd9826c0b0 .part L_000001fd982696d0, 2, 1;
L_000001fd9826c3d0 .concat8 [ 1 1 1 1], L_000001fd98272990, L_000001fd98274050, L_000001fd982740c0, L_000001fd98274130;
L_000001fd9826a030 .part L_000001fd982696d0, 3, 1;
L_000001fd9826bbb0 .part L_000001fd9826aad0, 0, 1;
L_000001fd9826b7f0 .part L_000001fd9826c3d0, 0, 1;
L_000001fd9826bc50 .part L_000001fd9826aad0, 1, 1;
L_000001fd9826a210 .part L_000001fd9826c3d0, 1, 1;
L_000001fd9826bf70 .part L_000001fd9826aad0, 2, 1;
L_000001fd9826c010 .part L_000001fd9826c3d0, 2, 1;
L_000001fd9826a350 .concat8 [ 1 1 1 1], L_000001fd98274360, L_000001fd982742f0, L_000001fd982741a0, L_000001fd98274280;
L_000001fd9826a670 .part L_000001fd9826aad0, 3, 1;
L_000001fd98269c70 .part L_000001fd9826c3d0, 3, 1;
S_000001fd97f96510 .scope module, "MUX_2_MINV" "mux2to1_5bit" 3 920, 3 1078 0, S_000001fd980550a0;
 .timescale -9 -12;
    .port_info 0 /INPUT 5 "A";
    .port_info 1 /INPUT 5 "B";
    .port_info 2 /INPUT 1 "sel";
    .port_info 3 /OUTPUT 5 "Y";
L_000001fd9827f5a0 .functor NOT 1, L_000001fd98281210, C4<0>, C4<0>, C4<0>;
L_000001fd98280250 .functor AND 1, L_000001fd9826ac10, L_000001fd9827f5a0, C4<1>, C4<1>;
L_000001fd9827e6c0 .functor AND 1, L_000001fd98269ef0, L_000001fd9827f5a0, C4<1>, C4<1>;
L_000001fd9827f990 .functor AND 1, L_000001fd98269db0, L_000001fd9827f5a0, C4<1>, C4<1>;
L_000001fd9827e730 .functor AND 1, L_000001fd9826a3f0, L_000001fd9827f5a0, C4<1>, C4<1>;
L_000001fd9827e8f0 .functor AND 1, L_000001fd9826b390, L_000001fd9827f5a0, C4<1>, C4<1>;
L_000001fd9827ea40 .functor AND 1, L_000001fd9826b2f0, L_000001fd98281210, C4<1>, C4<1>;
L_000001fd9827f8b0 .functor AND 1, L_000001fd98269f90, L_000001fd98281210, C4<1>, C4<1>;
L_000001fd9827f140 .functor AND 1, L_000001fd9826a170, L_000001fd98281210, C4<1>, C4<1>;
L_000001fd9827eff0 .functor AND 1, L_000001fd9826a530, L_000001fd98281210, C4<1>, C4<1>;
L_000001fd9827fc30 .functor AND 1, L_000001fd9826a5d0, L_000001fd98281210, C4<1>, C4<1>;
L_000001fd9827ef10 .functor OR 1, L_000001fd9826ad50, L_000001fd9826adf0, C4<0>, C4<0>;
L_000001fd9827f920 .functor OR 1, L_000001fd9826ae90, L_000001fd9826af30, C4<0>, C4<0>;
L_000001fd9827ef80 .functor OR 1, L_000001fd9826afd0, L_000001fd9826b110, C4<0>, C4<0>;
L_000001fd9827f4c0 .functor OR 1, L_000001fd9826b4d0, L_000001fd9826b250, C4<0>, C4<0>;
L_000001fd9827f060 .functor OR 1, L_000001fd9826c830, L_000001fd9826e1d0, C4<0>, C4<0>;
v000001fd9822fa00_0 .net "A", 4 0, v000001fd98251dc0_0;  alias, 1 drivers
v000001fd982309a0_0 .net "B", 4 0, v000001fd98253bc0_0;  alias, 1 drivers
v000001fd9822fc80_0 .net "Y", 4 0, L_000001fd9826b610;  alias, 1 drivers
v000001fd98230b80_0 .net *"_ivl_10", 0 0, L_000001fd98269ef0;  1 drivers
v000001fd98230400_0 .net *"_ivl_12", 0 0, L_000001fd9827f990;  1 drivers
v000001fd9822f6e0_0 .net *"_ivl_15", 0 0, L_000001fd98269db0;  1 drivers
v000001fd9822fdc0_0 .net *"_ivl_17", 0 0, L_000001fd9827e730;  1 drivers
v000001fd9822ffa0_0 .net *"_ivl_2", 0 0, L_000001fd98280250;  1 drivers
v000001fd9822f460_0 .net *"_ivl_20", 0 0, L_000001fd9826a3f0;  1 drivers
v000001fd982316c0_0 .net *"_ivl_22", 0 0, L_000001fd9827e8f0;  1 drivers
v000001fd98230680_0 .net *"_ivl_26", 0 0, L_000001fd9826b390;  1 drivers
v000001fd98230ea0_0 .net *"_ivl_28", 0 0, L_000001fd9827ea40;  1 drivers
v000001fd9822f820_0 .net *"_ivl_31", 0 0, L_000001fd9826b2f0;  1 drivers
v000001fd98230f40_0 .net *"_ivl_33", 0 0, L_000001fd9827f8b0;  1 drivers
v000001fd9822fe60_0 .net *"_ivl_36", 0 0, L_000001fd98269f90;  1 drivers
v000001fd98230860_0 .net *"_ivl_38", 0 0, L_000001fd9827f140;  1 drivers
v000001fd98230fe0_0 .net *"_ivl_41", 0 0, L_000001fd9826a170;  1 drivers
v000001fd9822ff00_0 .net *"_ivl_43", 0 0, L_000001fd9827eff0;  1 drivers
v000001fd98230a40_0 .net *"_ivl_46", 0 0, L_000001fd9826a530;  1 drivers
v000001fd9822fb40_0 .net *"_ivl_48", 0 0, L_000001fd9827fc30;  1 drivers
v000001fd98231080_0 .net *"_ivl_5", 0 0, L_000001fd9826ac10;  1 drivers
v000001fd98231120_0 .net *"_ivl_52", 0 0, L_000001fd9826a5d0;  1 drivers
v000001fd9822fbe0_0 .net *"_ivl_54", 0 0, L_000001fd9827ef10;  1 drivers
v000001fd982311c0_0 .net *"_ivl_57", 0 0, L_000001fd9826ad50;  1 drivers
v000001fd982302c0_0 .net *"_ivl_59", 0 0, L_000001fd9826adf0;  1 drivers
v000001fd98231260_0 .net *"_ivl_61", 0 0, L_000001fd9827f920;  1 drivers
v000001fd98230900_0 .net *"_ivl_64", 0 0, L_000001fd9826ae90;  1 drivers
v000001fd9822f0a0_0 .net *"_ivl_66", 0 0, L_000001fd9826af30;  1 drivers
v000001fd982313a0_0 .net *"_ivl_68", 0 0, L_000001fd9827ef80;  1 drivers
v000001fd9822f8c0_0 .net *"_ivl_7", 0 0, L_000001fd9827e6c0;  1 drivers
v000001fd9822f960_0 .net *"_ivl_71", 0 0, L_000001fd9826afd0;  1 drivers
v000001fd98231300_0 .net *"_ivl_73", 0 0, L_000001fd9826b110;  1 drivers
v000001fd982314e0_0 .net *"_ivl_75", 0 0, L_000001fd9827f4c0;  1 drivers
v000001fd98231580_0 .net *"_ivl_78", 0 0, L_000001fd9826b4d0;  1 drivers
v000001fd98231760_0 .net *"_ivl_80", 0 0, L_000001fd9826b250;  1 drivers
v000001fd9822f1e0_0 .net *"_ivl_82", 0 0, L_000001fd9827f060;  1 drivers
v000001fd9822f500_0 .net *"_ivl_86", 0 0, L_000001fd9826c830;  1 drivers
v000001fd9822f5a0_0 .net *"_ivl_88", 0 0, L_000001fd9826e1d0;  1 drivers
v000001fd982300e0_0 .net "nA", 4 0, L_000001fd98269e50;  1 drivers
v000001fd98230180_0 .net "nB", 4 0, L_000001fd9826b750;  1 drivers
v000001fd98230220_0 .net "sel", 0 0, L_000001fd98281210;  alias, 1 drivers
v000001fd98231d00_0 .net "sel_n", 0 0, L_000001fd9827f5a0;  1 drivers
L_000001fd9826ac10 .part v000001fd98251dc0_0, 0, 1;
L_000001fd98269ef0 .part v000001fd98251dc0_0, 1, 1;
L_000001fd98269db0 .part v000001fd98251dc0_0, 2, 1;
L_000001fd9826a3f0 .part v000001fd98251dc0_0, 3, 1;
LS_000001fd98269e50_0_0 .concat8 [ 1 1 1 1], L_000001fd98280250, L_000001fd9827e6c0, L_000001fd9827f990, L_000001fd9827e730;
LS_000001fd98269e50_0_4 .concat8 [ 1 0 0 0], L_000001fd9827e8f0;
L_000001fd98269e50 .concat8 [ 4 1 0 0], LS_000001fd98269e50_0_0, LS_000001fd98269e50_0_4;
L_000001fd9826b390 .part v000001fd98251dc0_0, 4, 1;
L_000001fd9826b2f0 .part v000001fd98253bc0_0, 0, 1;
L_000001fd98269f90 .part v000001fd98253bc0_0, 1, 1;
L_000001fd9826a170 .part v000001fd98253bc0_0, 2, 1;
L_000001fd9826a530 .part v000001fd98253bc0_0, 3, 1;
LS_000001fd9826b750_0_0 .concat8 [ 1 1 1 1], L_000001fd9827ea40, L_000001fd9827f8b0, L_000001fd9827f140, L_000001fd9827eff0;
LS_000001fd9826b750_0_4 .concat8 [ 1 0 0 0], L_000001fd9827fc30;
L_000001fd9826b750 .concat8 [ 4 1 0 0], LS_000001fd9826b750_0_0, LS_000001fd9826b750_0_4;
L_000001fd9826a5d0 .part v000001fd98253bc0_0, 4, 1;
L_000001fd9826ad50 .part L_000001fd98269e50, 0, 1;
L_000001fd9826adf0 .part L_000001fd9826b750, 0, 1;
L_000001fd9826ae90 .part L_000001fd98269e50, 1, 1;
L_000001fd9826af30 .part L_000001fd9826b750, 1, 1;
L_000001fd9826afd0 .part L_000001fd98269e50, 2, 1;
L_000001fd9826b110 .part L_000001fd9826b750, 2, 1;
L_000001fd9826b4d0 .part L_000001fd98269e50, 3, 1;
L_000001fd9826b250 .part L_000001fd9826b750, 3, 1;
LS_000001fd9826b610_0_0 .concat8 [ 1 1 1 1], L_000001fd9827ef10, L_000001fd9827f920, L_000001fd9827ef80, L_000001fd9827f4c0;
LS_000001fd9826b610_0_4 .concat8 [ 1 0 0 0], L_000001fd9827f060;
L_000001fd9826b610 .concat8 [ 4 1 0 0], LS_000001fd9826b610_0_0, LS_000001fd9826b610_0_4;
L_000001fd9826c830 .part L_000001fd98269e50, 4, 1;
L_000001fd9826e1d0 .part L_000001fd9826b750, 4, 1;
S_000001fd981c09b0 .scope module, "MUX_ADDER" "mux2to1_4bit" 3 922, 3 1046 0, S_000001fd980550a0;
 .timescale -9 -12;
    .port_info 0 /INPUT 4 "A";
    .port_info 1 /INPUT 4 "B";
    .port_info 2 /INPUT 1 "sel";
    .port_info 3 /OUTPUT 4 "Y";
L_000001fd9827f0d0 .functor NOT 1, v000001fd9821c750_0, C4<0>, C4<0>, C4<0>;
L_000001fd9827eb90 .functor AND 1, L_000001fd9826e3b0, L_000001fd9827f0d0, C4<1>, C4<1>;
L_000001fd9827fe60 .functor AND 1, L_000001fd9826da50, L_000001fd9827f0d0, C4<1>, C4<1>;
L_000001fd9827f300 .functor AND 1, L_000001fd9826e450, L_000001fd9827f0d0, C4<1>, C4<1>;
L_000001fd9827f1b0 .functor AND 1, L_000001fd9826cb50, L_000001fd9827f0d0, C4<1>, C4<1>;
L_000001fd9827fa00 .functor AND 1, L_000001fd9826cfb0, v000001fd9821c750_0, C4<1>, C4<1>;
L_000001fd9827f760 .functor AND 1, L_000001fd9826d190, v000001fd9821c750_0, C4<1>, C4<1>;
L_000001fd9827f220 .functor AND 1, L_000001fd9826c970, v000001fd9821c750_0, C4<1>, C4<1>;
L_000001fd9827fca0 .functor AND 1, L_000001fd9826daf0, v000001fd9821c750_0, C4<1>, C4<1>;
L_000001fd9827e960 .functor OR 1, L_000001fd9826dff0, L_000001fd9826cab0, C4<0>, C4<0>;
L_000001fd9827f610 .functor OR 1, L_000001fd9826e4f0, L_000001fd9826e950, C4<0>, C4<0>;
L_000001fd9827ec00 .functor OR 1, L_000001fd9826c470, L_000001fd9826cbf0, C4<0>, C4<0>;
L_000001fd9827f680 .functor OR 1, L_000001fd9826e590, L_000001fd9826db90, C4<0>, C4<0>;
v000001fd98232e80_0 .net "A", 3 0, v000001fd982533a0_0;  alias, 1 drivers
v000001fd98231e40_0 .net "B", 3 0, v000001fd98251fa0_0;  alias, 1 drivers
v000001fd982327a0_0 .net "Y", 3 0, L_000001fd9826d230;  alias, 1 drivers
v000001fd982339c0_0 .net *"_ivl_10", 0 0, L_000001fd9826da50;  1 drivers
v000001fd98233e20_0 .net *"_ivl_12", 0 0, L_000001fd9827f300;  1 drivers
v000001fd98232840_0 .net *"_ivl_15", 0 0, L_000001fd9826e450;  1 drivers
v000001fd98232980_0 .net *"_ivl_17", 0 0, L_000001fd9827f1b0;  1 drivers
v000001fd98231800_0 .net *"_ivl_2", 0 0, L_000001fd9827eb90;  1 drivers
v000001fd982336a0_0 .net *"_ivl_21", 0 0, L_000001fd9826cb50;  1 drivers
v000001fd98232480_0 .net *"_ivl_23", 0 0, L_000001fd9827fa00;  1 drivers
v000001fd98232ca0_0 .net *"_ivl_26", 0 0, L_000001fd9826cfb0;  1 drivers
v000001fd98233600_0 .net *"_ivl_28", 0 0, L_000001fd9827f760;  1 drivers
v000001fd98231da0_0 .net *"_ivl_31", 0 0, L_000001fd9826d190;  1 drivers
v000001fd98233060_0 .net *"_ivl_33", 0 0, L_000001fd9827f220;  1 drivers
v000001fd98232a20_0 .net *"_ivl_36", 0 0, L_000001fd9826c970;  1 drivers
v000001fd98231f80_0 .net *"_ivl_38", 0 0, L_000001fd9827fca0;  1 drivers
v000001fd98232de0_0 .net *"_ivl_42", 0 0, L_000001fd9826daf0;  1 drivers
v000001fd982323e0_0 .net *"_ivl_44", 0 0, L_000001fd9827e960;  1 drivers
v000001fd982337e0_0 .net *"_ivl_47", 0 0, L_000001fd9826dff0;  1 drivers
v000001fd98232ac0_0 .net *"_ivl_49", 0 0, L_000001fd9826cab0;  1 drivers
v000001fd98233740_0 .net *"_ivl_5", 0 0, L_000001fd9826e3b0;  1 drivers
v000001fd98232f20_0 .net *"_ivl_51", 0 0, L_000001fd9827f610;  1 drivers
v000001fd982318a0_0 .net *"_ivl_54", 0 0, L_000001fd9826e4f0;  1 drivers
v000001fd98233ba0_0 .net *"_ivl_56", 0 0, L_000001fd9826e950;  1 drivers
v000001fd982320c0_0 .net *"_ivl_58", 0 0, L_000001fd9827ec00;  1 drivers
v000001fd98231ee0_0 .net *"_ivl_61", 0 0, L_000001fd9826c470;  1 drivers
v000001fd98233100_0 .net *"_ivl_63", 0 0, L_000001fd9826cbf0;  1 drivers
v000001fd98233b00_0 .net *"_ivl_65", 0 0, L_000001fd9827f680;  1 drivers
v000001fd98233920_0 .net *"_ivl_69", 0 0, L_000001fd9826e590;  1 drivers
v000001fd98232020_0 .net *"_ivl_7", 0 0, L_000001fd9827fe60;  1 drivers
v000001fd98232fc0_0 .net *"_ivl_71", 0 0, L_000001fd9826db90;  1 drivers
v000001fd982319e0_0 .net "and_A", 3 0, L_000001fd9826dd70;  1 drivers
v000001fd982325c0_0 .net "and_B", 3 0, L_000001fd9826de10;  1 drivers
v000001fd98233420_0 .net "sel", 0 0, v000001fd9821c750_0;  alias, 1 drivers
v000001fd982328e0_0 .net "sel_n", 0 0, L_000001fd9827f0d0;  1 drivers
L_000001fd9826e3b0 .part v000001fd982533a0_0, 0, 1;
L_000001fd9826da50 .part v000001fd982533a0_0, 1, 1;
L_000001fd9826e450 .part v000001fd982533a0_0, 2, 1;
L_000001fd9826dd70 .concat8 [ 1 1 1 1], L_000001fd9827eb90, L_000001fd9827fe60, L_000001fd9827f300, L_000001fd9827f1b0;
L_000001fd9826cb50 .part v000001fd982533a0_0, 3, 1;
L_000001fd9826cfb0 .part v000001fd98251fa0_0, 0, 1;
L_000001fd9826d190 .part v000001fd98251fa0_0, 1, 1;
L_000001fd9826c970 .part v000001fd98251fa0_0, 2, 1;
L_000001fd9826de10 .concat8 [ 1 1 1 1], L_000001fd9827fa00, L_000001fd9827f760, L_000001fd9827f220, L_000001fd9827fca0;
L_000001fd9826daf0 .part v000001fd98251fa0_0, 3, 1;
L_000001fd9826dff0 .part L_000001fd9826dd70, 0, 1;
L_000001fd9826cab0 .part L_000001fd9826de10, 0, 1;
L_000001fd9826e4f0 .part L_000001fd9826dd70, 1, 1;
L_000001fd9826e950 .part L_000001fd9826de10, 1, 1;
L_000001fd9826c470 .part L_000001fd9826dd70, 2, 1;
L_000001fd9826cbf0 .part L_000001fd9826de10, 2, 1;
L_000001fd9826d230 .concat8 [ 1 1 1 1], L_000001fd9827e960, L_000001fd9827f610, L_000001fd9827ec00, L_000001fd9827f680;
L_000001fd9826e590 .part L_000001fd9826dd70, 3, 1;
L_000001fd9826db90 .part L_000001fd9826de10, 3, 1;
S_000001fd981c0050 .scope module, "MUX_CNT" "mux2to1_4bit" 3 906, 3 1046 0, S_000001fd980550a0;
 .timescale -9 -12;
    .port_info 0 /INPUT 4 "A";
    .port_info 1 /INPUT 4 "B";
    .port_info 2 /INPUT 1 "sel";
    .port_info 3 /OUTPUT 4 "Y";
L_000001fd98191b80 .functor NOT 1, v000001fd9821cd90_0, C4<0>, C4<0>, C4<0>;
L_000001fd98191bf0 .functor AND 1, L_000001fd9824a660, L_000001fd98191b80, C4<1>, C4<1>;
L_000001fd98191c60 .functor AND 1, L_000001fd9824a840, L_000001fd98191b80, C4<1>, C4<1>;
L_000001fd98190a00 .functor AND 1, L_000001fd9824aac0, L_000001fd98191b80, C4<1>, C4<1>;
L_000001fd98191cd0 .functor AND 1, L_000001fd9824a160, L_000001fd98191b80, C4<1>, C4<1>;
L_000001fd981921a0 .functor AND 1, L_000001fd9824a980, v000001fd9821cd90_0, C4<1>, C4<1>;
L_000001fd98192050 .functor AND 1, L_000001fd98249d00, v000001fd9821cd90_0, C4<1>, C4<1>;
L_000001fd981920c0 .functor AND 1, L_000001fd9824b740, v000001fd9821cd90_0, C4<1>, C4<1>;
L_000001fd98192130 .functor AND 1, L_000001fd98249f80, v000001fd9821cd90_0, C4<1>, C4<1>;
L_000001fd98191e90 .functor OR 1, L_000001fd9824a2a0, L_000001fd9824aa20, C4<0>, C4<0>;
L_000001fd98191f70 .functor OR 1, L_000001fd9824b4c0, L_000001fd9824b100, C4<0>, C4<0>;
L_000001fd98191f00 .functor OR 1, L_000001fd9824b380, L_000001fd9824ab60, C4<0>, C4<0>;
L_000001fd98084fa0 .functor OR 1, L_000001fd9824b920, L_000001fd9824a7a0, C4<0>, C4<0>;
L_000001fd982a00d0 .functor BUFT 1, C4<0000>, C4<0>, C4<0>, C4<0>;
v000001fd982331a0_0 .net "A", 3 0, L_000001fd982a00d0;  1 drivers
v000001fd98233880_0 .net "B", 3 0, L_000001fd9824a020;  1 drivers
v000001fd98233ce0_0 .net "Y", 3 0, L_000001fd9824c1e0;  alias, 1 drivers
v000001fd98233c40_0 .net *"_ivl_10", 0 0, L_000001fd9824a840;  1 drivers
v000001fd98232200_0 .net *"_ivl_12", 0 0, L_000001fd98190a00;  1 drivers
v000001fd982334c0_0 .net *"_ivl_15", 0 0, L_000001fd9824aac0;  1 drivers
v000001fd98233240_0 .net *"_ivl_17", 0 0, L_000001fd98191cd0;  1 drivers
v000001fd98233a60_0 .net *"_ivl_2", 0 0, L_000001fd98191bf0;  1 drivers
v000001fd98233560_0 .net *"_ivl_21", 0 0, L_000001fd9824a160;  1 drivers
v000001fd98232520_0 .net *"_ivl_23", 0 0, L_000001fd981921a0;  1 drivers
v000001fd98233d80_0 .net *"_ivl_26", 0 0, L_000001fd9824a980;  1 drivers
v000001fd98232340_0 .net *"_ivl_28", 0 0, L_000001fd98192050;  1 drivers
v000001fd98233ec0_0 .net *"_ivl_31", 0 0, L_000001fd98249d00;  1 drivers
v000001fd98232160_0 .net *"_ivl_33", 0 0, L_000001fd981920c0;  1 drivers
v000001fd98233f60_0 .net *"_ivl_36", 0 0, L_000001fd9824b740;  1 drivers
v000001fd982332e0_0 .net *"_ivl_38", 0 0, L_000001fd98192130;  1 drivers
v000001fd98231940_0 .net *"_ivl_42", 0 0, L_000001fd98249f80;  1 drivers
v000001fd98231bc0_0 .net *"_ivl_44", 0 0, L_000001fd98191e90;  1 drivers
v000001fd98233380_0 .net *"_ivl_47", 0 0, L_000001fd9824a2a0;  1 drivers
v000001fd982322a0_0 .net *"_ivl_49", 0 0, L_000001fd9824aa20;  1 drivers
v000001fd98231a80_0 .net *"_ivl_5", 0 0, L_000001fd9824a660;  1 drivers
v000001fd98231b20_0 .net *"_ivl_51", 0 0, L_000001fd98191f70;  1 drivers
v000001fd98232660_0 .net *"_ivl_54", 0 0, L_000001fd9824b4c0;  1 drivers
v000001fd98232700_0 .net *"_ivl_56", 0 0, L_000001fd9824b100;  1 drivers
v000001fd98232d40_0 .net *"_ivl_58", 0 0, L_000001fd98191f00;  1 drivers
v000001fd98231c60_0 .net *"_ivl_61", 0 0, L_000001fd9824b380;  1 drivers
v000001fd98232b60_0 .net *"_ivl_63", 0 0, L_000001fd9824ab60;  1 drivers
v000001fd98232c00_0 .net *"_ivl_65", 0 0, L_000001fd98084fa0;  1 drivers
v000001fd98235680_0 .net *"_ivl_69", 0 0, L_000001fd9824b920;  1 drivers
v000001fd98235720_0 .net *"_ivl_7", 0 0, L_000001fd98191c60;  1 drivers
v000001fd98234640_0 .net *"_ivl_71", 0 0, L_000001fd9824a7a0;  1 drivers
v000001fd98234dc0_0 .net "and_A", 3 0, L_000001fd9824a8e0;  1 drivers
v000001fd98234fa0_0 .net "and_B", 3 0, L_000001fd9824bba0;  1 drivers
v000001fd98234460_0 .net "sel", 0 0, v000001fd9821cd90_0;  alias, 1 drivers
v000001fd98236620_0 .net "sel_n", 0 0, L_000001fd98191b80;  1 drivers
L_000001fd9824a660 .part L_000001fd982a00d0, 0, 1;
L_000001fd9824a840 .part L_000001fd982a00d0, 1, 1;
L_000001fd9824aac0 .part L_000001fd982a00d0, 2, 1;
L_000001fd9824a8e0 .concat8 [ 1 1 1 1], L_000001fd98191bf0, L_000001fd98191c60, L_000001fd98190a00, L_000001fd98191cd0;
L_000001fd9824a160 .part L_000001fd982a00d0, 3, 1;
L_000001fd9824a980 .part L_000001fd9824a020, 0, 1;
L_000001fd98249d00 .part L_000001fd9824a020, 1, 1;
L_000001fd9824b740 .part L_000001fd9824a020, 2, 1;
L_000001fd9824bba0 .concat8 [ 1 1 1 1], L_000001fd981921a0, L_000001fd98192050, L_000001fd981920c0, L_000001fd98192130;
L_000001fd98249f80 .part L_000001fd9824a020, 3, 1;
L_000001fd9824a2a0 .part L_000001fd9824a8e0, 0, 1;
L_000001fd9824aa20 .part L_000001fd9824bba0, 0, 1;
L_000001fd9824b4c0 .part L_000001fd9824a8e0, 1, 1;
L_000001fd9824b100 .part L_000001fd9824bba0, 1, 1;
L_000001fd9824b380 .part L_000001fd9824a8e0, 2, 1;
L_000001fd9824ab60 .part L_000001fd9824bba0, 2, 1;
L_000001fd9824c1e0 .concat8 [ 1 1 1 1], L_000001fd98191e90, L_000001fd98191f70, L_000001fd98191f00, L_000001fd98084fa0;
L_000001fd9824b920 .part L_000001fd9824a8e0, 3, 1;
L_000001fd9824a7a0 .part L_000001fd9824bba0, 3, 1;
S_000001fd981c0820 .scope module, "MUX_MAR" "mux4to1_4bit" 3 912, 3 1097 0, S_000001fd980550a0;
 .timescale -9 -12;
    .port_info 0 /INPUT 4 "A";
    .port_info 1 /INPUT 4 "B";
    .port_info 2 /INPUT 4 "C";
    .port_info 3 /INPUT 4 "D";
    .port_info 4 /INPUT 2 "sel";
    .port_info 5 /OUTPUT 4 "Y";
L_000001fd98261230 .functor NOT 1, L_000001fd98263e10, C4<0>, C4<0>, C4<0>;
L_000001fd98260430 .functor NOT 1, L_000001fd982639b0, C4<0>, C4<0>, C4<0>;
L_000001fd98261460 .functor AND 1, L_000001fd98263eb0, L_000001fd98260430, L_000001fd98261230, C4<1>;
L_000001fd98260c10 .functor AND 1, L_000001fd982648b0, L_000001fd98260430, L_000001fd98261230, C4<1>;
L_000001fd98261070 .functor AND 1, L_000001fd982649f0, L_000001fd98260430, L_000001fd98261230, C4<1>;
L_000001fd98261150 .functor AND 1, L_000001fd98262a10, L_000001fd98260430, L_000001fd98261230, C4<1>;
L_000001fd982611c0 .functor AND 1, L_000001fd98262470, L_000001fd98260430, L_000001fd98262510, C4<1>;
L_000001fd982612a0 .functor AND 1, L_000001fd98262650, L_000001fd98260430, L_000001fd98262790, C4<1>;
L_000001fd98261850 .functor AND 1, L_000001fd98262830, L_000001fd98260430, L_000001fd982628d0, C4<1>;
L_000001fd98261310 .functor AND 1, L_000001fd98262f10, L_000001fd98260430, L_000001fd982634b0, C4<1>;
L_000001fd98261380 .functor AND 1, L_000001fd982653f0, L_000001fd98266ed0, L_000001fd98261230, C4<1>;
L_000001fd982614d0 .functor AND 1, L_000001fd982662f0, L_000001fd98266110, L_000001fd98261230, C4<1>;
L_000001fd98261620 .functor AND 1, L_000001fd982661b0, L_000001fd98265fd0, L_000001fd98261230, C4<1>;
L_000001fd98261540 .functor AND 1, L_000001fd98264ef0, L_000001fd98266750, L_000001fd98261230, C4<1>;
L_000001fd98261bd0 .functor AND 1, L_000001fd98264c70, L_000001fd98266930, L_000001fd982652b0, C4<1>;
L_000001fd98261690 .functor AND 1, L_000001fd98264e50, L_000001fd98265cb0, L_000001fd98265df0, C4<1>;
L_000001fd98261700 .functor AND 1, L_000001fd98266430, L_000001fd982664d0, L_000001fd98266070, C4<1>;
L_000001fd98261770 .functor AND 1, L_000001fd98265d50, L_000001fd98265c10, L_000001fd98265e90, C4<1>;
L_000001fd98261930 .functor OR 1, L_000001fd98266570, L_000001fd98266b10, L_000001fd98265490, L_000001fd98266bb0;
L_000001fd982619a0 .functor OR 1, L_000001fd982671f0, L_000001fd98265a30, L_000001fd98266610, L_000001fd98264d10;
L_000001fd98261a10 .functor OR 1, L_000001fd98265210, L_000001fd98264db0, L_000001fd982669d0, L_000001fd98265f30;
L_000001fd98273c60 .functor OR 1, L_000001fd98265ad0, L_000001fd982667f0, L_000001fd98266890, L_000001fd98266a70;
v000001fd98234820_0 .net "A", 3 0, v000001fd98248680_0;  alias, 1 drivers
v000001fd98235220_0 .net "B", 3 0, v000001fd98248680_0;  alias, 1 drivers
v000001fd98234780_0 .net "C", 3 0, L_000001fd98266d90;  1 drivers
L_000001fd982a0238 .functor BUFT 1, C4<0000>, C4<0>, C4<0>, C4<0>;
v000001fd98235e00_0 .net "D", 3 0, L_000001fd982a0238;  1 drivers
v000001fd982345a0_0 .net "Y", 3 0, L_000001fd982666b0;  alias, 1 drivers
v000001fd982359a0_0 .net *"_ivl_10", 0 0, L_000001fd98263eb0;  1 drivers
v000001fd98234a00_0 .net *"_ivl_100", 0 0, L_000001fd98265cb0;  1 drivers
v000001fd98235fe0_0 .net *"_ivl_102", 0 0, L_000001fd98265df0;  1 drivers
v000001fd98236120_0 .net *"_ivl_104", 0 0, L_000001fd98261700;  1 drivers
v000001fd98234d20_0 .net *"_ivl_107", 0 0, L_000001fd98266430;  1 drivers
v000001fd98234500_0 .net *"_ivl_109", 0 0, L_000001fd982664d0;  1 drivers
v000001fd98235c20_0 .net *"_ivl_111", 0 0, L_000001fd98266070;  1 drivers
v000001fd98234e60_0 .net *"_ivl_113", 0 0, L_000001fd98261770;  1 drivers
v000001fd98234be0_0 .net *"_ivl_117", 0 0, L_000001fd98265d50;  1 drivers
v000001fd98234f00_0 .net *"_ivl_119", 0 0, L_000001fd98265c10;  1 drivers
v000001fd98235a40_0 .net *"_ivl_12", 0 0, L_000001fd98260c10;  1 drivers
v000001fd98236300_0 .net *"_ivl_121", 0 0, L_000001fd98265e90;  1 drivers
v000001fd982346e0_0 .net *"_ivl_123", 0 0, L_000001fd98261930;  1 drivers
v000001fd98235ae0_0 .net *"_ivl_126", 0 0, L_000001fd98266570;  1 drivers
v000001fd98235cc0_0 .net *"_ivl_128", 0 0, L_000001fd98266b10;  1 drivers
v000001fd98234c80_0 .net *"_ivl_130", 0 0, L_000001fd98265490;  1 drivers
v000001fd98235b80_0 .net *"_ivl_132", 0 0, L_000001fd98266bb0;  1 drivers
v000001fd982343c0_0 .net *"_ivl_134", 0 0, L_000001fd982619a0;  1 drivers
v000001fd982340a0_0 .net *"_ivl_137", 0 0, L_000001fd982671f0;  1 drivers
v000001fd982355e0_0 .net *"_ivl_139", 0 0, L_000001fd98265a30;  1 drivers
v000001fd982350e0_0 .net *"_ivl_141", 0 0, L_000001fd98266610;  1 drivers
v000001fd98235540_0 .net *"_ivl_143", 0 0, L_000001fd98264d10;  1 drivers
v000001fd98235040_0 .net *"_ivl_145", 0 0, L_000001fd98261a10;  1 drivers
v000001fd982361c0_0 .net *"_ivl_148", 0 0, L_000001fd98265210;  1 drivers
v000001fd98234140_0 .net *"_ivl_15", 0 0, L_000001fd982648b0;  1 drivers
v000001fd98236080_0 .net *"_ivl_150", 0 0, L_000001fd98264db0;  1 drivers
v000001fd98236260_0 .net *"_ivl_152", 0 0, L_000001fd982669d0;  1 drivers
v000001fd982363a0_0 .net *"_ivl_154", 0 0, L_000001fd98265f30;  1 drivers
v000001fd982348c0_0 .net *"_ivl_156", 0 0, L_000001fd98273c60;  1 drivers
v000001fd982357c0_0 .net *"_ivl_160", 0 0, L_000001fd98265ad0;  1 drivers
v000001fd98235d60_0 .net *"_ivl_162", 0 0, L_000001fd982667f0;  1 drivers
v000001fd98235ea0_0 .net *"_ivl_164", 0 0, L_000001fd98266890;  1 drivers
v000001fd98235f40_0 .net *"_ivl_166", 0 0, L_000001fd98266a70;  1 drivers
v000001fd98236440_0 .net *"_ivl_17", 0 0, L_000001fd98261070;  1 drivers
v000001fd98235180_0 .net *"_ivl_2", 0 0, L_000001fd98263e10;  1 drivers
v000001fd982352c0_0 .net *"_ivl_20", 0 0, L_000001fd982649f0;  1 drivers
v000001fd98234960_0 .net *"_ivl_22", 0 0, L_000001fd98261150;  1 drivers
v000001fd982364e0_0 .net *"_ivl_26", 0 0, L_000001fd98262a10;  1 drivers
v000001fd98235900_0 .net *"_ivl_28", 0 0, L_000001fd982611c0;  1 drivers
v000001fd98234aa0_0 .net *"_ivl_31", 0 0, L_000001fd98262470;  1 drivers
v000001fd98235360_0 .net *"_ivl_33", 0 0, L_000001fd98262510;  1 drivers
v000001fd98236580_0 .net *"_ivl_35", 0 0, L_000001fd982612a0;  1 drivers
v000001fd98235400_0 .net *"_ivl_38", 0 0, L_000001fd98262650;  1 drivers
v000001fd982366c0_0 .net *"_ivl_40", 0 0, L_000001fd98262790;  1 drivers
v000001fd98236760_0 .net *"_ivl_42", 0 0, L_000001fd98261850;  1 drivers
v000001fd98235860_0 .net *"_ivl_45", 0 0, L_000001fd98262830;  1 drivers
v000001fd982354a0_0 .net *"_ivl_47", 0 0, L_000001fd982628d0;  1 drivers
v000001fd98234b40_0 .net *"_ivl_49", 0 0, L_000001fd98261310;  1 drivers
v000001fd98234000_0 .net *"_ivl_5", 0 0, L_000001fd982639b0;  1 drivers
v000001fd982341e0_0 .net *"_ivl_53", 0 0, L_000001fd98262f10;  1 drivers
v000001fd98234280_0 .net *"_ivl_55", 0 0, L_000001fd982634b0;  1 drivers
v000001fd98234320_0 .net *"_ivl_57", 0 0, L_000001fd98261380;  1 drivers
v000001fd98236d00_0 .net *"_ivl_60", 0 0, L_000001fd982653f0;  1 drivers
v000001fd98236a80_0 .net *"_ivl_62", 0 0, L_000001fd98266ed0;  1 drivers
v000001fd98236da0_0 .net *"_ivl_64", 0 0, L_000001fd982614d0;  1 drivers
v000001fd98236800_0 .net *"_ivl_67", 0 0, L_000001fd982662f0;  1 drivers
v000001fd98236e40_0 .net *"_ivl_69", 0 0, L_000001fd98266110;  1 drivers
v000001fd98236ee0_0 .net *"_ivl_7", 0 0, L_000001fd98261460;  1 drivers
v000001fd982368a0_0 .net *"_ivl_71", 0 0, L_000001fd98261620;  1 drivers
v000001fd98236940_0 .net *"_ivl_74", 0 0, L_000001fd982661b0;  1 drivers
v000001fd982369e0_0 .net *"_ivl_76", 0 0, L_000001fd98265fd0;  1 drivers
v000001fd98236bc0_0 .net *"_ivl_78", 0 0, L_000001fd98261540;  1 drivers
v000001fd98236b20_0 .net *"_ivl_82", 0 0, L_000001fd98264ef0;  1 drivers
v000001fd98236c60_0 .net *"_ivl_84", 0 0, L_000001fd98266750;  1 drivers
v000001fd9823ed10_0 .net *"_ivl_86", 0 0, L_000001fd98261bd0;  1 drivers
v000001fd9823ebd0_0 .net *"_ivl_89", 0 0, L_000001fd98264c70;  1 drivers
v000001fd9823ec70_0 .net *"_ivl_91", 0 0, L_000001fd98266930;  1 drivers
v000001fd9823e9f0_0 .net *"_ivl_93", 0 0, L_000001fd982652b0;  1 drivers
v000001fd9823edb0_0 .net *"_ivl_95", 0 0, L_000001fd98261690;  1 drivers
v000001fd9823ee50_0 .net *"_ivl_98", 0 0, L_000001fd98264e50;  1 drivers
v000001fd9823eef0_0 .net "nA", 3 0, L_000001fd98264bd0;  1 drivers
v000001fd9823e810_0 .net "nB", 3 0, L_000001fd98262b50;  1 drivers
v000001fd9823e950_0 .net "nC", 3 0, L_000001fd98266390;  1 drivers
v000001fd9823e8b0_0 .net "nD", 3 0, L_000001fd98266250;  1 drivers
v000001fd9823ea90_0 .net "ns0", 0 0, L_000001fd98261230;  1 drivers
v000001fd9823eb30_0 .net "ns1", 0 0, L_000001fd98260430;  1 drivers
v000001fd98237790_0 .net "sel", 1 0, v000001fd9821c6b0_0;  alias, 1 drivers
L_000001fd98263e10 .part v000001fd9821c6b0_0, 0, 1;
L_000001fd982639b0 .part v000001fd9821c6b0_0, 1, 1;
L_000001fd98263eb0 .part v000001fd98248680_0, 0, 1;
L_000001fd982648b0 .part v000001fd98248680_0, 1, 1;
L_000001fd982649f0 .part v000001fd98248680_0, 2, 1;
L_000001fd98264bd0 .concat8 [ 1 1 1 1], L_000001fd98261460, L_000001fd98260c10, L_000001fd98261070, L_000001fd98261150;
L_000001fd98262a10 .part v000001fd98248680_0, 3, 1;
L_000001fd98262470 .part v000001fd98248680_0, 0, 1;
L_000001fd98262510 .part v000001fd9821c6b0_0, 0, 1;
L_000001fd98262650 .part v000001fd98248680_0, 1, 1;
L_000001fd98262790 .part v000001fd9821c6b0_0, 0, 1;
L_000001fd98262830 .part v000001fd98248680_0, 2, 1;
L_000001fd982628d0 .part v000001fd9821c6b0_0, 0, 1;
L_000001fd98262b50 .concat8 [ 1 1 1 1], L_000001fd982611c0, L_000001fd982612a0, L_000001fd98261850, L_000001fd98261310;
L_000001fd98262f10 .part v000001fd98248680_0, 3, 1;
L_000001fd982634b0 .part v000001fd9821c6b0_0, 0, 1;
L_000001fd982653f0 .part L_000001fd98266d90, 0, 1;
L_000001fd98266ed0 .part v000001fd9821c6b0_0, 1, 1;
L_000001fd982662f0 .part L_000001fd98266d90, 1, 1;
L_000001fd98266110 .part v000001fd9821c6b0_0, 1, 1;
L_000001fd982661b0 .part L_000001fd98266d90, 2, 1;
L_000001fd98265fd0 .part v000001fd9821c6b0_0, 1, 1;
L_000001fd98266390 .concat8 [ 1 1 1 1], L_000001fd98261380, L_000001fd982614d0, L_000001fd98261620, L_000001fd98261540;
L_000001fd98264ef0 .part L_000001fd98266d90, 3, 1;
L_000001fd98266750 .part v000001fd9821c6b0_0, 1, 1;
L_000001fd98264c70 .part L_000001fd982a0238, 0, 1;
L_000001fd98266930 .part v000001fd9821c6b0_0, 1, 1;
L_000001fd982652b0 .part v000001fd9821c6b0_0, 0, 1;
L_000001fd98264e50 .part L_000001fd982a0238, 1, 1;
L_000001fd98265cb0 .part v000001fd9821c6b0_0, 1, 1;
L_000001fd98265df0 .part v000001fd9821c6b0_0, 0, 1;
L_000001fd98266430 .part L_000001fd982a0238, 2, 1;
L_000001fd982664d0 .part v000001fd9821c6b0_0, 1, 1;
L_000001fd98266070 .part v000001fd9821c6b0_0, 0, 1;
L_000001fd98266250 .concat8 [ 1 1 1 1], L_000001fd98261bd0, L_000001fd98261690, L_000001fd98261700, L_000001fd98261770;
L_000001fd98265d50 .part L_000001fd982a0238, 3, 1;
L_000001fd98265c10 .part v000001fd9821c6b0_0, 1, 1;
L_000001fd98265e90 .part v000001fd9821c6b0_0, 0, 1;
L_000001fd98266570 .part L_000001fd98264bd0, 0, 1;
L_000001fd98266b10 .part L_000001fd98262b50, 0, 1;
L_000001fd98265490 .part L_000001fd98266390, 0, 1;
L_000001fd98266bb0 .part L_000001fd98266250, 0, 1;
L_000001fd982671f0 .part L_000001fd98264bd0, 1, 1;
L_000001fd98265a30 .part L_000001fd98262b50, 1, 1;
L_000001fd98266610 .part L_000001fd98266390, 1, 1;
L_000001fd98264d10 .part L_000001fd98266250, 1, 1;
L_000001fd98265210 .part L_000001fd98264bd0, 2, 1;
L_000001fd98264db0 .part L_000001fd98262b50, 2, 1;
L_000001fd982669d0 .part L_000001fd98266390, 2, 1;
L_000001fd98265f30 .part L_000001fd98266250, 2, 1;
L_000001fd982666b0 .concat8 [ 1 1 1 1], L_000001fd98261930, L_000001fd982619a0, L_000001fd98261a10, L_000001fd98273c60;
L_000001fd98265ad0 .part L_000001fd98264bd0, 3, 1;
L_000001fd982667f0 .part L_000001fd98262b50, 3, 1;
L_000001fd98266890 .part L_000001fd98266390, 3, 1;
L_000001fd98266a70 .part L_000001fd98266250, 3, 1;
S_000001fd981c0e60 .scope module, "MUX_MAXA" "mux2to1_4bit" 3 907, 3 1046 0, S_000001fd980550a0;
 .timescale -9 -12;
    .port_info 0 /INPUT 4 "A";
    .port_info 1 /INPUT 4 "B";
    .port_info 2 /INPUT 1 "sel";
    .port_info 3 /OUTPUT 4 "Y";
L_000001fd98084980 .functor NOT 1, v000001fd9821c390_0, C4<0>, C4<0>, C4<0>;
L_000001fd980849f0 .functor AND 1, L_000001fd98249da0, L_000001fd98084980, C4<1>, C4<1>;
L_000001fd98084c20 .functor AND 1, L_000001fd9824bec0, L_000001fd98084980, C4<1>, C4<1>;
L_000001fd98084c90 .functor AND 1, L_000001fd9824aca0, L_000001fd98084980, C4<1>, C4<1>;
L_000001fd980850f0 .functor AND 1, L_000001fd9824b880, L_000001fd98084980, C4<1>, C4<1>;
L_000001fd98084d00 .functor AND 1, L_000001fd9824b9c0, v000001fd9821c390_0, C4<1>, C4<1>;
L_000001fd98084d70 .functor AND 1, L_000001fd98249e40, v000001fd9821c390_0, C4<1>, C4<1>;
L_000001fd98084e50 .functor AND 1, L_000001fd9824b420, v000001fd9821c390_0, C4<1>, C4<1>;
L_000001fd98191fe0 .functor AND 1, L_000001fd9824a0c0, v000001fd9821c390_0, C4<1>, C4<1>;
L_000001fd98262260 .functor OR 1, L_000001fd9824ad40, L_000001fd9824ae80, C4<0>, C4<0>;
L_000001fd982622d0 .functor OR 1, L_000001fd9824b060, L_000001fd9824bb00, C4<0>, C4<0>;
L_000001fd982620a0 .functor OR 1, L_000001fd9824af20, L_000001fd9824b560, C4<0>, C4<0>;
L_000001fd98262180 .functor OR 1, L_000001fd9824b240, L_000001fd9824a3e0, C4<0>, C4<0>;
L_000001fd982a0118 .functor BUFT 1, C4<0000>, C4<0>, C4<0>, C4<0>;
v000001fd98237ab0_0 .net "A", 3 0, L_000001fd982a0118;  1 drivers
v000001fd98238050_0 .net "B", 3 0, L_000001fd98267f10;  alias, 1 drivers
v000001fd98238c30_0 .net "Y", 3 0, L_000001fd9824c320;  alias, 1 drivers
v000001fd98237b50_0 .net *"_ivl_10", 0 0, L_000001fd9824bec0;  1 drivers
v000001fd98237010_0 .net *"_ivl_12", 0 0, L_000001fd98084c90;  1 drivers
v000001fd98238cd0_0 .net *"_ivl_15", 0 0, L_000001fd9824aca0;  1 drivers
v000001fd98237d30_0 .net *"_ivl_17", 0 0, L_000001fd980850f0;  1 drivers
v000001fd982370b0_0 .net *"_ivl_2", 0 0, L_000001fd980849f0;  1 drivers
v000001fd98237970_0 .net *"_ivl_21", 0 0, L_000001fd9824b880;  1 drivers
v000001fd98238550_0 .net *"_ivl_23", 0 0, L_000001fd98084d00;  1 drivers
v000001fd98239090_0 .net *"_ivl_26", 0 0, L_000001fd9824b9c0;  1 drivers
v000001fd98238690_0 .net *"_ivl_28", 0 0, L_000001fd98084d70;  1 drivers
v000001fd98238730_0 .net *"_ivl_31", 0 0, L_000001fd98249e40;  1 drivers
v000001fd98237650_0 .net *"_ivl_33", 0 0, L_000001fd98084e50;  1 drivers
v000001fd982376f0_0 .net *"_ivl_36", 0 0, L_000001fd9824b420;  1 drivers
v000001fd98237bf0_0 .net *"_ivl_38", 0 0, L_000001fd98191fe0;  1 drivers
v000001fd98237c90_0 .net *"_ivl_42", 0 0, L_000001fd9824a0c0;  1 drivers
v000001fd98239450_0 .net *"_ivl_44", 0 0, L_000001fd98262260;  1 drivers
v000001fd98237330_0 .net *"_ivl_47", 0 0, L_000001fd9824ad40;  1 drivers
v000001fd98237150_0 .net *"_ivl_49", 0 0, L_000001fd9824ae80;  1 drivers
v000001fd982375b0_0 .net *"_ivl_5", 0 0, L_000001fd98249da0;  1 drivers
v000001fd982371f0_0 .net *"_ivl_51", 0 0, L_000001fd982622d0;  1 drivers
v000001fd98238d70_0 .net *"_ivl_54", 0 0, L_000001fd9824b060;  1 drivers
v000001fd98238370_0 .net *"_ivl_56", 0 0, L_000001fd9824bb00;  1 drivers
v000001fd982394f0_0 .net *"_ivl_58", 0 0, L_000001fd982620a0;  1 drivers
v000001fd98238410_0 .net *"_ivl_61", 0 0, L_000001fd9824af20;  1 drivers
v000001fd982384b0_0 .net *"_ivl_63", 0 0, L_000001fd9824b560;  1 drivers
v000001fd98237e70_0 .net *"_ivl_65", 0 0, L_000001fd98262180;  1 drivers
v000001fd98237830_0 .net *"_ivl_69", 0 0, L_000001fd9824b240;  1 drivers
v000001fd98237dd0_0 .net *"_ivl_7", 0 0, L_000001fd98084c20;  1 drivers
v000001fd98237fb0_0 .net *"_ivl_71", 0 0, L_000001fd9824a3e0;  1 drivers
v000001fd98237470_0 .net "and_A", 3 0, L_000001fd9824b1a0;  1 drivers
v000001fd982380f0_0 .net "and_B", 3 0, L_000001fd9824a200;  1 drivers
v000001fd98238190_0 .net "sel", 0 0, v000001fd9821c390_0;  alias, 1 drivers
v000001fd98239130_0 .net "sel_n", 0 0, L_000001fd98084980;  1 drivers
L_000001fd98249da0 .part L_000001fd982a0118, 0, 1;
L_000001fd9824bec0 .part L_000001fd982a0118, 1, 1;
L_000001fd9824aca0 .part L_000001fd982a0118, 2, 1;
L_000001fd9824b1a0 .concat8 [ 1 1 1 1], L_000001fd980849f0, L_000001fd98084c20, L_000001fd98084c90, L_000001fd980850f0;
L_000001fd9824b880 .part L_000001fd982a0118, 3, 1;
L_000001fd9824b9c0 .part L_000001fd98267f10, 0, 1;
L_000001fd98249e40 .part L_000001fd98267f10, 1, 1;
L_000001fd9824b420 .part L_000001fd98267f10, 2, 1;
L_000001fd9824a200 .concat8 [ 1 1 1 1], L_000001fd98084d00, L_000001fd98084d70, L_000001fd98084e50, L_000001fd98191fe0;
L_000001fd9824a0c0 .part L_000001fd98267f10, 3, 1;
L_000001fd9824ad40 .part L_000001fd9824b1a0, 0, 1;
L_000001fd9824ae80 .part L_000001fd9824a200, 0, 1;
L_000001fd9824b060 .part L_000001fd9824b1a0, 1, 1;
L_000001fd9824bb00 .part L_000001fd9824a200, 1, 1;
L_000001fd9824af20 .part L_000001fd9824b1a0, 2, 1;
L_000001fd9824b560 .part L_000001fd9824a200, 2, 1;
L_000001fd9824c320 .concat8 [ 1 1 1 1], L_000001fd98262260, L_000001fd982622d0, L_000001fd982620a0, L_000001fd98262180;
L_000001fd9824b240 .part L_000001fd9824b1a0, 3, 1;
L_000001fd9824a3e0 .part L_000001fd9824a200, 3, 1;
S_000001fd981c0cd0 .scope module, "MUX_MAXV" "mux2to1_5bit" 3 908, 3 1078 0, S_000001fd980550a0;
 .timescale -9 -12;
    .port_info 0 /INPUT 5 "A";
    .port_info 1 /INPUT 5 "B";
    .port_info 2 /INPUT 1 "sel";
    .port_info 3 /OUTPUT 5 "Y";
L_000001fd98262340 .functor NOT 1, v000001fd9821dd30_0, C4<0>, C4<0>, C4<0>;
L_000001fd98262030 .functor AND 1, L_000001fd9824b2e0, L_000001fd98262340, C4<1>, C4<1>;
L_000001fd98262110 .functor AND 1, L_000001fd9824bf60, L_000001fd98262340, C4<1>, C4<1>;
L_000001fd982615b0 .functor AND 1, L_000001fd9824bd80, L_000001fd98262340, C4<1>, C4<1>;
L_000001fd982609e0 .functor AND 1, L_000001fd9824a340, L_000001fd98262340, C4<1>, C4<1>;
L_000001fd98261d90 .functor AND 1, L_000001fd9824be20, L_000001fd98262340, C4<1>, C4<1>;
L_000001fd98260510 .functor AND 1, L_000001fd9824ba60, v000001fd9821dd30_0, C4<1>, C4<1>;
L_000001fd98260660 .functor AND 1, L_000001fd9824c3c0, v000001fd9821dd30_0, C4<1>, C4<1>;
L_000001fd98260f20 .functor AND 1, L_000001fd9824bc40, v000001fd9821dd30_0, C4<1>, C4<1>;
L_000001fd98260e40 .functor AND 1, L_000001fd9824bce0, v000001fd9821dd30_0, C4<1>, C4<1>;
L_000001fd98261c40 .functor AND 1, L_000001fd9824c0a0, v000001fd9821dd30_0, C4<1>, C4<1>;
L_000001fd982613f0 .functor OR 1, L_000001fd9824c140, L_000001fd9824a520, C4<0>, C4<0>;
L_000001fd98260dd0 .functor OR 1, L_000001fd98249c60, L_000001fd98249ee0, C4<0>, C4<0>;
L_000001fd98261ee0 .functor OR 1, L_000001fd9824a5c0, L_000001fd9824a700, C4<0>, C4<0>;
L_000001fd98260820 .functor OR 1, L_000001fd982626f0, L_000001fd98263a50, C4<0>, C4<0>;
L_000001fd98260eb0 .functor OR 1, L_000001fd98262bf0, L_000001fd98264130, C4<0>, C4<0>;
L_000001fd982a0160 .functor BUFT 1, C4<00000>, C4<0>, C4<0>, C4<0>;
v000001fd98237f10_0 .net "A", 4 0, L_000001fd982a0160;  1 drivers
v000001fd982387d0_0 .net "B", 4 0, L_000001fd9826bb10;  alias, 1 drivers
v000001fd98239590_0 .net "Y", 4 0, L_000001fd982630f0;  alias, 1 drivers
v000001fd98238870_0 .net *"_ivl_10", 0 0, L_000001fd9824bf60;  1 drivers
v000001fd98238230_0 .net *"_ivl_12", 0 0, L_000001fd982615b0;  1 drivers
v000001fd98238ff0_0 .net *"_ivl_15", 0 0, L_000001fd9824bd80;  1 drivers
v000001fd982391d0_0 .net *"_ivl_17", 0 0, L_000001fd982609e0;  1 drivers
v000001fd982382d0_0 .net *"_ivl_2", 0 0, L_000001fd98262030;  1 drivers
v000001fd98239270_0 .net *"_ivl_20", 0 0, L_000001fd9824a340;  1 drivers
v000001fd98238e10_0 .net *"_ivl_22", 0 0, L_000001fd98261d90;  1 drivers
v000001fd982385f0_0 .net *"_ivl_26", 0 0, L_000001fd9824be20;  1 drivers
v000001fd98238910_0 .net *"_ivl_28", 0 0, L_000001fd98260510;  1 drivers
v000001fd982389b0_0 .net *"_ivl_31", 0 0, L_000001fd9824ba60;  1 drivers
v000001fd98238a50_0 .net *"_ivl_33", 0 0, L_000001fd98260660;  1 drivers
v000001fd98239310_0 .net *"_ivl_36", 0 0, L_000001fd9824c3c0;  1 drivers
v000001fd98238eb0_0 .net *"_ivl_38", 0 0, L_000001fd98260f20;  1 drivers
v000001fd98238af0_0 .net *"_ivl_41", 0 0, L_000001fd9824bc40;  1 drivers
v000001fd98238f50_0 .net *"_ivl_43", 0 0, L_000001fd98260e40;  1 drivers
v000001fd98238b90_0 .net *"_ivl_46", 0 0, L_000001fd9824bce0;  1 drivers
v000001fd982393b0_0 .net *"_ivl_48", 0 0, L_000001fd98261c40;  1 drivers
v000001fd982373d0_0 .net *"_ivl_5", 0 0, L_000001fd9824b2e0;  1 drivers
v000001fd98237290_0 .net *"_ivl_52", 0 0, L_000001fd9824c0a0;  1 drivers
v000001fd98239630_0 .net *"_ivl_54", 0 0, L_000001fd982613f0;  1 drivers
v000001fd982396d0_0 .net *"_ivl_57", 0 0, L_000001fd9824c140;  1 drivers
v000001fd98239770_0 .net *"_ivl_59", 0 0, L_000001fd9824a520;  1 drivers
v000001fd98237510_0 .net *"_ivl_61", 0 0, L_000001fd98260dd0;  1 drivers
v000001fd982378d0_0 .net *"_ivl_64", 0 0, L_000001fd98249c60;  1 drivers
v000001fd98237a10_0 .net *"_ivl_66", 0 0, L_000001fd98249ee0;  1 drivers
v000001fd9823b890_0 .net *"_ivl_68", 0 0, L_000001fd98261ee0;  1 drivers
v000001fd9823b9d0_0 .net *"_ivl_7", 0 0, L_000001fd98262110;  1 drivers
v000001fd9823bb10_0 .net *"_ivl_71", 0 0, L_000001fd9824a5c0;  1 drivers
v000001fd98239c70_0 .net *"_ivl_73", 0 0, L_000001fd9824a700;  1 drivers
v000001fd9823ae90_0 .net *"_ivl_75", 0 0, L_000001fd98260820;  1 drivers
v000001fd9823b430_0 .net *"_ivl_78", 0 0, L_000001fd982626f0;  1 drivers
v000001fd9823b250_0 .net *"_ivl_80", 0 0, L_000001fd98263a50;  1 drivers
v000001fd9823a5d0_0 .net *"_ivl_82", 0 0, L_000001fd98260eb0;  1 drivers
v000001fd9823b4d0_0 .net *"_ivl_86", 0 0, L_000001fd98262bf0;  1 drivers
v000001fd9823b070_0 .net *"_ivl_88", 0 0, L_000001fd98264130;  1 drivers
v000001fd9823a350_0 .net "nA", 4 0, L_000001fd9824b600;  1 drivers
v000001fd982399f0_0 .net "nB", 4 0, L_000001fd9824c000;  1 drivers
v000001fd9823a670_0 .net "sel", 0 0, v000001fd9821dd30_0;  alias, 1 drivers
v000001fd98239950_0 .net "sel_n", 0 0, L_000001fd98262340;  1 drivers
L_000001fd9824b2e0 .part L_000001fd982a0160, 0, 1;
L_000001fd9824bf60 .part L_000001fd982a0160, 1, 1;
L_000001fd9824bd80 .part L_000001fd982a0160, 2, 1;
L_000001fd9824a340 .part L_000001fd982a0160, 3, 1;
LS_000001fd9824b600_0_0 .concat8 [ 1 1 1 1], L_000001fd98262030, L_000001fd98262110, L_000001fd982615b0, L_000001fd982609e0;
LS_000001fd9824b600_0_4 .concat8 [ 1 0 0 0], L_000001fd98261d90;
L_000001fd9824b600 .concat8 [ 4 1 0 0], LS_000001fd9824b600_0_0, LS_000001fd9824b600_0_4;
L_000001fd9824be20 .part L_000001fd982a0160, 4, 1;
L_000001fd9824ba60 .part L_000001fd9826bb10, 0, 1;
L_000001fd9824c3c0 .part L_000001fd9826bb10, 1, 1;
L_000001fd9824bc40 .part L_000001fd9826bb10, 2, 1;
L_000001fd9824bce0 .part L_000001fd9826bb10, 3, 1;
LS_000001fd9824c000_0_0 .concat8 [ 1 1 1 1], L_000001fd98260510, L_000001fd98260660, L_000001fd98260f20, L_000001fd98260e40;
LS_000001fd9824c000_0_4 .concat8 [ 1 0 0 0], L_000001fd98261c40;
L_000001fd9824c000 .concat8 [ 4 1 0 0], LS_000001fd9824c000_0_0, LS_000001fd9824c000_0_4;
L_000001fd9824c0a0 .part L_000001fd9826bb10, 4, 1;
L_000001fd9824c140 .part L_000001fd9824b600, 0, 1;
L_000001fd9824a520 .part L_000001fd9824c000, 0, 1;
L_000001fd98249c60 .part L_000001fd9824b600, 1, 1;
L_000001fd98249ee0 .part L_000001fd9824c000, 1, 1;
L_000001fd9824a5c0 .part L_000001fd9824b600, 2, 1;
L_000001fd9824a700 .part L_000001fd9824c000, 2, 1;
L_000001fd982626f0 .part L_000001fd9824b600, 3, 1;
L_000001fd98263a50 .part L_000001fd9824c000, 3, 1;
LS_000001fd982630f0_0_0 .concat8 [ 1 1 1 1], L_000001fd982613f0, L_000001fd98260dd0, L_000001fd98261ee0, L_000001fd98260820;
LS_000001fd982630f0_0_4 .concat8 [ 1 0 0 0], L_000001fd98260eb0;
L_000001fd982630f0 .concat8 [ 4 1 0 0], LS_000001fd982630f0_0_0, LS_000001fd982630f0_0_4;
L_000001fd98262bf0 .part L_000001fd9824b600, 4, 1;
L_000001fd98264130 .part L_000001fd9824c000, 4, 1;
S_000001fd981c01e0 .scope module, "MUX_MDR" "mux4to1_5bit" 3 913, 3 1140 0, S_000001fd980550a0;
 .timescale -9 -12;
    .port_info 0 /INPUT 5 "A";
    .port_info 1 /INPUT 5 "B";
    .port_info 2 /INPUT 5 "C";
    .port_info 3 /INPUT 5 "D";
    .port_info 4 /INPUT 2 "sel";
    .port_info 5 /OUTPUT 5 "Y";
L_000001fd98272a00 .functor NOT 1, L_000001fd98265030, C4<0>, C4<0>, C4<0>;
L_000001fd98272df0 .functor NOT 1, L_000001fd98265350, C4<0>, C4<0>, C4<0>;
L_000001fd98273720 .functor AND 1, L_000001fd98265b70, L_000001fd98272df0, L_000001fd98272a00, C4<1>;
L_000001fd98272a70 .functor AND 1, L_000001fd982650d0, L_000001fd98272df0, L_000001fd98272a00, C4<1>;
L_000001fd98273800 .functor AND 1, L_000001fd98266c50, L_000001fd98272df0, L_000001fd98272a00, C4<1>;
L_000001fd98273560 .functor AND 1, L_000001fd98265530, L_000001fd98272df0, L_000001fd98272a00, C4<1>;
L_000001fd98272ca0 .functor AND 1, L_000001fd982655d0, L_000001fd98272df0, L_000001fd98272a00, C4<1>;
L_000001fd982738e0 .functor AND 1, L_000001fd98264f90, L_000001fd98272df0, L_000001fd98265670, C4<1>;
L_000001fd98272e60 .functor AND 1, L_000001fd98265710, L_000001fd98272df0, L_000001fd98266cf0, C4<1>;
L_000001fd98273090 .functor AND 1, L_000001fd982670b0, L_000001fd98272df0, L_000001fd98266e30, C4<1>;
L_000001fd982733a0 .functor AND 1, L_000001fd98266f70, L_000001fd98272df0, L_000001fd982657b0, C4<1>;
L_000001fd98273cd0 .functor AND 1, L_000001fd98267010, L_000001fd98272df0, L_000001fd98267150, C4<1>;
L_000001fd98273e90 .functor AND 1, L_000001fd98267330, L_000001fd98265850, L_000001fd98272a00, C4<1>;
L_000001fd98272450 .functor AND 1, L_000001fd98267290, L_000001fd982673d0, L_000001fd98272a00, C4<1>;
L_000001fd982724c0 .functor AND 1, L_000001fd98265990, L_000001fd98268f50, L_000001fd98272a00, C4<1>;
L_000001fd98273b10 .functor AND 1, L_000001fd98268af0, L_000001fd98269770, L_000001fd98272a00, C4<1>;
L_000001fd98272d10 .functor AND 1, L_000001fd982684b0, L_000001fd982685f0, L_000001fd98272a00, C4<1>;
L_000001fd982731e0 .functor AND 1, L_000001fd98268b90, L_000001fd98267970, L_000001fd982689b0, C4<1>;
L_000001fd98272d80 .functor AND 1, L_000001fd982691d0, L_000001fd98269590, L_000001fd98268550, C4<1>;
L_000001fd98272ed0 .functor AND 1, L_000001fd98268eb0, L_000001fd98268690, L_000001fd98268730, C4<1>;
L_000001fd98273250 .functor AND 1, L_000001fd98269810, L_000001fd98268c30, L_000001fd98268230, C4<1>;
L_000001fd98272f40 .functor AND 1, L_000001fd98267e70, L_000001fd98267bf0, L_000001fd98268370, C4<1>;
L_000001fd98273b80 .functor OR 1, L_000001fd98268410, L_000001fd982678d0, L_000001fd982687d0, L_000001fd98268870;
L_000001fd98273100 .functor OR 1, L_000001fd982693b0, L_000001fd98268050, L_000001fd98267c90, L_000001fd98268910;
L_000001fd98272c30 .functor OR 1, L_000001fd98268cd0, L_000001fd98268a50, L_000001fd98267d30, L_000001fd98268d70;
L_000001fd98272840 .functor OR 1, L_000001fd98268e10, L_000001fd98268ff0, L_000001fd982682d0, L_000001fd98269090;
L_000001fd982728b0 .functor OR 1, L_000001fd98269450, L_000001fd982698b0, L_000001fd982694f0, L_000001fd98269630;
v000001fd9823bbb0_0 .net "A", 4 0, v000001fd9824ac00_0;  alias, 1 drivers
v000001fd9823af30_0 .net "B", 4 0, v000001fd9824ac00_0;  alias, 1 drivers
v000001fd9823a0d0_0 .net "C", 4 0, v000001fd982563c0_0;  alias, 1 drivers
L_000001fd982a0280 .functor BUFT 1, C4<00000>, C4<0>, C4<0>, C4<0>;
v000001fd9823b6b0_0 .net "D", 4 0, L_000001fd982a0280;  1 drivers
v000001fd98239db0_0 .net "Y", 4 0, L_000001fd98269270;  alias, 1 drivers
v000001fd9823a710_0 .net *"_ivl_10", 0 0, L_000001fd98265b70;  1 drivers
v000001fd9823aa30_0 .net *"_ivl_101", 0 0, L_000001fd982684b0;  1 drivers
v000001fd98239f90_0 .net *"_ivl_103", 0 0, L_000001fd982685f0;  1 drivers
v000001fd9823b390_0 .net *"_ivl_105", 0 0, L_000001fd982731e0;  1 drivers
v000001fd98239e50_0 .net *"_ivl_108", 0 0, L_000001fd98268b90;  1 drivers
v000001fd9823ba70_0 .net *"_ivl_110", 0 0, L_000001fd98267970;  1 drivers
v000001fd9823afd0_0 .net *"_ivl_112", 0 0, L_000001fd982689b0;  1 drivers
v000001fd9823bd90_0 .net *"_ivl_114", 0 0, L_000001fd98272d80;  1 drivers
v000001fd982398b0_0 .net *"_ivl_117", 0 0, L_000001fd982691d0;  1 drivers
v000001fd9823b570_0 .net *"_ivl_119", 0 0, L_000001fd98269590;  1 drivers
v000001fd9823a170_0 .net *"_ivl_12", 0 0, L_000001fd98272a70;  1 drivers
v000001fd9823bc50_0 .net *"_ivl_121", 0 0, L_000001fd98268550;  1 drivers
v000001fd9823b110_0 .net *"_ivl_123", 0 0, L_000001fd98272ed0;  1 drivers
v000001fd9823ac10_0 .net *"_ivl_126", 0 0, L_000001fd98268eb0;  1 drivers
v000001fd9823a7b0_0 .net *"_ivl_128", 0 0, L_000001fd98268690;  1 drivers
v000001fd9823acb0_0 .net *"_ivl_130", 0 0, L_000001fd98268730;  1 drivers
v000001fd9823ad50_0 .net *"_ivl_132", 0 0, L_000001fd98273250;  1 drivers
v000001fd9823adf0_0 .net *"_ivl_135", 0 0, L_000001fd98269810;  1 drivers
v000001fd9823b930_0 .net *"_ivl_137", 0 0, L_000001fd98268c30;  1 drivers
v000001fd9823b1b0_0 .net *"_ivl_139", 0 0, L_000001fd98268230;  1 drivers
v000001fd9823b2f0_0 .net *"_ivl_141", 0 0, L_000001fd98272f40;  1 drivers
v000001fd98239ef0_0 .net *"_ivl_145", 0 0, L_000001fd98267e70;  1 drivers
v000001fd9823a030_0 .net *"_ivl_147", 0 0, L_000001fd98267bf0;  1 drivers
v000001fd9823a3f0_0 .net *"_ivl_149", 0 0, L_000001fd98268370;  1 drivers
v000001fd9823a490_0 .net *"_ivl_15", 0 0, L_000001fd982650d0;  1 drivers
v000001fd98239a90_0 .net *"_ivl_151", 0 0, L_000001fd98273b80;  1 drivers
v000001fd9823a850_0 .net *"_ivl_154", 0 0, L_000001fd98268410;  1 drivers
v000001fd9823a990_0 .net *"_ivl_156", 0 0, L_000001fd982678d0;  1 drivers
v000001fd9823b610_0 .net *"_ivl_158", 0 0, L_000001fd982687d0;  1 drivers
v000001fd98239d10_0 .net *"_ivl_160", 0 0, L_000001fd98268870;  1 drivers
v000001fd9823b750_0 .net *"_ivl_162", 0 0, L_000001fd98273100;  1 drivers
v000001fd9823a210_0 .net *"_ivl_165", 0 0, L_000001fd982693b0;  1 drivers
v000001fd9823b7f0_0 .net *"_ivl_167", 0 0, L_000001fd98268050;  1 drivers
v000001fd9823a2b0_0 .net *"_ivl_169", 0 0, L_000001fd98267c90;  1 drivers
v000001fd9823bcf0_0 .net *"_ivl_17", 0 0, L_000001fd98273800;  1 drivers
v000001fd9823be30_0 .net *"_ivl_171", 0 0, L_000001fd98268910;  1 drivers
v000001fd9823bed0_0 .net *"_ivl_173", 0 0, L_000001fd98272c30;  1 drivers
v000001fd9823a530_0 .net *"_ivl_176", 0 0, L_000001fd98268cd0;  1 drivers
v000001fd98239bd0_0 .net *"_ivl_178", 0 0, L_000001fd98268a50;  1 drivers
v000001fd9823bf70_0 .net *"_ivl_180", 0 0, L_000001fd98267d30;  1 drivers
v000001fd98239810_0 .net *"_ivl_182", 0 0, L_000001fd98268d70;  1 drivers
v000001fd9823aad0_0 .net *"_ivl_184", 0 0, L_000001fd98272840;  1 drivers
v000001fd98239b30_0 .net *"_ivl_187", 0 0, L_000001fd98268e10;  1 drivers
v000001fd9823a8f0_0 .net *"_ivl_189", 0 0, L_000001fd98268ff0;  1 drivers
v000001fd9823ab70_0 .net *"_ivl_191", 0 0, L_000001fd982682d0;  1 drivers
v000001fd9823d230_0 .net *"_ivl_193", 0 0, L_000001fd98269090;  1 drivers
v000001fd9823cd30_0 .net *"_ivl_195", 0 0, L_000001fd982728b0;  1 drivers
v000001fd9823d730_0 .net *"_ivl_199", 0 0, L_000001fd98269450;  1 drivers
v000001fd9823c3d0_0 .net *"_ivl_2", 0 0, L_000001fd98265030;  1 drivers
v000001fd9823cdd0_0 .net *"_ivl_20", 0 0, L_000001fd98266c50;  1 drivers
v000001fd9823d9b0_0 .net *"_ivl_201", 0 0, L_000001fd982698b0;  1 drivers
v000001fd9823ca10_0 .net *"_ivl_203", 0 0, L_000001fd982694f0;  1 drivers
v000001fd9823dff0_0 .net *"_ivl_205", 0 0, L_000001fd98269630;  1 drivers
v000001fd9823e130_0 .net *"_ivl_22", 0 0, L_000001fd98273560;  1 drivers
v000001fd9823cbf0_0 .net *"_ivl_25", 0 0, L_000001fd98265530;  1 drivers
v000001fd9823e090_0 .net *"_ivl_27", 0 0, L_000001fd98272ca0;  1 drivers
v000001fd9823d2d0_0 .net *"_ivl_31", 0 0, L_000001fd982655d0;  1 drivers
v000001fd9823de10_0 .net *"_ivl_33", 0 0, L_000001fd982738e0;  1 drivers
v000001fd9823d690_0 .net *"_ivl_36", 0 0, L_000001fd98264f90;  1 drivers
v000001fd9823c0b0_0 .net *"_ivl_38", 0 0, L_000001fd98265670;  1 drivers
v000001fd9823e3b0_0 .net *"_ivl_40", 0 0, L_000001fd98272e60;  1 drivers
v000001fd9823c8d0_0 .net *"_ivl_43", 0 0, L_000001fd98265710;  1 drivers
v000001fd9823c6f0_0 .net *"_ivl_45", 0 0, L_000001fd98266cf0;  1 drivers
v000001fd9823d910_0 .net *"_ivl_47", 0 0, L_000001fd98273090;  1 drivers
v000001fd9823e310_0 .net *"_ivl_5", 0 0, L_000001fd98265350;  1 drivers
v000001fd9823e1d0_0 .net *"_ivl_50", 0 0, L_000001fd982670b0;  1 drivers
v000001fd9823c830_0 .net *"_ivl_52", 0 0, L_000001fd98266e30;  1 drivers
v000001fd9823d7d0_0 .net *"_ivl_54", 0 0, L_000001fd982733a0;  1 drivers
v000001fd9823c1f0_0 .net *"_ivl_57", 0 0, L_000001fd98266f70;  1 drivers
v000001fd9823e270_0 .net *"_ivl_59", 0 0, L_000001fd982657b0;  1 drivers
v000001fd9823ce70_0 .net *"_ivl_61", 0 0, L_000001fd98273cd0;  1 drivers
v000001fd9823c470_0 .net *"_ivl_65", 0 0, L_000001fd98267010;  1 drivers
v000001fd9823e450_0 .net *"_ivl_67", 0 0, L_000001fd98267150;  1 drivers
v000001fd9823e630_0 .net *"_ivl_69", 0 0, L_000001fd98273e90;  1 drivers
v000001fd9823d370_0 .net *"_ivl_7", 0 0, L_000001fd98273720;  1 drivers
v000001fd9823e4f0_0 .net *"_ivl_72", 0 0, L_000001fd98267330;  1 drivers
v000001fd9823d870_0 .net *"_ivl_74", 0 0, L_000001fd98265850;  1 drivers
v000001fd9823e590_0 .net *"_ivl_76", 0 0, L_000001fd98272450;  1 drivers
v000001fd9823d410_0 .net *"_ivl_79", 0 0, L_000001fd98267290;  1 drivers
v000001fd9823cf10_0 .net *"_ivl_81", 0 0, L_000001fd982673d0;  1 drivers
v000001fd9823da50_0 .net *"_ivl_83", 0 0, L_000001fd982724c0;  1 drivers
v000001fd9823c510_0 .net *"_ivl_86", 0 0, L_000001fd98265990;  1 drivers
v000001fd9823cfb0_0 .net *"_ivl_88", 0 0, L_000001fd98268f50;  1 drivers
v000001fd9823daf0_0 .net *"_ivl_90", 0 0, L_000001fd98273b10;  1 drivers
v000001fd9823cab0_0 .net *"_ivl_93", 0 0, L_000001fd98268af0;  1 drivers
v000001fd9823e6d0_0 .net *"_ivl_95", 0 0, L_000001fd98269770;  1 drivers
v000001fd9823e770_0 .net *"_ivl_97", 0 0, L_000001fd98272d10;  1 drivers
v000001fd9823cc90_0 .net "nA", 4 0, L_000001fd98265170;  1 drivers
v000001fd9823c010_0 .net "nB", 4 0, L_000001fd982658f0;  1 drivers
v000001fd9823d4b0_0 .net "nC", 4 0, L_000001fd98269130;  1 drivers
v000001fd9823deb0_0 .net "nD", 4 0, L_000001fd98269310;  1 drivers
v000001fd9823db90_0 .net "ns0", 0 0, L_000001fd98272a00;  1 drivers
v000001fd9823d550_0 .net "ns1", 0 0, L_000001fd98272df0;  1 drivers
v000001fd9823d050_0 .net "sel", 1 0, v000001fd9821c610_0;  alias, 1 drivers
L_000001fd98265030 .part v000001fd9821c610_0, 0, 1;
L_000001fd98265350 .part v000001fd9821c610_0, 1, 1;
L_000001fd98265b70 .part v000001fd9824ac00_0, 0, 1;
L_000001fd982650d0 .part v000001fd9824ac00_0, 1, 1;
L_000001fd98266c50 .part v000001fd9824ac00_0, 2, 1;
L_000001fd98265530 .part v000001fd9824ac00_0, 3, 1;
LS_000001fd98265170_0_0 .concat8 [ 1 1 1 1], L_000001fd98273720, L_000001fd98272a70, L_000001fd98273800, L_000001fd98273560;
LS_000001fd98265170_0_4 .concat8 [ 1 0 0 0], L_000001fd98272ca0;
L_000001fd98265170 .concat8 [ 4 1 0 0], LS_000001fd98265170_0_0, LS_000001fd98265170_0_4;
L_000001fd982655d0 .part v000001fd9824ac00_0, 4, 1;
L_000001fd98264f90 .part v000001fd9824ac00_0, 0, 1;
L_000001fd98265670 .part v000001fd9821c610_0, 0, 1;
L_000001fd98265710 .part v000001fd9824ac00_0, 1, 1;
L_000001fd98266cf0 .part v000001fd9821c610_0, 0, 1;
L_000001fd982670b0 .part v000001fd9824ac00_0, 2, 1;
L_000001fd98266e30 .part v000001fd9821c610_0, 0, 1;
L_000001fd98266f70 .part v000001fd9824ac00_0, 3, 1;
L_000001fd982657b0 .part v000001fd9821c610_0, 0, 1;
LS_000001fd982658f0_0_0 .concat8 [ 1 1 1 1], L_000001fd982738e0, L_000001fd98272e60, L_000001fd98273090, L_000001fd982733a0;
LS_000001fd982658f0_0_4 .concat8 [ 1 0 0 0], L_000001fd98273cd0;
L_000001fd982658f0 .concat8 [ 4 1 0 0], LS_000001fd982658f0_0_0, LS_000001fd982658f0_0_4;
L_000001fd98267010 .part v000001fd9824ac00_0, 4, 1;
L_000001fd98267150 .part v000001fd9821c610_0, 0, 1;
L_000001fd98267330 .part v000001fd982563c0_0, 0, 1;
L_000001fd98265850 .part v000001fd9821c610_0, 1, 1;
L_000001fd98267290 .part v000001fd982563c0_0, 1, 1;
L_000001fd982673d0 .part v000001fd9821c610_0, 1, 1;
L_000001fd98265990 .part v000001fd982563c0_0, 2, 1;
L_000001fd98268f50 .part v000001fd9821c610_0, 1, 1;
L_000001fd98268af0 .part v000001fd982563c0_0, 3, 1;
L_000001fd98269770 .part v000001fd9821c610_0, 1, 1;
LS_000001fd98269130_0_0 .concat8 [ 1 1 1 1], L_000001fd98273e90, L_000001fd98272450, L_000001fd982724c0, L_000001fd98273b10;
LS_000001fd98269130_0_4 .concat8 [ 1 0 0 0], L_000001fd98272d10;
L_000001fd98269130 .concat8 [ 4 1 0 0], LS_000001fd98269130_0_0, LS_000001fd98269130_0_4;
L_000001fd982684b0 .part v000001fd982563c0_0, 4, 1;
L_000001fd982685f0 .part v000001fd9821c610_0, 1, 1;
L_000001fd98268b90 .part L_000001fd982a0280, 0, 1;
L_000001fd98267970 .part v000001fd9821c610_0, 1, 1;
L_000001fd982689b0 .part v000001fd9821c610_0, 0, 1;
L_000001fd982691d0 .part L_000001fd982a0280, 1, 1;
L_000001fd98269590 .part v000001fd9821c610_0, 1, 1;
L_000001fd98268550 .part v000001fd9821c610_0, 0, 1;
L_000001fd98268eb0 .part L_000001fd982a0280, 2, 1;
L_000001fd98268690 .part v000001fd9821c610_0, 1, 1;
L_000001fd98268730 .part v000001fd9821c610_0, 0, 1;
L_000001fd98269810 .part L_000001fd982a0280, 3, 1;
L_000001fd98268c30 .part v000001fd9821c610_0, 1, 1;
L_000001fd98268230 .part v000001fd9821c610_0, 0, 1;
LS_000001fd98269310_0_0 .concat8 [ 1 1 1 1], L_000001fd982731e0, L_000001fd98272d80, L_000001fd98272ed0, L_000001fd98273250;
LS_000001fd98269310_0_4 .concat8 [ 1 0 0 0], L_000001fd98272f40;
L_000001fd98269310 .concat8 [ 4 1 0 0], LS_000001fd98269310_0_0, LS_000001fd98269310_0_4;
L_000001fd98267e70 .part L_000001fd982a0280, 4, 1;
L_000001fd98267bf0 .part v000001fd9821c610_0, 1, 1;
L_000001fd98268370 .part v000001fd9821c610_0, 0, 1;
L_000001fd98268410 .part L_000001fd98265170, 0, 1;
L_000001fd982678d0 .part L_000001fd982658f0, 0, 1;
L_000001fd982687d0 .part L_000001fd98269130, 0, 1;
L_000001fd98268870 .part L_000001fd98269310, 0, 1;
L_000001fd982693b0 .part L_000001fd98265170, 1, 1;
L_000001fd98268050 .part L_000001fd982658f0, 1, 1;
L_000001fd98267c90 .part L_000001fd98269130, 1, 1;
L_000001fd98268910 .part L_000001fd98269310, 1, 1;
L_000001fd98268cd0 .part L_000001fd98265170, 2, 1;
L_000001fd98268a50 .part L_000001fd982658f0, 2, 1;
L_000001fd98267d30 .part L_000001fd98269130, 2, 1;
L_000001fd98268d70 .part L_000001fd98269310, 2, 1;
L_000001fd98268e10 .part L_000001fd98265170, 3, 1;
L_000001fd98268ff0 .part L_000001fd982658f0, 3, 1;
L_000001fd982682d0 .part L_000001fd98269130, 3, 1;
L_000001fd98269090 .part L_000001fd98269310, 3, 1;
LS_000001fd98269270_0_0 .concat8 [ 1 1 1 1], L_000001fd98273b80, L_000001fd98273100, L_000001fd98272c30, L_000001fd98272840;
LS_000001fd98269270_0_4 .concat8 [ 1 0 0 0], L_000001fd982728b0;
L_000001fd98269270 .concat8 [ 4 1 0 0], LS_000001fd98269270_0_0, LS_000001fd98269270_0_4;
L_000001fd98269450 .part L_000001fd98265170, 4, 1;
L_000001fd982698b0 .part L_000001fd982658f0, 4, 1;
L_000001fd982694f0 .part L_000001fd98269130, 4, 1;
L_000001fd98269630 .part L_000001fd98269310, 4, 1;
S_000001fd981c0500 .scope module, "MUX_MINA" "mux2to1_4bit" 3 909, 3 1046 0, S_000001fd980550a0;
 .timescale -9 -12;
    .port_info 0 /INPUT 4 "A";
    .port_info 1 /INPUT 4 "B";
    .port_info 2 /INPUT 1 "sel";
    .port_info 3 /OUTPUT 4 "Y";
L_000001fd98261cb0 .functor NOT 1, v000001fd9821c430_0, C4<0>, C4<0>, C4<0>;
L_000001fd98260900 .functor AND 1, L_000001fd98264270, L_000001fd98261cb0, C4<1>, C4<1>;
L_000001fd982604a0 .functor AND 1, L_000001fd98264310, L_000001fd98261cb0, C4<1>, C4<1>;
L_000001fd98261d20 .functor AND 1, L_000001fd98264090, L_000001fd98261cb0, C4<1>, C4<1>;
L_000001fd982605f0 .functor AND 1, L_000001fd982644f0, L_000001fd98261cb0, C4<1>, C4<1>;
L_000001fd982617e0 .functor AND 1, L_000001fd98262ab0, v000001fd9821c430_0, C4<1>, C4<1>;
L_000001fd98260890 .functor AND 1, L_000001fd98262970, v000001fd9821c430_0, C4<1>, C4<1>;
L_000001fd98260580 .functor AND 1, L_000001fd982625b0, v000001fd9821c430_0, C4<1>, C4<1>;
L_000001fd982618c0 .functor AND 1, L_000001fd98264950, v000001fd9821c430_0, C4<1>, C4<1>;
L_000001fd98261b60 .functor OR 1, L_000001fd98264a90, L_000001fd98263550, C4<0>, C4<0>;
L_000001fd982606d0 .functor OR 1, L_000001fd98264b30, L_000001fd98263730, C4<0>, C4<0>;
L_000001fd98261af0 .functor OR 1, L_000001fd98264770, L_000001fd98263050, C4<0>, C4<0>;
L_000001fd98260f90 .functor OR 1, L_000001fd98262e70, L_000001fd98264450, C4<0>, C4<0>;
L_000001fd982a01a8 .functor BUFT 1, C4<0000>, C4<0>, C4<0>, C4<0>;
v000001fd9823c150_0 .net "A", 3 0, L_000001fd982a01a8;  1 drivers
v000001fd9823c290_0 .net "B", 3 0, L_000001fd9826a350;  alias, 1 drivers
v000001fd9823dc30_0 .net "Y", 3 0, L_000001fd98263910;  alias, 1 drivers
v000001fd9823c330_0 .net *"_ivl_10", 0 0, L_000001fd98264310;  1 drivers
v000001fd9823d0f0_0 .net *"_ivl_12", 0 0, L_000001fd98261d20;  1 drivers
v000001fd9823c5b0_0 .net *"_ivl_15", 0 0, L_000001fd98264090;  1 drivers
v000001fd9823dcd0_0 .net *"_ivl_17", 0 0, L_000001fd982605f0;  1 drivers
v000001fd9823c650_0 .net *"_ivl_2", 0 0, L_000001fd98260900;  1 drivers
v000001fd9823cb50_0 .net *"_ivl_21", 0 0, L_000001fd982644f0;  1 drivers
v000001fd9823c790_0 .net *"_ivl_23", 0 0, L_000001fd982617e0;  1 drivers
v000001fd9823c970_0 .net *"_ivl_26", 0 0, L_000001fd98262ab0;  1 drivers
v000001fd9823d190_0 .net *"_ivl_28", 0 0, L_000001fd98260890;  1 drivers
v000001fd9823d5f0_0 .net *"_ivl_31", 0 0, L_000001fd98262970;  1 drivers
v000001fd9823dd70_0 .net *"_ivl_33", 0 0, L_000001fd98260580;  1 drivers
v000001fd9823df50_0 .net *"_ivl_36", 0 0, L_000001fd982625b0;  1 drivers
v000001fd9824da40_0 .net *"_ivl_38", 0 0, L_000001fd982618c0;  1 drivers
v000001fd9824d0e0_0 .net *"_ivl_42", 0 0, L_000001fd98264950;  1 drivers
v000001fd9824ca00_0 .net *"_ivl_44", 0 0, L_000001fd98261b60;  1 drivers
v000001fd9824e760_0 .net *"_ivl_47", 0 0, L_000001fd98264a90;  1 drivers
v000001fd9824dcc0_0 .net *"_ivl_49", 0 0, L_000001fd98263550;  1 drivers
v000001fd9824d900_0 .net *"_ivl_5", 0 0, L_000001fd98264270;  1 drivers
v000001fd9824e120_0 .net *"_ivl_51", 0 0, L_000001fd982606d0;  1 drivers
v000001fd9824c820_0 .net *"_ivl_54", 0 0, L_000001fd98264b30;  1 drivers
v000001fd9824db80_0 .net *"_ivl_56", 0 0, L_000001fd98263730;  1 drivers
v000001fd9824d9a0_0 .net *"_ivl_58", 0 0, L_000001fd98261af0;  1 drivers
v000001fd9824cf00_0 .net *"_ivl_61", 0 0, L_000001fd98264770;  1 drivers
v000001fd9824dae0_0 .net *"_ivl_63", 0 0, L_000001fd98263050;  1 drivers
v000001fd9824c8c0_0 .net *"_ivl_65", 0 0, L_000001fd98260f90;  1 drivers
v000001fd9824dc20_0 .net *"_ivl_69", 0 0, L_000001fd98262e70;  1 drivers
v000001fd9824cfa0_0 .net *"_ivl_7", 0 0, L_000001fd982604a0;  1 drivers
v000001fd9824c460_0 .net *"_ivl_71", 0 0, L_000001fd98264450;  1 drivers
v000001fd9824dd60_0 .net "and_A", 3 0, L_000001fd98263190;  1 drivers
v000001fd9824d860_0 .net "and_B", 3 0, L_000001fd982637d0;  1 drivers
v000001fd9824d360_0 .net "sel", 0 0, v000001fd9821c430_0;  alias, 1 drivers
v000001fd9824c500_0 .net "sel_n", 0 0, L_000001fd98261cb0;  1 drivers
L_000001fd98264270 .part L_000001fd982a01a8, 0, 1;
L_000001fd98264310 .part L_000001fd982a01a8, 1, 1;
L_000001fd98264090 .part L_000001fd982a01a8, 2, 1;
L_000001fd98263190 .concat8 [ 1 1 1 1], L_000001fd98260900, L_000001fd982604a0, L_000001fd98261d20, L_000001fd982605f0;
L_000001fd982644f0 .part L_000001fd982a01a8, 3, 1;
L_000001fd98262ab0 .part L_000001fd9826a350, 0, 1;
L_000001fd98262970 .part L_000001fd9826a350, 1, 1;
L_000001fd982625b0 .part L_000001fd9826a350, 2, 1;
L_000001fd982637d0 .concat8 [ 1 1 1 1], L_000001fd982617e0, L_000001fd98260890, L_000001fd98260580, L_000001fd982618c0;
L_000001fd98264950 .part L_000001fd9826a350, 3, 1;
L_000001fd98264a90 .part L_000001fd98263190, 0, 1;
L_000001fd98263550 .part L_000001fd982637d0, 0, 1;
L_000001fd98264b30 .part L_000001fd98263190, 1, 1;
L_000001fd98263730 .part L_000001fd982637d0, 1, 1;
L_000001fd98264770 .part L_000001fd98263190, 2, 1;
L_000001fd98263050 .part L_000001fd982637d0, 2, 1;
L_000001fd98263910 .concat8 [ 1 1 1 1], L_000001fd98261b60, L_000001fd982606d0, L_000001fd98261af0, L_000001fd98260f90;
L_000001fd98262e70 .part L_000001fd98263190, 3, 1;
L_000001fd98264450 .part L_000001fd982637d0, 3, 1;
S_000001fd981c0b40 .scope module, "MUX_MINV" "mux2to1_5bit" 3 910, 3 1078 0, S_000001fd980550a0;
 .timescale -9 -12;
    .port_info 0 /INPUT 5 "A";
    .port_info 1 /INPUT 5 "B";
    .port_info 2 /INPUT 1 "sel";
    .port_info 3 /OUTPUT 5 "Y";
L_000001fd98260970 .functor NOT 1, v000001fd9821e690_0, C4<0>, C4<0>, C4<0>;
L_000001fd98261a80 .functor AND 1, L_000001fd982643b0, L_000001fd98260970, C4<1>, C4<1>;
L_000001fd98260c80 .functor AND 1, L_000001fd98263230, L_000001fd98260970, C4<1>, C4<1>;
L_000001fd98261e70 .functor AND 1, L_000001fd982641d0, L_000001fd98260970, C4<1>, C4<1>;
L_000001fd98260ac0 .functor AND 1, L_000001fd98263870, L_000001fd98260970, C4<1>, C4<1>;
L_000001fd98260b30 .functor AND 1, L_000001fd98263f50, L_000001fd98260970, C4<1>, C4<1>;
L_000001fd98261000 .functor AND 1, L_000001fd98263b90, v000001fd9821e690_0, C4<1>, C4<1>;
L_000001fd98260a50 .functor AND 1, L_000001fd982635f0, v000001fd9821e690_0, C4<1>, C4<1>;
L_000001fd98260cf0 .functor AND 1, L_000001fd98263ff0, v000001fd9821e690_0, C4<1>, C4<1>;
L_000001fd98260740 .functor AND 1, L_000001fd98262c90, v000001fd9821e690_0, C4<1>, C4<1>;
L_000001fd98260d60 .functor AND 1, L_000001fd98263370, v000001fd9821e690_0, C4<1>, C4<1>;
L_000001fd98261f50 .functor OR 1, L_000001fd982632d0, L_000001fd982646d0, C4<0>, C4<0>;
L_000001fd98261fc0 .functor OR 1, L_000001fd98264810, L_000001fd98263c30, C4<0>, C4<0>;
L_000001fd98261e00 .functor OR 1, L_000001fd98262d30, L_000001fd98262fb0, C4<0>, C4<0>;
L_000001fd98260ba0 .functor OR 1, L_000001fd98263690, L_000001fd98262dd0, C4<0>, C4<0>;
L_000001fd982607b0 .functor OR 1, L_000001fd98263410, L_000001fd98263d70, C4<0>, C4<0>;
L_000001fd982a01f0 .functor BUFT 1, C4<11111>, C4<0>, C4<0>, C4<0>;
v000001fd9824d4a0_0 .net "A", 4 0, L_000001fd982a01f0;  1 drivers
v000001fd9824de00_0 .net "B", 4 0, L_000001fd9826b610;  alias, 1 drivers
v000001fd9824e1c0_0 .net "Y", 4 0, L_000001fd98263cd0;  alias, 1 drivers
v000001fd9824d5e0_0 .net *"_ivl_10", 0 0, L_000001fd98263230;  1 drivers
v000001fd9824c960_0 .net *"_ivl_12", 0 0, L_000001fd98261e70;  1 drivers
v000001fd9824c640_0 .net *"_ivl_15", 0 0, L_000001fd982641d0;  1 drivers
v000001fd9824d540_0 .net *"_ivl_17", 0 0, L_000001fd98260ac0;  1 drivers
v000001fd9824d680_0 .net *"_ivl_2", 0 0, L_000001fd98261a80;  1 drivers
v000001fd9824dea0_0 .net *"_ivl_20", 0 0, L_000001fd98263870;  1 drivers
v000001fd9824c5a0_0 .net *"_ivl_22", 0 0, L_000001fd98260b30;  1 drivers
v000001fd9824e260_0 .net *"_ivl_26", 0 0, L_000001fd98263f50;  1 drivers
v000001fd9824d7c0_0 .net *"_ivl_28", 0 0, L_000001fd98261000;  1 drivers
v000001fd9824e940_0 .net *"_ivl_31", 0 0, L_000001fd98263b90;  1 drivers
v000001fd9824df40_0 .net *"_ivl_33", 0 0, L_000001fd98260a50;  1 drivers
v000001fd9824dfe0_0 .net *"_ivl_36", 0 0, L_000001fd982635f0;  1 drivers
v000001fd9824e080_0 .net *"_ivl_38", 0 0, L_000001fd98260cf0;  1 drivers
v000001fd9824d180_0 .net *"_ivl_41", 0 0, L_000001fd98263ff0;  1 drivers
v000001fd9824e300_0 .net *"_ivl_43", 0 0, L_000001fd98260740;  1 drivers
v000001fd9824caa0_0 .net *"_ivl_46", 0 0, L_000001fd98262c90;  1 drivers
v000001fd9824d220_0 .net *"_ivl_48", 0 0, L_000001fd98260d60;  1 drivers
v000001fd9824e3a0_0 .net *"_ivl_5", 0 0, L_000001fd982643b0;  1 drivers
v000001fd9824ce60_0 .net *"_ivl_52", 0 0, L_000001fd98263370;  1 drivers
v000001fd9824e440_0 .net *"_ivl_54", 0 0, L_000001fd98261f50;  1 drivers
v000001fd9824e580_0 .net *"_ivl_57", 0 0, L_000001fd982632d0;  1 drivers
v000001fd9824d040_0 .net *"_ivl_59", 0 0, L_000001fd982646d0;  1 drivers
v000001fd9824e4e0_0 .net *"_ivl_61", 0 0, L_000001fd98261fc0;  1 drivers
v000001fd9824d720_0 .net *"_ivl_64", 0 0, L_000001fd98264810;  1 drivers
v000001fd9824e620_0 .net *"_ivl_66", 0 0, L_000001fd98263c30;  1 drivers
v000001fd9824e6c0_0 .net *"_ivl_68", 0 0, L_000001fd98261e00;  1 drivers
v000001fd9824c6e0_0 .net *"_ivl_7", 0 0, L_000001fd98260c80;  1 drivers
v000001fd9824e800_0 .net *"_ivl_71", 0 0, L_000001fd98262d30;  1 drivers
v000001fd9824cd20_0 .net *"_ivl_73", 0 0, L_000001fd98262fb0;  1 drivers
v000001fd9824cb40_0 .net *"_ivl_75", 0 0, L_000001fd98260ba0;  1 drivers
v000001fd9824e8a0_0 .net *"_ivl_78", 0 0, L_000001fd98263690;  1 drivers
v000001fd9824e9e0_0 .net *"_ivl_80", 0 0, L_000001fd98262dd0;  1 drivers
v000001fd9824ea80_0 .net *"_ivl_82", 0 0, L_000001fd982607b0;  1 drivers
v000001fd9824cc80_0 .net *"_ivl_86", 0 0, L_000001fd98263410;  1 drivers
v000001fd9824eb20_0 .net *"_ivl_88", 0 0, L_000001fd98263d70;  1 drivers
v000001fd9824c780_0 .net "nA", 4 0, L_000001fd98264590;  1 drivers
v000001fd9824d2c0_0 .net "nB", 4 0, L_000001fd98264630;  1 drivers
v000001fd9824ebc0_0 .net "sel", 0 0, v000001fd9821e690_0;  alias, 1 drivers
v000001fd9824cbe0_0 .net "sel_n", 0 0, L_000001fd98260970;  1 drivers
L_000001fd982643b0 .part L_000001fd982a01f0, 0, 1;
L_000001fd98263230 .part L_000001fd982a01f0, 1, 1;
L_000001fd982641d0 .part L_000001fd982a01f0, 2, 1;
L_000001fd98263870 .part L_000001fd982a01f0, 3, 1;
LS_000001fd98264590_0_0 .concat8 [ 1 1 1 1], L_000001fd98261a80, L_000001fd98260c80, L_000001fd98261e70, L_000001fd98260ac0;
LS_000001fd98264590_0_4 .concat8 [ 1 0 0 0], L_000001fd98260b30;
L_000001fd98264590 .concat8 [ 4 1 0 0], LS_000001fd98264590_0_0, LS_000001fd98264590_0_4;
L_000001fd98263f50 .part L_000001fd982a01f0, 4, 1;
L_000001fd98263b90 .part L_000001fd9826b610, 0, 1;
L_000001fd982635f0 .part L_000001fd9826b610, 1, 1;
L_000001fd98263ff0 .part L_000001fd9826b610, 2, 1;
L_000001fd98262c90 .part L_000001fd9826b610, 3, 1;
LS_000001fd98264630_0_0 .concat8 [ 1 1 1 1], L_000001fd98261000, L_000001fd98260a50, L_000001fd98260cf0, L_000001fd98260740;
LS_000001fd98264630_0_4 .concat8 [ 1 0 0 0], L_000001fd98260d60;
L_000001fd98264630 .concat8 [ 4 1 0 0], LS_000001fd98264630_0_0, LS_000001fd98264630_0_4;
L_000001fd98263370 .part L_000001fd9826b610, 4, 1;
L_000001fd982632d0 .part L_000001fd98264590, 0, 1;
L_000001fd982646d0 .part L_000001fd98264630, 0, 1;
L_000001fd98264810 .part L_000001fd98264590, 1, 1;
L_000001fd98263c30 .part L_000001fd98264630, 1, 1;
L_000001fd98262d30 .part L_000001fd98264590, 2, 1;
L_000001fd98262fb0 .part L_000001fd98264630, 2, 1;
L_000001fd98263690 .part L_000001fd98264590, 3, 1;
L_000001fd98262dd0 .part L_000001fd98264630, 3, 1;
LS_000001fd98263cd0_0_0 .concat8 [ 1 1 1 1], L_000001fd98261f50, L_000001fd98261fc0, L_000001fd98261e00, L_000001fd98260ba0;
LS_000001fd98263cd0_0_4 .concat8 [ 1 0 0 0], L_000001fd982607b0;
L_000001fd98263cd0 .concat8 [ 4 1 0 0], LS_000001fd98263cd0_0_0, LS_000001fd98263cd0_0_4;
L_000001fd98263410 .part L_000001fd98264590, 4, 1;
L_000001fd98263d70 .part L_000001fd98264630, 4, 1;
S_000001fd981c0370 .scope module, "MUX_ao" "mux2to1_4bit" 3 930, 3 1046 0, S_000001fd980550a0;
 .timescale -9 -12;
    .port_info 0 /INPUT 4 "A";
    .port_info 1 /INPUT 4 "B";
    .port_info 2 /INPUT 1 "sel";
    .port_info 3 /OUTPUT 4 "Y";
L_000001fd98280640 .functor NOT 1, v000001fd9821e730_0, C4<0>, C4<0>, C4<0>;
L_000001fd98282160 .functor AND 1, L_000001fd98288910, L_000001fd98280640, C4<1>, C4<1>;
L_000001fd98282240 .functor AND 1, L_000001fd982878d0, L_000001fd98280640, C4<1>, C4<1>;
L_000001fd98282390 .functor AND 1, L_000001fd98288730, L_000001fd98280640, C4<1>, C4<1>;
L_000001fd982822b0 .functor AND 1, L_000001fd98288a50, L_000001fd98280640, C4<1>, C4<1>;
L_000001fd982821d0 .functor AND 1, L_000001fd98288af0, v000001fd9821e730_0, C4<1>, C4<1>;
L_000001fd98282320 .functor AND 1, L_000001fd98288b90, v000001fd9821e730_0, C4<1>, C4<1>;
L_000001fd98281fa0 .functor AND 1, L_000001fd98289130, v000001fd9821e730_0, C4<1>, C4<1>;
L_000001fd98282010 .functor AND 1, L_000001fd98288d70, v000001fd9821e730_0, C4<1>, C4<1>;
L_000001fd982824e0 .functor OR 1, L_000001fd982891d0, L_000001fd98289270, C4<0>, C4<0>;
L_000001fd98281ec0 .functor OR 1, L_000001fd98289bd0, L_000001fd98289770, C4<0>, C4<0>;
L_000001fd982820f0 .functor OR 1, L_000001fd98289db0, L_000001fd98289e50, C4<0>, C4<0>;
L_000001fd98282550 .functor OR 1, L_000001fd9828bb10, L_000001fd98289ef0, C4<0>, C4<0>;
v000001fd9824cdc0_0 .net "A", 3 0, v000001fd98253620_0;  alias, 1 drivers
v000001fd9824d400_0 .net "B", 3 0, v000001fd98253440_0;  alias, 1 drivers
v000001fd98251140_0 .net "Y", 3 0, L_000001fd98287970;  alias, 1 drivers
v000001fd98250f60_0 .net *"_ivl_10", 0 0, L_000001fd982878d0;  1 drivers
v000001fd9824f480_0 .net *"_ivl_12", 0 0, L_000001fd98282390;  1 drivers
v000001fd9824f2a0_0 .net *"_ivl_15", 0 0, L_000001fd98288730;  1 drivers
v000001fd982506a0_0 .net *"_ivl_17", 0 0, L_000001fd982822b0;  1 drivers
v000001fd98250ba0_0 .net *"_ivl_2", 0 0, L_000001fd98282160;  1 drivers
v000001fd982509c0_0 .net *"_ivl_21", 0 0, L_000001fd98288a50;  1 drivers
v000001fd9824f8e0_0 .net *"_ivl_23", 0 0, L_000001fd982821d0;  1 drivers
v000001fd98250920_0 .net *"_ivl_26", 0 0, L_000001fd98288af0;  1 drivers
v000001fd9824f7a0_0 .net *"_ivl_28", 0 0, L_000001fd98282320;  1 drivers
v000001fd98250ec0_0 .net *"_ivl_31", 0 0, L_000001fd98288b90;  1 drivers
v000001fd9824f340_0 .net *"_ivl_33", 0 0, L_000001fd98281fa0;  1 drivers
v000001fd98251000_0 .net *"_ivl_36", 0 0, L_000001fd98289130;  1 drivers
v000001fd982502e0_0 .net *"_ivl_38", 0 0, L_000001fd98282010;  1 drivers
v000001fd982511e0_0 .net *"_ivl_42", 0 0, L_000001fd98288d70;  1 drivers
v000001fd9824f020_0 .net *"_ivl_44", 0 0, L_000001fd982824e0;  1 drivers
v000001fd98250380_0 .net *"_ivl_47", 0 0, L_000001fd982891d0;  1 drivers
v000001fd9824f700_0 .net *"_ivl_49", 0 0, L_000001fd98289270;  1 drivers
v000001fd9824ec60_0 .net *"_ivl_5", 0 0, L_000001fd98288910;  1 drivers
v000001fd98250420_0 .net *"_ivl_51", 0 0, L_000001fd98281ec0;  1 drivers
v000001fd98250060_0 .net *"_ivl_54", 0 0, L_000001fd98289bd0;  1 drivers
v000001fd9824fb60_0 .net *"_ivl_56", 0 0, L_000001fd98289770;  1 drivers
v000001fd98250100_0 .net *"_ivl_58", 0 0, L_000001fd982820f0;  1 drivers
v000001fd982501a0_0 .net *"_ivl_61", 0 0, L_000001fd98289db0;  1 drivers
v000001fd98250240_0 .net *"_ivl_63", 0 0, L_000001fd98289e50;  1 drivers
v000001fd98250ce0_0 .net *"_ivl_65", 0 0, L_000001fd98282550;  1 drivers
v000001fd982504c0_0 .net *"_ivl_69", 0 0, L_000001fd9828bb10;  1 drivers
v000001fd98250560_0 .net *"_ivl_7", 0 0, L_000001fd98282240;  1 drivers
v000001fd9824f3e0_0 .net *"_ivl_71", 0 0, L_000001fd98289ef0;  1 drivers
v000001fd9824f520_0 .net "and_A", 3 0, L_000001fd98289090;  1 drivers
v000001fd9824f840_0 .net "and_B", 3 0, L_000001fd98289a90;  1 drivers
v000001fd9824f980_0 .net "sel", 0 0, v000001fd9821e730_0;  alias, 1 drivers
v000001fd9824ef80_0 .net "sel_n", 0 0, L_000001fd98280640;  1 drivers
L_000001fd98288910 .part v000001fd98253620_0, 0, 1;
L_000001fd982878d0 .part v000001fd98253620_0, 1, 1;
L_000001fd98288730 .part v000001fd98253620_0, 2, 1;
L_000001fd98289090 .concat8 [ 1 1 1 1], L_000001fd98282160, L_000001fd98282240, L_000001fd98282390, L_000001fd982822b0;
L_000001fd98288a50 .part v000001fd98253620_0, 3, 1;
L_000001fd98288af0 .part v000001fd98253440_0, 0, 1;
L_000001fd98288b90 .part v000001fd98253440_0, 1, 1;
L_000001fd98289130 .part v000001fd98253440_0, 2, 1;
L_000001fd98289a90 .concat8 [ 1 1 1 1], L_000001fd982821d0, L_000001fd98282320, L_000001fd98281fa0, L_000001fd98282010;
L_000001fd98288d70 .part v000001fd98253440_0, 3, 1;
L_000001fd982891d0 .part L_000001fd98289090, 0, 1;
L_000001fd98289270 .part L_000001fd98289a90, 0, 1;
L_000001fd98289bd0 .part L_000001fd98289090, 1, 1;
L_000001fd98289770 .part L_000001fd98289a90, 1, 1;
L_000001fd98289db0 .part L_000001fd98289090, 2, 1;
L_000001fd98289e50 .part L_000001fd98289a90, 2, 1;
L_000001fd98287970 .concat8 [ 1 1 1 1], L_000001fd982824e0, L_000001fd98281ec0, L_000001fd982820f0, L_000001fd98282550;
L_000001fd9828bb10 .part L_000001fd98289090, 3, 1;
L_000001fd98289ef0 .part L_000001fd98289a90, 3, 1;
S_000001fd981c0690 .scope module, "MUX_do" "mux2to1_5bit" 3 931, 3 1078 0, S_000001fd980550a0;
 .timescale -9 -12;
    .port_info 0 /INPUT 5 "A";
    .port_info 1 /INPUT 5 "B";
    .port_info 2 /INPUT 1 "sel";
    .port_info 3 /OUTPUT 5 "Y";
L_000001fd982825c0 .functor NOT 1, v000001fd9821d010_0, C4<0>, C4<0>, C4<0>;
L_000001fd98282400 .functor AND 1, L_000001fd9828a0d0, L_000001fd982825c0, C4<1>, C4<1>;
L_000001fd98281f30 .functor AND 1, L_000001fd9828b250, L_000001fd982825c0, C4<1>, C4<1>;
L_000001fd98282080 .functor AND 1, L_000001fd9828b390, L_000001fd982825c0, C4<1>, C4<1>;
L_000001fd98274210 .functor AND 1, L_000001fd9828b930, L_000001fd982825c0, C4<1>, C4<1>;
L_000001fd98295c40 .functor AND 1, L_000001fd9828b9d0, L_000001fd982825c0, C4<1>, C4<1>;
L_000001fd98295d90 .functor AND 1, L_000001fd9828b070, v000001fd9821d010_0, C4<1>, C4<1>;
L_000001fd982942e0 .functor AND 1, L_000001fd9828b610, v000001fd9821d010_0, C4<1>, C4<1>;
L_000001fd98295850 .functor AND 1, L_000001fd9828a2b0, v000001fd9821d010_0, C4<1>, C4<1>;
L_000001fd98294c80 .functor AND 1, L_000001fd9828a8f0, v000001fd9821d010_0, C4<1>, C4<1>;
L_000001fd98295930 .functor AND 1, L_000001fd9828b1b0, v000001fd9821d010_0, C4<1>, C4<1>;
L_000001fd98294f20 .functor OR 1, L_000001fd9828b750, L_000001fd9828a490, C4<0>, C4<0>;
L_000001fd98294cf0 .functor OR 1, L_000001fd9828b570, L_000001fd9828c010, C4<0>, C4<0>;
L_000001fd982958c0 .functor OR 1, L_000001fd9828c470, L_000001fd9828b7f0, C4<0>, C4<0>;
L_000001fd982949e0 .functor OR 1, L_000001fd9828c0b0, L_000001fd9828aad0, C4<0>, C4<0>;
L_000001fd982952a0 .functor OR 1, L_000001fd9828c1f0, L_000001fd9828afd0, C4<0>, C4<0>;
v000001fd9824f200_0 .net "A", 4 0, v000001fd98251dc0_0;  alias, 1 drivers
v000001fd98250740_0 .net "B", 4 0, v000001fd98252ae0_0;  alias, 1 drivers
v000001fd9824f160_0 .net "Y", 4 0, L_000001fd9828c150;  alias, 1 drivers
v000001fd98251280_0 .net *"_ivl_10", 0 0, L_000001fd9828b250;  1 drivers
v000001fd9824ffc0_0 .net *"_ivl_12", 0 0, L_000001fd98282080;  1 drivers
v000001fd98250a60_0 .net *"_ivl_15", 0 0, L_000001fd9828b390;  1 drivers
v000001fd98251320_0 .net *"_ivl_17", 0 0, L_000001fd98274210;  1 drivers
v000001fd9824fd40_0 .net *"_ivl_2", 0 0, L_000001fd98282400;  1 drivers
v000001fd9824fc00_0 .net *"_ivl_20", 0 0, L_000001fd9828b930;  1 drivers
v000001fd98250e20_0 .net *"_ivl_22", 0 0, L_000001fd98295c40;  1 drivers
v000001fd982513c0_0 .net *"_ivl_26", 0 0, L_000001fd9828b9d0;  1 drivers
v000001fd9824ff20_0 .net *"_ivl_28", 0 0, L_000001fd98295d90;  1 drivers
v000001fd98250d80_0 .net *"_ivl_31", 0 0, L_000001fd9828b070;  1 drivers
v000001fd98250600_0 .net *"_ivl_33", 0 0, L_000001fd982942e0;  1 drivers
v000001fd982510a0_0 .net *"_ivl_36", 0 0, L_000001fd9828b610;  1 drivers
v000001fd982507e0_0 .net *"_ivl_38", 0 0, L_000001fd98295850;  1 drivers
v000001fd9824fa20_0 .net *"_ivl_41", 0 0, L_000001fd9828a2b0;  1 drivers
v000001fd9824fca0_0 .net *"_ivl_43", 0 0, L_000001fd98294c80;  1 drivers
v000001fd98250880_0 .net *"_ivl_46", 0 0, L_000001fd9828a8f0;  1 drivers
v000001fd98250b00_0 .net *"_ivl_48", 0 0, L_000001fd98295930;  1 drivers
v000001fd98250c40_0 .net *"_ivl_5", 0 0, L_000001fd9828a0d0;  1 drivers
v000001fd9824ed00_0 .net *"_ivl_52", 0 0, L_000001fd9828b1b0;  1 drivers
v000001fd9824f5c0_0 .net *"_ivl_54", 0 0, L_000001fd98294f20;  1 drivers
v000001fd9824eda0_0 .net *"_ivl_57", 0 0, L_000001fd9828b750;  1 drivers
v000001fd9824ee40_0 .net *"_ivl_59", 0 0, L_000001fd9828a490;  1 drivers
v000001fd9824fac0_0 .net *"_ivl_61", 0 0, L_000001fd98294cf0;  1 drivers
v000001fd9824eee0_0 .net *"_ivl_64", 0 0, L_000001fd9828b570;  1 drivers
v000001fd9824f0c0_0 .net *"_ivl_66", 0 0, L_000001fd9828c010;  1 drivers
v000001fd9824fde0_0 .net *"_ivl_68", 0 0, L_000001fd982958c0;  1 drivers
v000001fd9824f660_0 .net *"_ivl_7", 0 0, L_000001fd98281f30;  1 drivers
v000001fd9824fe80_0 .net *"_ivl_71", 0 0, L_000001fd9828c470;  1 drivers
v000001fd98253120_0 .net *"_ivl_73", 0 0, L_000001fd9828b7f0;  1 drivers
v000001fd982531c0_0 .net *"_ivl_75", 0 0, L_000001fd982949e0;  1 drivers
v000001fd98253260_0 .net *"_ivl_78", 0 0, L_000001fd9828c0b0;  1 drivers
v000001fd98253a80_0 .net *"_ivl_80", 0 0, L_000001fd9828aad0;  1 drivers
v000001fd982538a0_0 .net *"_ivl_82", 0 0, L_000001fd982952a0;  1 drivers
v000001fd98251780_0 .net *"_ivl_86", 0 0, L_000001fd9828c1f0;  1 drivers
v000001fd98251500_0 .net *"_ivl_88", 0 0, L_000001fd9828afd0;  1 drivers
v000001fd98251a00_0 .net "nA", 4 0, L_000001fd9828bf70;  1 drivers
v000001fd982515a0_0 .net "nB", 4 0, L_000001fd9828bed0;  1 drivers
v000001fd98253300_0 .net "sel", 0 0, v000001fd9821d010_0;  alias, 1 drivers
v000001fd98251960_0 .net "sel_n", 0 0, L_000001fd982825c0;  1 drivers
L_000001fd9828a0d0 .part v000001fd98251dc0_0, 0, 1;
L_000001fd9828b250 .part v000001fd98251dc0_0, 1, 1;
L_000001fd9828b390 .part v000001fd98251dc0_0, 2, 1;
L_000001fd9828b930 .part v000001fd98251dc0_0, 3, 1;
LS_000001fd9828bf70_0_0 .concat8 [ 1 1 1 1], L_000001fd98282400, L_000001fd98281f30, L_000001fd98282080, L_000001fd98274210;
LS_000001fd9828bf70_0_4 .concat8 [ 1 0 0 0], L_000001fd98295c40;
L_000001fd9828bf70 .concat8 [ 4 1 0 0], LS_000001fd9828bf70_0_0, LS_000001fd9828bf70_0_4;
L_000001fd9828b9d0 .part v000001fd98251dc0_0, 4, 1;
L_000001fd9828b070 .part v000001fd98252ae0_0, 0, 1;
L_000001fd9828b610 .part v000001fd98252ae0_0, 1, 1;
L_000001fd9828a2b0 .part v000001fd98252ae0_0, 2, 1;
L_000001fd9828a8f0 .part v000001fd98252ae0_0, 3, 1;
LS_000001fd9828bed0_0_0 .concat8 [ 1 1 1 1], L_000001fd98295d90, L_000001fd982942e0, L_000001fd98295850, L_000001fd98294c80;
LS_000001fd9828bed0_0_4 .concat8 [ 1 0 0 0], L_000001fd98295930;
L_000001fd9828bed0 .concat8 [ 4 1 0 0], LS_000001fd9828bed0_0_0, LS_000001fd9828bed0_0_4;
L_000001fd9828b1b0 .part v000001fd98252ae0_0, 4, 1;
L_000001fd9828b750 .part L_000001fd9828bf70, 0, 1;
L_000001fd9828a490 .part L_000001fd9828bed0, 0, 1;
L_000001fd9828b570 .part L_000001fd9828bf70, 1, 1;
L_000001fd9828c010 .part L_000001fd9828bed0, 1, 1;
L_000001fd9828c470 .part L_000001fd9828bf70, 2, 1;
L_000001fd9828b7f0 .part L_000001fd9828bed0, 2, 1;
L_000001fd9828c0b0 .part L_000001fd9828bf70, 3, 1;
L_000001fd9828aad0 .part L_000001fd9828bed0, 3, 1;
LS_000001fd9828c150_0_0 .concat8 [ 1 1 1 1], L_000001fd98294f20, L_000001fd98294cf0, L_000001fd982958c0, L_000001fd982949e0;
LS_000001fd9828c150_0_4 .concat8 [ 1 0 0 0], L_000001fd982952a0;
L_000001fd9828c150 .concat8 [ 4 1 0 0], LS_000001fd9828c150_0_0, LS_000001fd9828c150_0_4;
L_000001fd9828c1f0 .part L_000001fd9828bf70, 4, 1;
L_000001fd9828afd0 .part L_000001fd9828bed0, 4, 1;
S_000001fd98258190 .scope module, "REG_CNT" "register" 3 895, 3 1024 0, S_000001fd980550a0;
 .timescale -9 -12;
    .port_info 0 /OUTPUT 4 "out";
    .port_info 1 /INPUT 4 "in";
    .port_info 2 /INPUT 1 "clock";
    .port_info 3 /INPUT 1 "writing_enable";
P_000001fd9814cf70 .param/l "WIDTH" 0 3 1025, +C4<00000000000000000000000000000100>;
v000001fd98251aa0_0 .net "clock", 0 0, v000001fd9824c280_0;  alias, 1 drivers
v000001fd98252220_0 .net "in", 3 0, L_000001fd9824c1e0;  alias, 1 drivers
v000001fd982533a0_0 .var "out", 3 0;
v000001fd98253b20_0 .net "writing_enable", 0 0, v000001fd9819c5c0_0;  alias, 1 drivers
S_000001fd98258af0 .scope module, "REG_MAR" "register" 3 900, 3 1024 0, S_000001fd980550a0;
 .timescale -9 -12;
    .port_info 0 /OUTPUT 4 "out";
    .port_info 1 /INPUT 4 "in";
    .port_info 2 /INPUT 1 "clock";
    .port_info 3 /INPUT 1 "writing_enable";
P_000001fd9814d7b0 .param/l "WIDTH" 0 3 1025, +C4<00000000000000000000000000000100>;
v000001fd98252680_0 .net "clock", 0 0, v000001fd9824c280_0;  alias, 1 drivers
v000001fd98252180_0 .net "in", 3 0, L_000001fd982666b0;  alias, 1 drivers
v000001fd98251fa0_0 .var "out", 3 0;
v000001fd98251b40_0 .net "writing_enable", 0 0, v000001fd9819a2c0_0;  alias, 1 drivers
S_000001fd98258640 .scope module, "REG_MAXA" "register" 3 896, 3 1024 0, S_000001fd980550a0;
 .timescale -9 -12;
    .port_info 0 /OUTPUT 4 "out";
    .port_info 1 /INPUT 4 "in";
    .port_info 2 /INPUT 1 "clock";
    .port_info 3 /INPUT 1 "writing_enable";
P_000001fd9814d2b0 .param/l "WIDTH" 0 3 1025, +C4<00000000000000000000000000000100>;
v000001fd98251be0_0 .net "clock", 0 0, v000001fd9824c280_0;  alias, 1 drivers
v000001fd982522c0_0 .net "in", 3 0, L_000001fd9824c320;  alias, 1 drivers
v000001fd98253440_0 .var "out", 3 0;
v000001fd982534e0_0 .net "writing_enable", 0 0, v000001fd9821d330_0;  alias, 1 drivers
S_000001fd982587d0 .scope module, "REG_MAXV" "register" 3 897, 3 1024 0, S_000001fd980550a0;
 .timescale -9 -12;
    .port_info 0 /OUTPUT 5 "out";
    .port_info 1 /INPUT 5 "in";
    .port_info 2 /INPUT 1 "clock";
    .port_info 3 /INPUT 1 "writing_enable";
P_000001fd9814dc70 .param/l "WIDTH" 0 3 1025, +C4<00000000000000000000000000000101>;
v000001fd98251c80_0 .net "clock", 0 0, v000001fd9824c280_0;  alias, 1 drivers
v000001fd98252d60_0 .net "in", 4 0, L_000001fd982630f0;  alias, 1 drivers
v000001fd98252ae0_0 .var "out", 4 0;
v000001fd98253580_0 .net "writing_enable", 0 0, v000001fd9821e550_0;  alias, 1 drivers
S_000001fd98258320 .scope module, "REG_MDR" "register" 3 901, 3 1024 0, S_000001fd980550a0;
 .timescale -9 -12;
    .port_info 0 /OUTPUT 5 "out";
    .port_info 1 /INPUT 5 "in";
    .port_info 2 /INPUT 1 "clock";
    .port_info 3 /INPUT 1 "writing_enable";
P_000001fd9814daf0 .param/l "WIDTH" 0 3 1025, +C4<00000000000000000000000000000101>;
v000001fd98251640_0 .net "clock", 0 0, v000001fd9824c280_0;  alias, 1 drivers
v000001fd98251e60_0 .net "in", 4 0, L_000001fd98269270;  alias, 1 drivers
v000001fd98253bc0_0 .var "out", 4 0;
v000001fd98252c20_0 .net "writing_enable", 0 0, v000001fd9821c4d0_0;  alias, 1 drivers
S_000001fd98259900 .scope module, "REG_MINA" "register" 3 898, 3 1024 0, S_000001fd980550a0;
 .timescale -9 -12;
    .port_info 0 /OUTPUT 4 "out";
    .port_info 1 /INPUT 4 "in";
    .port_info 2 /INPUT 1 "clock";
    .port_info 3 /INPUT 1 "writing_enable";
P_000001fd9814cfb0 .param/l "WIDTH" 0 3 1025, +C4<00000000000000000000000000000100>;
v000001fd98251d20_0 .net "clock", 0 0, v000001fd9824c280_0;  alias, 1 drivers
v000001fd982516e0_0 .net "in", 3 0, L_000001fd98263910;  alias, 1 drivers
v000001fd98253620_0 .var "out", 3 0;
v000001fd982536c0_0 .net "writing_enable", 0 0, v000001fd9821e5f0_0;  alias, 1 drivers
S_000001fd98258960 .scope module, "REG_MINV" "register" 3 899, 3 1024 0, S_000001fd980550a0;
 .timescale -9 -12;
    .port_info 0 /OUTPUT 5 "out";
    .port_info 1 /INPUT 5 "in";
    .port_info 2 /INPUT 1 "clock";
    .port_info 3 /INPUT 1 "writing_enable";
P_000001fd9814d5b0 .param/l "WIDTH" 0 3 1025, +C4<00000000000000000000000000000101>;
v000001fd98252fe0_0 .net "clock", 0 0, v000001fd9824c280_0;  alias, 1 drivers
v000001fd98251820_0 .net "in", 4 0, L_000001fd98263cd0;  alias, 1 drivers
v000001fd98251dc0_0 .var "out", 4 0;
v000001fd98253080_0 .net "writing_enable", 0 0, v000001fd9821d650_0;  alias, 1 drivers
S_000001fd98258c80 .scope module, "REG_ONE" "register" 3 902, 3 1024 0, S_000001fd980550a0;
 .timescale -9 -12;
    .port_info 0 /OUTPUT 4 "out";
    .port_info 1 /INPUT 4 "in";
    .port_info 2 /INPUT 1 "clock";
    .port_info 3 /INPUT 1 "writing_enable";
P_000001fd9814d030 .param/l "WIDTH" 0 3 1025, +C4<00000000000000000000000000000100>;
v000001fd98251f00_0 .net "clock", 0 0, v000001fd9824c280_0;  alias, 1 drivers
L_000001fd982a0088 .functor BUFT 1, C4<0001>, C4<0>, C4<0>, C4<0>;
v000001fd98252040_0 .net "in", 3 0, L_000001fd982a0088;  1 drivers
v000001fd982518c0_0 .var "out", 3 0;
v000001fd98253940_0 .net "writing_enable", 0 0, v000001fd9821d3d0_0;  alias, 1 drivers
S_000001fd98258e10 .scope module, "REG_ceq" "register" 3 903, 3 1024 0, S_000001fd980550a0;
 .timescale -9 -12;
    .port_info 0 /OUTPUT 1 "out";
    .port_info 1 /INPUT 1 "in";
    .port_info 2 /INPUT 1 "clock";
    .port_info 3 /INPUT 1 "writing_enable";
P_000001fd9814d8f0 .param/l "WIDTH" 0 3 1025, +C4<00000000000000000000000000000001>;
v000001fd98253760_0 .net "clock", 0 0, v000001fd9824c280_0;  alias, 1 drivers
v000001fd98253800_0 .net "in", 0 0, L_000001fd982805d0;  alias, 1 drivers
v000001fd98252720_0 .var "out", 0 0;
v000001fd982520e0_0 .net "writing_enable", 0 0, v000001fd9821d510_0;  alias, 1 drivers
S_000001fd98258fa0 .scope module, "REG_vd" "register" 3 904, 3 1024 0, S_000001fd980550a0;
 .timescale -9 -12;
    .port_info 0 /OUTPUT 1 "out";
    .port_info 1 /INPUT 1 "in";
    .port_info 2 /INPUT 1 "clock";
    .port_info 3 /INPUT 1 "writing_enable";
P_000001fd9814dbf0 .param/l "WIDTH" 0 3 1025, +C4<00000000000000000000000000000001>;
v000001fd982539e0_0 .net "clock", 0 0, v000001fd9824c280_0;  alias, 1 drivers
v000001fd982524a0_0 .net "in", 0 0, v000001fd98256c80_0;  alias, 1 drivers
v000001fd98251460_0 .var "out", 0 0;
v000001fd98252360_0 .net "writing_enable", 0 0, v000001fd9821cc50_0;  alias, 1 drivers
S_000001fd98259130 .scope module, "memory_module" "MEMORY" 3 155, 3 956 0, S_000001fd980dece0;
 .timescale -9 -12;
    .port_info 0 /INPUT 1 "clk";
    .port_info 1 /INPUT 4 "REG_MAR";
    .port_info 2 /INPUT 5 "REG_MDR";
    .port_info 3 /INPUT 1 "read";
    .port_info 4 /INPUT 1 "write";
    .port_info 5 /OUTPUT 5 "MDR_out";
    .port_info 6 /OUTPUT 1 "s_vd";
    .port_info 7 /OUTPUT 6 "test_memory_0";
    .port_info 8 /OUTPUT 6 "test_memory_1";
    .port_info 9 /OUTPUT 6 "test_memory_2";
    .port_info 10 /OUTPUT 6 "test_memory_3";
    .port_info 11 /OUTPUT 6 "test_memory_4";
    .port_info 12 /OUTPUT 6 "test_memory_5";
    .port_info 13 /OUTPUT 6 "test_memory_6";
    .port_info 14 /OUTPUT 6 "test_memory_7";
    .port_info 15 /OUTPUT 6 "test_memory_8";
    .port_info 16 /OUTPUT 6 "test_memory_9";
    .port_info 17 /OUTPUT 6 "test_memory_10";
    .port_info 18 /OUTPUT 6 "test_memory_11";
    .port_info 19 /OUTPUT 6 "test_memory_12";
    .port_info 20 /OUTPUT 6 "test_memory_13";
    .port_info 21 /OUTPUT 6 "test_memory_14";
    .port_info 22 /OUTPUT 6 "test_memory_15";
v000001fd98256d20_0 .array/port v000001fd98256d20, 0;
L_000001fd982957e0 .functor BUFZ 6, v000001fd98256d20_0, C4<000000>, C4<000000>, C4<000000>;
v000001fd98256d20_1 .array/port v000001fd98256d20, 1;
L_000001fd98294dd0 .functor BUFZ 6, v000001fd98256d20_1, C4<000000>, C4<000000>, C4<000000>;
v000001fd98256d20_2 .array/port v000001fd98256d20, 2;
L_000001fd98294ba0 .functor BUFZ 6, v000001fd98256d20_2, C4<000000>, C4<000000>, C4<000000>;
v000001fd98256d20_3 .array/port v000001fd98256d20, 3;
L_000001fd98295a10 .functor BUFZ 6, v000001fd98256d20_3, C4<000000>, C4<000000>, C4<000000>;
v000001fd98256d20_4 .array/port v000001fd98256d20, 4;
L_000001fd98295af0 .functor BUFZ 6, v000001fd98256d20_4, C4<000000>, C4<000000>, C4<000000>;
v000001fd98256d20_5 .array/port v000001fd98256d20, 5;
L_000001fd982945f0 .functor BUFZ 6, v000001fd98256d20_5, C4<000000>, C4<000000>, C4<000000>;
v000001fd98256d20_6 .array/port v000001fd98256d20, 6;
L_000001fd982944a0 .functor BUFZ 6, v000001fd98256d20_6, C4<000000>, C4<000000>, C4<000000>;
v000001fd98256d20_7 .array/port v000001fd98256d20, 7;
L_000001fd98294e40 .functor BUFZ 6, v000001fd98256d20_7, C4<000000>, C4<000000>, C4<000000>;
v000001fd98256d20_8 .array/port v000001fd98256d20, 8;
L_000001fd982959a0 .functor BUFZ 6, v000001fd98256d20_8, C4<000000>, C4<000000>, C4<000000>;
v000001fd98256d20_9 .array/port v000001fd98256d20, 9;
L_000001fd98294350 .functor BUFZ 6, v000001fd98256d20_9, C4<000000>, C4<000000>, C4<000000>;
v000001fd98256d20_10 .array/port v000001fd98256d20, 10;
L_000001fd98295690 .functor BUFZ 6, v000001fd98256d20_10, C4<000000>, C4<000000>, C4<000000>;
v000001fd98256d20_11 .array/port v000001fd98256d20, 11;
L_000001fd98295460 .functor BUFZ 6, v000001fd98256d20_11, C4<000000>, C4<000000>, C4<000000>;
v000001fd98256d20_12 .array/port v000001fd98256d20, 12;
L_000001fd982951c0 .functor BUFZ 6, v000001fd98256d20_12, C4<000000>, C4<000000>, C4<000000>;
v000001fd98256d20_13 .array/port v000001fd98256d20, 13;
L_000001fd98294a50 .functor BUFZ 6, v000001fd98256d20_13, C4<000000>, C4<000000>, C4<000000>;
v000001fd98256d20_14 .array/port v000001fd98256d20, 14;
L_000001fd98295770 .functor BUFZ 6, v000001fd98256d20_14, C4<000000>, C4<000000>, C4<000000>;
v000001fd98256d20_15 .array/port v000001fd98256d20, 15;
L_000001fd98294740 .functor BUFZ 6, v000001fd98256d20_15, C4<000000>, C4<000000>, C4<000000>;
v000001fd982563c0_0 .var "MDR_out", 4 0;
v000001fd98254020_0 .net "REG_MAR", 3 0, L_000001fd98294890;  alias, 1 drivers
v000001fd98256be0_0 .net "REG_MDR", 4 0, L_000001fd98295380;  alias, 1 drivers
v000001fd982565a0_0 .net "clk", 0 0, v000001fd9824c280_0;  alias, 1 drivers
v000001fd98257220_0 .var/i "i", 31 0;
v000001fd98256d20 .array "memory", 0 15, 5 0;
v000001fd98256b40_0 .net "read", 0 0, v000001fd9819cde0_0;  alias, 1 drivers
v000001fd98256c80_0 .var "s_vd", 0 0;
v000001fd98256960_0 .net "test_memory_0", 5 0, L_000001fd982957e0;  alias, 1 drivers
v000001fd98256dc0_0 .net "test_memory_1", 5 0, L_000001fd98294dd0;  alias, 1 drivers
v000001fd98256e60_0 .net "test_memory_10", 5 0, L_000001fd98295690;  alias, 1 drivers
v000001fd98256500_0 .net "test_memory_11", 5 0, L_000001fd98295460;  alias, 1 drivers
v000001fd982570e0_0 .net "test_memory_12", 5 0, L_000001fd982951c0;  alias, 1 drivers
v000001fd98256640_0 .net "test_memory_13", 5 0, L_000001fd98294a50;  alias, 1 drivers
v000001fd98256f00_0 .net "test_memory_14", 5 0, L_000001fd98295770;  alias, 1 drivers
v000001fd98256fa0_0 .net "test_memory_15", 5 0, L_000001fd98294740;  alias, 1 drivers
v000001fd982568c0_0 .net "test_memory_2", 5 0, L_000001fd98294ba0;  alias, 1 drivers
v000001fd98257040_0 .net "test_memory_3", 5 0, L_000001fd98295a10;  alias, 1 drivers
v000001fd982566e0_0 .net "test_memory_4", 5 0, L_000001fd98295af0;  alias, 1 drivers
v000001fd98256a00_0 .net "test_memory_5", 5 0, L_000001fd982945f0;  alias, 1 drivers
v000001fd98257180_0 .net "test_memory_6", 5 0, L_000001fd982944a0;  alias, 1 drivers
v000001fd982572c0_0 .net "test_memory_7", 5 0, L_000001fd98294e40;  alias, 1 drivers
v000001fd98256460_0 .net "test_memory_8", 5 0, L_000001fd982959a0;  alias, 1 drivers
v000001fd98256780_0 .net "test_memory_9", 5 0, L_000001fd98294350;  alias, 1 drivers
v000001fd98256820_0 .net "write", 0 0, v000001fd9821d1f0_0;  alias, 1 drivers
    .scope S_000001fd980daa10;
T_0 ;
    %pushi/vec4 0, 0, 4;
    %store/vec4 v000001fd9819dd80_0, 0, 4;
    %end;
    .thread T_0;
    .scope S_000001fd980daa10;
T_1 ;
    %wait E_000001fd9814d3f0;
    %load/vec4 v000001fd9819cca0_0;
    %assign/vec4 v000001fd9819dd80_0, 0;
    %jmp T_1;
    .thread T_1;
    .scope S_000001fd980daa10;
T_2 ;
    %wait E_000001fd9814d270;
    %load/vec4 v000001fd9819dd80_0;
    %dup/vec4;
    %pushi/vec4 0, 0, 4;
    %cmp/u;
    %jmp/1 T_2.0, 6;
    %dup/vec4;
    %pushi/vec4 1, 0, 4;
    %cmp/u;
    %jmp/1 T_2.1, 6;
    %dup/vec4;
    %pushi/vec4 8, 0, 4;
    %cmp/u;
    %jmp/1 T_2.2, 6;
    %dup/vec4;
    %pushi/vec4 2, 0, 4;
    %cmp/u;
    %jmp/1 T_2.3, 6;
    %dup/vec4;
    %pushi/vec4 12, 0, 4;
    %cmp/u;
    %jmp/1 T_2.4, 6;
    %dup/vec4;
    %pushi/vec4 4, 0, 4;
    %cmp/u;
    %jmp/1 T_2.5, 6;
    %dup/vec4;
    %pushi/vec4 5, 0, 4;
    %cmp/u;
    %jmp/1 T_2.6, 6;
    %dup/vec4;
    %pushi/vec4 10, 0, 4;
    %cmp/u;
    %jmp/1 T_2.7, 6;
    %dup/vec4;
    %pushi/vec4 3, 0, 4;
    %cmp/u;
    %jmp/1 T_2.8, 6;
    %dup/vec4;
    %pushi/vec4 9, 0, 4;
    %cmp/u;
    %jmp/1 T_2.9, 6;
    %dup/vec4;
    %pushi/vec4 6, 0, 4;
    %cmp/u;
    %jmp/1 T_2.10, 6;
    %dup/vec4;
    %pushi/vec4 7, 0, 4;
    %cmp/u;
    %jmp/1 T_2.11, 6;
    %dup/vec4;
    %pushi/vec4 11, 0, 4;
    %cmp/u;
    %jmp/1 T_2.12, 6;
    %pushi/vec4 0, 0, 4;
    %store/vec4 v000001fd9819cca0_0, 0, 4;
    %jmp T_2.14;
T_2.0 ;
    %load/vec4 v000001fd9821de70_0;
    %flag_set/vec4 8;
    %jmp/0xz  T_2.15, 8;
    %pushi/vec4 1, 0, 4;
    %store/vec4 v000001fd9819cca0_0, 0, 4;
    %jmp T_2.16;
T_2.15 ;
    %pushi/vec4 0, 0, 4;
    %store/vec4 v000001fd9819cca0_0, 0, 4;
T_2.16 ;
    %pushi/vec4 0, 0, 1;
    %assign/vec4 v000001fd9819cd40_0, 0;
    %jmp T_2.14;
T_2.1 ;
    %load/vec4 v000001fd9821de70_0;
    %flag_set/vec4 8;
    %jmp/0xz  T_2.17, 8;
    %pushi/vec4 1, 0, 4;
    %store/vec4 v000001fd9819cca0_0, 0, 4;
    %jmp T_2.18;
T_2.17 ;
    %pushi/vec4 8, 0, 4;
    %store/vec4 v000001fd9819cca0_0, 0, 4;
T_2.18 ;
    %jmp T_2.14;
T_2.2 ;
    %pushi/vec4 2, 0, 4;
    %store/vec4 v000001fd9819cca0_0, 0, 4;
    %jmp T_2.14;
T_2.3 ;
    %pushi/vec4 12, 0, 4;
    %store/vec4 v000001fd9819cca0_0, 0, 4;
    %jmp T_2.14;
T_2.4 ;
    %load/vec4 v000001fd9821e050_0;
    %flag_set/vec4 8;
    %jmp/0xz  T_2.19, 8;
    %pushi/vec4 4, 0, 4;
    %store/vec4 v000001fd9819cca0_0, 0, 4;
    %jmp T_2.20;
T_2.19 ;
    %pushi/vec4 3, 0, 4;
    %store/vec4 v000001fd9819cca0_0, 0, 4;
T_2.20 ;
    %jmp T_2.14;
T_2.5 ;
    %pushi/vec4 5, 0, 4;
    %store/vec4 v000001fd9819cca0_0, 0, 4;
    %jmp T_2.14;
T_2.6 ;
    %pushi/vec4 10, 0, 4;
    %store/vec4 v000001fd9819cca0_0, 0, 4;
    %jmp T_2.14;
T_2.7 ;
    %pushi/vec4 3, 0, 4;
    %store/vec4 v000001fd9819cca0_0, 0, 4;
    %jmp T_2.14;
T_2.8 ;
    %pushi/vec4 9, 0, 4;
    %store/vec4 v000001fd9819cca0_0, 0, 4;
    %jmp T_2.14;
T_2.9 ;
    %load/vec4 v000001fd9819cf20_0;
    %load/vec4 v000001fd9819cd40_0;
    %and;
    %flag_set/vec4 8;
    %jmp/0xz  T_2.21, 8;
    %pushi/vec4 6, 0, 4;
    %store/vec4 v000001fd9819cca0_0, 0, 4;
    %jmp T_2.22;
T_2.21 ;
    %pushi/vec4 2, 0, 4;
    %assign/vec4 v000001fd9819cca0_0, 0;
    %pushi/vec4 1, 0, 1;
    %assign/vec4 v000001fd9819cd40_0, 0;
T_2.22 ;
    %jmp T_2.14;
T_2.10 ;
    %pushi/vec4 7, 0, 4;
    %store/vec4 v000001fd9819cca0_0, 0, 4;
    %jmp T_2.14;
T_2.11 ;
    %pushi/vec4 11, 0, 4;
    %store/vec4 v000001fd9819cca0_0, 0, 4;
    %jmp T_2.14;
T_2.12 ;
    %pushi/vec4 11, 0, 4;
    %store/vec4 v000001fd9819cca0_0, 0, 4;
    %jmp T_2.14;
T_2.14 ;
    %pop/vec4 1;
    %load/vec4 v000001fd9819dd80_0;
    %dup/vec4;
    %pushi/vec4 0, 0, 4;
    %cmp/u;
    %jmp/1 T_2.23, 6;
    %dup/vec4;
    %pushi/vec4 1, 0, 4;
    %cmp/u;
    %jmp/1 T_2.24, 6;
    %dup/vec4;
    %pushi/vec4 2, 0, 4;
    %cmp/u;
    %jmp/1 T_2.25, 6;
    %dup/vec4;
    %pushi/vec4 3, 0, 4;
    %cmp/u;
    %jmp/1 T_2.26, 6;
    %dup/vec4;
    %pushi/vec4 4, 0, 4;
    %cmp/u;
    %jmp/1 T_2.27, 6;
    %dup/vec4;
    %pushi/vec4 5, 0, 4;
    %cmp/u;
    %jmp/1 T_2.28, 6;
    %dup/vec4;
    %pushi/vec4 6, 0, 4;
    %cmp/u;
    %jmp/1 T_2.29, 6;
    %dup/vec4;
    %pushi/vec4 7, 0, 4;
    %cmp/u;
    %jmp/1 T_2.30, 6;
    %dup/vec4;
    %pushi/vec4 8, 0, 4;
    %cmp/u;
    %jmp/1 T_2.31, 6;
    %dup/vec4;
    %pushi/vec4 9, 0, 4;
    %cmp/u;
    %jmp/1 T_2.32, 6;
    %dup/vec4;
    %pushi/vec4 10, 0, 4;
    %cmp/u;
    %jmp/1 T_2.33, 6;
    %dup/vec4;
    %pushi/vec4 11, 0, 4;
    %cmp/u;
    %jmp/1 T_2.34, 6;
    %dup/vec4;
    %pushi/vec4 12, 0, 4;
    %cmp/u;
    %jmp/1 T_2.35, 6;
    %jmp T_2.36;
T_2.23 ;
    %pushi/vec4 0, 0, 1;
    %store/vec4 v000001fd9821cd90_0, 0, 1;
    %pushi/vec4 0, 0, 1;
    %store/vec4 v000001fd9821c390_0, 0, 1;
    %pushi/vec4 0, 0, 1;
    %store/vec4 v000001fd9821dd30_0, 0, 1;
    %pushi/vec4 0, 0, 1;
    %store/vec4 v000001fd9821c430_0, 0, 1;
    %pushi/vec4 0, 0, 1;
    %store/vec4 v000001fd9821e690_0, 0, 1;
    %pushi/vec4 0, 0, 2;
    %store/vec4 v000001fd9821c6b0_0, 0, 2;
    %pushi/vec4 0, 0, 2;
    %store/vec4 v000001fd9821c610_0, 0, 2;
    %pushi/vec4 0, 0, 1;
    %store/vec4 v000001fd9821e730_0, 0, 1;
    %pushi/vec4 0, 0, 1;
    %store/vec4 v000001fd9821d010_0, 0, 1;
    %pushi/vec4 1, 0, 1;
    %store/vec4 v000001fd9819c5c0_0, 0, 1;
    %pushi/vec4 1, 0, 1;
    %store/vec4 v000001fd9821d330_0, 0, 1;
    %pushi/vec4 1, 0, 1;
    %store/vec4 v000001fd9821e550_0, 0, 1;
    %pushi/vec4 1, 0, 1;
    %store/vec4 v000001fd9821e5f0_0, 0, 1;
    %pushi/vec4 1, 0, 1;
    %store/vec4 v000001fd9821d650_0, 0, 1;
    %pushi/vec4 1, 0, 1;
    %store/vec4 v000001fd9821c4d0_0, 0, 1;
    %pushi/vec4 1, 0, 1;
    %store/vec4 v000001fd9819a2c0_0, 0, 1;
    %pushi/vec4 1, 0, 1;
    %store/vec4 v000001fd9821d3d0_0, 0, 1;
    %pushi/vec4 0, 0, 1;
    %store/vec4 v000001fd9821d510_0, 0, 1;
    %pushi/vec4 0, 0, 1;
    %store/vec4 v000001fd9821cc50_0, 0, 1;
    %pushi/vec4 0, 0, 1;
    %store/vec4 v000001fd9821c750_0, 0, 1;
    %pushi/vec4 0, 0, 2;
    %store/vec4 v000001fd9821cf70_0, 0, 2;
    %pushi/vec4 0, 0, 1;
    %store/vec4 v000001fd9821df10_0, 0, 1;
    %pushi/vec4 0, 0, 1;
    %store/vec4 v000001fd9819cde0_0, 0, 1;
    %pushi/vec4 0, 0, 1;
    %store/vec4 v000001fd9821d1f0_0, 0, 1;
    %jmp T_2.36;
T_2.24 ;
    %pushi/vec4 1, 0, 1;
    %store/vec4 v000001fd9821cd90_0, 0, 1;
    %pushi/vec4 0, 0, 1;
    %store/vec4 v000001fd9821c390_0, 0, 1;
    %pushi/vec4 0, 0, 1;
    %store/vec4 v000001fd9821dd30_0, 0, 1;
    %pushi/vec4 0, 0, 1;
    %store/vec4 v000001fd9821c430_0, 0, 1;
    %pushi/vec4 0, 0, 1;
    %store/vec4 v000001fd9821e690_0, 0, 1;
    %pushi/vec4 1, 0, 2;
    %store/vec4 v000001fd9821c6b0_0, 0, 2;
    %pushi/vec4 1, 0, 2;
    %store/vec4 v000001fd9821c610_0, 0, 2;
    %pushi/vec4 0, 0, 1;
    %store/vec4 v000001fd9821e730_0, 0, 1;
    %pushi/vec4 0, 0, 1;
    %store/vec4 v000001fd9821d010_0, 0, 1;
    %pushi/vec4 1, 0, 1;
    %store/vec4 v000001fd9819c5c0_0, 0, 1;
    %pushi/vec4 0, 0, 1;
    %store/vec4 v000001fd9821d330_0, 0, 1;
    %pushi/vec4 0, 0, 1;
    %store/vec4 v000001fd9821e550_0, 0, 1;
    %pushi/vec4 0, 0, 1;
    %store/vec4 v000001fd9821e5f0_0, 0, 1;
    %pushi/vec4 0, 0, 1;
    %store/vec4 v000001fd9821d650_0, 0, 1;
    %pushi/vec4 1, 0, 1;
    %store/vec4 v000001fd9821c4d0_0, 0, 1;
    %pushi/vec4 1, 0, 1;
    %store/vec4 v000001fd9819a2c0_0, 0, 1;
    %pushi/vec4 0, 0, 1;
    %store/vec4 v000001fd9821d3d0_0, 0, 1;
    %pushi/vec4 0, 0, 1;
    %store/vec4 v000001fd9821d510_0, 0, 1;
    %pushi/vec4 0, 0, 1;
    %store/vec4 v000001fd9821cc50_0, 0, 1;
    %pushi/vec4 0, 0, 1;
    %store/vec4 v000001fd9821c750_0, 0, 1;
    %pushi/vec4 0, 0, 2;
    %store/vec4 v000001fd9821cf70_0, 0, 2;
    %pushi/vec4 0, 0, 1;
    %store/vec4 v000001fd9821df10_0, 0, 1;
    %pushi/vec4 0, 0, 1;
    %store/vec4 v000001fd9819cde0_0, 0, 1;
    %pushi/vec4 1, 0, 1;
    %store/vec4 v000001fd9821d1f0_0, 0, 1;
    %jmp T_2.36;
T_2.25 ;
    %pushi/vec4 0, 0, 1;
    %store/vec4 v000001fd9821cd90_0, 0, 1;
    %pushi/vec4 0, 0, 1;
    %store/vec4 v000001fd9821c390_0, 0, 1;
    %pushi/vec4 0, 0, 1;
    %store/vec4 v000001fd9821dd30_0, 0, 1;
    %pushi/vec4 0, 0, 1;
    %store/vec4 v000001fd9821c430_0, 0, 1;
    %pushi/vec4 0, 0, 1;
    %store/vec4 v000001fd9821e690_0, 0, 1;
    %pushi/vec4 0, 0, 2;
    %store/vec4 v000001fd9821c6b0_0, 0, 2;
    %pushi/vec4 2, 0, 2;
    %store/vec4 v000001fd9821c610_0, 0, 2;
    %pushi/vec4 0, 0, 1;
    %store/vec4 v000001fd9821e730_0, 0, 1;
    %pushi/vec4 0, 0, 1;
    %store/vec4 v000001fd9821d010_0, 0, 1;
    %pushi/vec4 0, 0, 1;
    %store/vec4 v000001fd9819c5c0_0, 0, 1;
    %pushi/vec4 0, 0, 1;
    %store/vec4 v000001fd9821d330_0, 0, 1;
    %pushi/vec4 0, 0, 1;
    %store/vec4 v000001fd9821e550_0, 0, 1;
    %pushi/vec4 0, 0, 1;
    %store/vec4 v000001fd9821e5f0_0, 0, 1;
    %pushi/vec4 0, 0, 1;
    %store/vec4 v000001fd9821d650_0, 0, 1;
    %pushi/vec4 1, 0, 1;
    %store/vec4 v000001fd9821c4d0_0, 0, 1;
    %pushi/vec4 0, 0, 1;
    %store/vec4 v000001fd9819a2c0_0, 0, 1;
    %pushi/vec4 0, 0, 1;
    %store/vec4 v000001fd9821d3d0_0, 0, 1;
    %pushi/vec4 1, 0, 1;
    %store/vec4 v000001fd9821d510_0, 0, 1;
    %pushi/vec4 1, 0, 1;
    %store/vec4 v000001fd9821cc50_0, 0, 1;
    %pushi/vec4 0, 0, 1;
    %store/vec4 v000001fd9821c750_0, 0, 1;
    %pushi/vec4 0, 0, 2;
    %store/vec4 v000001fd9821cf70_0, 0, 2;
    %pushi/vec4 0, 0, 1;
    %store/vec4 v000001fd9821df10_0, 0, 1;
    %pushi/vec4 1, 0, 1;
    %store/vec4 v000001fd9819cde0_0, 0, 1;
    %pushi/vec4 0, 0, 1;
    %store/vec4 v000001fd9821d1f0_0, 0, 1;
    %jmp T_2.36;
T_2.26 ;
    %pushi/vec4 0, 0, 1;
    %store/vec4 v000001fd9821cd90_0, 0, 1;
    %pushi/vec4 0, 0, 1;
    %store/vec4 v000001fd9821c390_0, 0, 1;
    %pushi/vec4 0, 0, 1;
    %store/vec4 v000001fd9821dd30_0, 0, 1;
    %pushi/vec4 0, 0, 1;
    %store/vec4 v000001fd9821c430_0, 0, 1;
    %pushi/vec4 0, 0, 1;
    %store/vec4 v000001fd9821e690_0, 0, 1;
    %pushi/vec4 2, 0, 2;
    %store/vec4 v000001fd9821c6b0_0, 0, 2;
    %pushi/vec4 0, 0, 2;
    %store/vec4 v000001fd9821c610_0, 0, 2;
    %pushi/vec4 0, 0, 1;
    %store/vec4 v000001fd9821e730_0, 0, 1;
    %pushi/vec4 0, 0, 1;
    %store/vec4 v000001fd9821d010_0, 0, 1;
    %pushi/vec4 0, 0, 1;
    %store/vec4 v000001fd9819c5c0_0, 0, 1;
    %pushi/vec4 0, 0, 1;
    %store/vec4 v000001fd9821d330_0, 0, 1;
    %pushi/vec4 0, 0, 1;
    %store/vec4 v000001fd9821e550_0, 0, 1;
    %pushi/vec4 0, 0, 1;
    %store/vec4 v000001fd9821e5f0_0, 0, 1;
    %pushi/vec4 0, 0, 1;
    %store/vec4 v000001fd9821d650_0, 0, 1;
    %pushi/vec4 0, 0, 1;
    %store/vec4 v000001fd9821c4d0_0, 0, 1;
    %pushi/vec4 1, 0, 1;
    %store/vec4 v000001fd9819a2c0_0, 0, 1;
    %pushi/vec4 0, 0, 1;
    %store/vec4 v000001fd9821d3d0_0, 0, 1;
    %pushi/vec4 0, 0, 1;
    %store/vec4 v000001fd9821d510_0, 0, 1;
    %pushi/vec4 0, 0, 1;
    %store/vec4 v000001fd9821cc50_0, 0, 1;
    %pushi/vec4 1, 0, 1;
    %store/vec4 v000001fd9821c750_0, 0, 1;
    %pushi/vec4 0, 0, 2;
    %store/vec4 v000001fd9821cf70_0, 0, 2;
    %pushi/vec4 0, 0, 1;
    %store/vec4 v000001fd9821df10_0, 0, 1;
    %pushi/vec4 0, 0, 1;
    %store/vec4 v000001fd9819cde0_0, 0, 1;
    %pushi/vec4 0, 0, 1;
    %store/vec4 v000001fd9821d1f0_0, 0, 1;
    %jmp T_2.36;
T_2.27 ;
    %pushi/vec4 0, 0, 1;
    %store/vec4 v000001fd9821cd90_0, 0, 1;
    %pushi/vec4 1, 0, 1;
    %store/vec4 v000001fd9821c390_0, 0, 1;
    %pushi/vec4 1, 0, 1;
    %store/vec4 v000001fd9821dd30_0, 0, 1;
    %pushi/vec4 0, 0, 1;
    %store/vec4 v000001fd9821c430_0, 0, 1;
    %pushi/vec4 0, 0, 1;
    %store/vec4 v000001fd9821e690_0, 0, 1;
    %pushi/vec4 0, 0, 2;
    %store/vec4 v000001fd9821c6b0_0, 0, 2;
    %pushi/vec4 0, 0, 2;
    %store/vec4 v000001fd9821c610_0, 0, 2;
    %pushi/vec4 0, 0, 1;
    %store/vec4 v000001fd9821e730_0, 0, 1;
    %pushi/vec4 0, 0, 1;
    %store/vec4 v000001fd9821d010_0, 0, 1;
    %pushi/vec4 0, 0, 1;
    %store/vec4 v000001fd9819c5c0_0, 0, 1;
    %pushi/vec4 1, 0, 1;
    %store/vec4 v000001fd9821d330_0, 0, 1;
    %pushi/vec4 1, 0, 1;
    %store/vec4 v000001fd9821e550_0, 0, 1;
    %pushi/vec4 0, 0, 1;
    %store/vec4 v000001fd9821e5f0_0, 0, 1;
    %pushi/vec4 0, 0, 1;
    %store/vec4 v000001fd9821d650_0, 0, 1;
    %pushi/vec4 0, 0, 1;
    %store/vec4 v000001fd9821c4d0_0, 0, 1;
    %pushi/vec4 0, 0, 1;
    %store/vec4 v000001fd9819a2c0_0, 0, 1;
    %pushi/vec4 0, 0, 1;
    %store/vec4 v000001fd9821d3d0_0, 0, 1;
    %pushi/vec4 0, 0, 1;
    %store/vec4 v000001fd9821d510_0, 0, 1;
    %pushi/vec4 0, 0, 1;
    %store/vec4 v000001fd9821cc50_0, 0, 1;
    %pushi/vec4 0, 0, 1;
    %store/vec4 v000001fd9821c750_0, 0, 1;
    %pushi/vec4 1, 0, 2;
    %store/vec4 v000001fd9821cf70_0, 0, 2;
    %pushi/vec4 0, 0, 1;
    %store/vec4 v000001fd9821df10_0, 0, 1;
    %pushi/vec4 0, 0, 1;
    %store/vec4 v000001fd9819cde0_0, 0, 1;
    %pushi/vec4 0, 0, 1;
    %store/vec4 v000001fd9821d1f0_0, 0, 1;
    %jmp T_2.36;
T_2.28 ;
    %pushi/vec4 0, 0, 1;
    %store/vec4 v000001fd9821cd90_0, 0, 1;
    %pushi/vec4 0, 0, 1;
    %store/vec4 v000001fd9821c390_0, 0, 1;
    %pushi/vec4 0, 0, 1;
    %store/vec4 v000001fd9821dd30_0, 0, 1;
    %pushi/vec4 1, 0, 1;
    %store/vec4 v000001fd9821c430_0, 0, 1;
    %pushi/vec4 1, 0, 1;
    %store/vec4 v000001fd9821e690_0, 0, 1;
    %pushi/vec4 0, 0, 2;
    %store/vec4 v000001fd9821c6b0_0, 0, 2;
    %pushi/vec4 0, 0, 2;
    %store/vec4 v000001fd9821c610_0, 0, 2;
    %pushi/vec4 0, 0, 1;
    %store/vec4 v000001fd9821e730_0, 0, 1;
    %pushi/vec4 0, 0, 1;
    %store/vec4 v000001fd9821d010_0, 0, 1;
    %pushi/vec4 0, 0, 1;
    %store/vec4 v000001fd9819c5c0_0, 0, 1;
    %pushi/vec4 0, 0, 1;
    %store/vec4 v000001fd9821d330_0, 0, 1;
    %pushi/vec4 0, 0, 1;
    %store/vec4 v000001fd9821e550_0, 0, 1;
    %pushi/vec4 1, 0, 1;
    %store/vec4 v000001fd9821e5f0_0, 0, 1;
    %pushi/vec4 1, 0, 1;
    %store/vec4 v000001fd9821d650_0, 0, 1;
    %pushi/vec4 0, 0, 1;
    %store/vec4 v000001fd9821c4d0_0, 0, 1;
    %pushi/vec4 0, 0, 1;
    %store/vec4 v000001fd9819a2c0_0, 0, 1;
    %pushi/vec4 0, 0, 1;
    %store/vec4 v000001fd9821d3d0_0, 0, 1;
    %pushi/vec4 0, 0, 1;
    %store/vec4 v000001fd9821d510_0, 0, 1;
    %pushi/vec4 0, 0, 1;
    %store/vec4 v000001fd9821cc50_0, 0, 1;
    %pushi/vec4 0, 0, 1;
    %store/vec4 v000001fd9821c750_0, 0, 1;
    %pushi/vec4 2, 0, 2;
    %store/vec4 v000001fd9821cf70_0, 0, 2;
    %pushi/vec4 0, 0, 1;
    %store/vec4 v000001fd9821df10_0, 0, 1;
    %pushi/vec4 0, 0, 1;
    %store/vec4 v000001fd9819cde0_0, 0, 1;
    %pushi/vec4 0, 0, 1;
    %store/vec4 v000001fd9821d1f0_0, 0, 1;
    %jmp T_2.36;
T_2.29 ;
    %pushi/vec4 0, 0, 1;
    %store/vec4 v000001fd9821cd90_0, 0, 1;
    %pushi/vec4 0, 0, 1;
    %store/vec4 v000001fd9821c390_0, 0, 1;
    %pushi/vec4 0, 0, 1;
    %store/vec4 v000001fd9821dd30_0, 0, 1;
    %pushi/vec4 0, 0, 1;
    %store/vec4 v000001fd9821c430_0, 0, 1;
    %pushi/vec4 0, 0, 1;
    %store/vec4 v000001fd9821e690_0, 0, 1;
    %pushi/vec4 0, 0, 2;
    %store/vec4 v000001fd9821c6b0_0, 0, 2;
    %pushi/vec4 0, 0, 2;
    %store/vec4 v000001fd9821c610_0, 0, 2;
    %pushi/vec4 0, 0, 1;
    %store/vec4 v000001fd9821e730_0, 0, 1;
    %pushi/vec4 0, 0, 1;
    %store/vec4 v000001fd9821d010_0, 0, 1;
    %pushi/vec4 0, 0, 1;
    %store/vec4 v000001fd9819c5c0_0, 0, 1;
    %pushi/vec4 0, 0, 1;
    %store/vec4 v000001fd9821d330_0, 0, 1;
    %pushi/vec4 0, 0, 1;
    %store/vec4 v000001fd9821e550_0, 0, 1;
    %pushi/vec4 0, 0, 1;
    %store/vec4 v000001fd9821e5f0_0, 0, 1;
    %pushi/vec4 0, 0, 1;
    %store/vec4 v000001fd9821d650_0, 0, 1;
    %pushi/vec4 0, 0, 1;
    %store/vec4 v000001fd9821c4d0_0, 0, 1;
    %pushi/vec4 0, 0, 1;
    %store/vec4 v000001fd9819a2c0_0, 0, 1;
    %pushi/vec4 0, 0, 1;
    %store/vec4 v000001fd9821d3d0_0, 0, 1;
    %pushi/vec4 0, 0, 1;
    %store/vec4 v000001fd9821d510_0, 0, 1;
    %pushi/vec4 0, 0, 1;
    %store/vec4 v000001fd9821cc50_0, 0, 1;
    %pushi/vec4 0, 0, 1;
    %store/vec4 v000001fd9821c750_0, 0, 1;
    %pushi/vec4 0, 0, 2;
    %store/vec4 v000001fd9821cf70_0, 0, 2;
    %pushi/vec4 1, 0, 1;
    %store/vec4 v000001fd9821df10_0, 0, 1;
    %pushi/vec4 0, 0, 1;
    %store/vec4 v000001fd9819cde0_0, 0, 1;
    %pushi/vec4 0, 0, 1;
    %store/vec4 v000001fd9821d1f0_0, 0, 1;
    %jmp T_2.36;
T_2.30 ;
    %pushi/vec4 0, 0, 1;
    %store/vec4 v000001fd9821cd90_0, 0, 1;
    %pushi/vec4 0, 0, 1;
    %store/vec4 v000001fd9821c390_0, 0, 1;
    %pushi/vec4 0, 0, 1;
    %store/vec4 v000001fd9821dd30_0, 0, 1;
    %pushi/vec4 0, 0, 1;
    %store/vec4 v000001fd9821c430_0, 0, 1;
    %pushi/vec4 0, 0, 1;
    %store/vec4 v000001fd9821e690_0, 0, 1;
    %pushi/vec4 0, 0, 2;
    %store/vec4 v000001fd9821c6b0_0, 0, 2;
    %pushi/vec4 0, 0, 2;
    %store/vec4 v000001fd9821c610_0, 0, 2;
    %pushi/vec4 1, 0, 1;
    %store/vec4 v000001fd9821e730_0, 0, 1;
    %pushi/vec4 1, 0, 1;
    %store/vec4 v000001fd9821d010_0, 0, 1;
    %pushi/vec4 0, 0, 1;
    %store/vec4 v000001fd9819c5c0_0, 0, 1;
    %pushi/vec4 0, 0, 1;
    %store/vec4 v000001fd9821d330_0, 0, 1;
    %pushi/vec4 0, 0, 1;
    %store/vec4 v000001fd9821e550_0, 0, 1;
    %pushi/vec4 0, 0, 1;
    %store/vec4 v000001fd9821e5f0_0, 0, 1;
    %pushi/vec4 0, 0, 1;
    %store/vec4 v000001fd9821d650_0, 0, 1;
    %pushi/vec4 0, 0, 1;
    %store/vec4 v000001fd9821c4d0_0, 0, 1;
    %pushi/vec4 0, 0, 1;
    %store/vec4 v000001fd9819a2c0_0, 0, 1;
    %pushi/vec4 0, 0, 1;
    %store/vec4 v000001fd9821d3d0_0, 0, 1;
    %pushi/vec4 0, 0, 1;
    %store/vec4 v000001fd9821d510_0, 0, 1;
    %pushi/vec4 0, 0, 1;
    %store/vec4 v000001fd9821cc50_0, 0, 1;
    %pushi/vec4 0, 0, 1;
    %store/vec4 v000001fd9821c750_0, 0, 1;
    %pushi/vec4 0, 0, 2;
    %store/vec4 v000001fd9821cf70_0, 0, 2;
    %pushi/vec4 1, 0, 1;
    %store/vec4 v000001fd9821df10_0, 0, 1;
    %pushi/vec4 0, 0, 1;
    %store/vec4 v000001fd9819cde0_0, 0, 1;
    %pushi/vec4 0, 0, 1;
    %store/vec4 v000001fd9821d1f0_0, 0, 1;
    %jmp T_2.36;
T_2.31 ;
    %pushi/vec4 0, 0, 1;
    %store/vec4 v000001fd9821cd90_0, 0, 1;
    %pushi/vec4 0, 0, 1;
    %store/vec4 v000001fd9821c390_0, 0, 1;
    %pushi/vec4 0, 0, 1;
    %store/vec4 v000001fd9821dd30_0, 0, 1;
    %pushi/vec4 0, 0, 1;
    %store/vec4 v000001fd9821c430_0, 0, 1;
    %pushi/vec4 0, 0, 1;
    %store/vec4 v000001fd9821e690_0, 0, 1;
    %pushi/vec4 3, 0, 2;
    %store/vec4 v000001fd9821c6b0_0, 0, 2;
    %pushi/vec4 0, 0, 2;
    %store/vec4 v000001fd9821c610_0, 0, 2;
    %pushi/vec4 0, 0, 1;
    %store/vec4 v000001fd9821e730_0, 0, 1;
    %pushi/vec4 0, 0, 1;
    %store/vec4 v000001fd9821d010_0, 0, 1;
    %pushi/vec4 0, 0, 1;
    %store/vec4 v000001fd9819c5c0_0, 0, 1;
    %pushi/vec4 0, 0, 1;
    %store/vec4 v000001fd9821d330_0, 0, 1;
    %pushi/vec4 0, 0, 1;
    %store/vec4 v000001fd9821e550_0, 0, 1;
    %pushi/vec4 0, 0, 1;
    %store/vec4 v000001fd9821e5f0_0, 0, 1;
    %pushi/vec4 0, 0, 1;
    %store/vec4 v000001fd9821d650_0, 0, 1;
    %pushi/vec4 0, 0, 1;
    %store/vec4 v000001fd9821c4d0_0, 0, 1;
    %pushi/vec4 1, 0, 1;
    %store/vec4 v000001fd9819a2c0_0, 0, 1;
    %pushi/vec4 0, 0, 1;
    %store/vec4 v000001fd9821d3d0_0, 0, 1;
    %pushi/vec4 0, 0, 1;
    %store/vec4 v000001fd9821d510_0, 0, 1;
    %pushi/vec4 0, 0, 1;
    %store/vec4 v000001fd9821cc50_0, 0, 1;
    %pushi/vec4 0, 0, 1;
    %store/vec4 v000001fd9821c750_0, 0, 1;
    %pushi/vec4 0, 0, 2;
    %store/vec4 v000001fd9821cf70_0, 0, 2;
    %pushi/vec4 0, 0, 1;
    %store/vec4 v000001fd9821df10_0, 0, 1;
    %pushi/vec4 0, 0, 1;
    %store/vec4 v000001fd9819cde0_0, 0, 1;
    %pushi/vec4 0, 0, 1;
    %store/vec4 v000001fd9821d1f0_0, 0, 1;
    %jmp T_2.36;
T_2.32 ;
    %pushi/vec4 0, 0, 1;
    %store/vec4 v000001fd9821cd90_0, 0, 1;
    %pushi/vec4 0, 0, 1;
    %store/vec4 v000001fd9821c390_0, 0, 1;
    %pushi/vec4 0, 0, 1;
    %store/vec4 v000001fd9821dd30_0, 0, 1;
    %pushi/vec4 0, 0, 1;
    %store/vec4 v000001fd9821c430_0, 0, 1;
    %pushi/vec4 0, 0, 1;
    %store/vec4 v000001fd9821e690_0, 0, 1;
    %pushi/vec4 0, 0, 2;
    %store/vec4 v000001fd9821c6b0_0, 0, 2;
    %pushi/vec4 0, 0, 2;
    %store/vec4 v000001fd9821c610_0, 0, 2;
    %pushi/vec4 0, 0, 1;
    %store/vec4 v000001fd9821e730_0, 0, 1;
    %pushi/vec4 0, 0, 1;
    %store/vec4 v000001fd9821d010_0, 0, 1;
    %pushi/vec4 0, 0, 1;
    %store/vec4 v000001fd9819c5c0_0, 0, 1;
    %pushi/vec4 0, 0, 1;
    %store/vec4 v000001fd9821d330_0, 0, 1;
    %pushi/vec4 0, 0, 1;
    %store/vec4 v000001fd9821e550_0, 0, 1;
    %pushi/vec4 0, 0, 1;
    %store/vec4 v000001fd9821e5f0_0, 0, 1;
    %pushi/vec4 0, 0, 1;
    %store/vec4 v000001fd9821d650_0, 0, 1;
    %pushi/vec4 0, 0, 1;
    %store/vec4 v000001fd9821c4d0_0, 0, 1;
    %pushi/vec4 0, 0, 1;
    %store/vec4 v000001fd9819a2c0_0, 0, 1;
    %pushi/vec4 0, 0, 1;
    %store/vec4 v000001fd9821d3d0_0, 0, 1;
    %pushi/vec4 0, 0, 1;
    %store/vec4 v000001fd9821d510_0, 0, 1;
    %pushi/vec4 0, 0, 1;
    %store/vec4 v000001fd9821cc50_0, 0, 1;
    %pushi/vec4 0, 0, 1;
    %store/vec4 v000001fd9821c750_0, 0, 1;
    %pushi/vec4 0, 0, 2;
    %store/vec4 v000001fd9821cf70_0, 0, 2;
    %pushi/vec4 0, 0, 1;
    %store/vec4 v000001fd9821df10_0, 0, 1;
    %pushi/vec4 0, 0, 1;
    %store/vec4 v000001fd9819cde0_0, 0, 1;
    %pushi/vec4 0, 0, 1;
    %store/vec4 v000001fd9821d1f0_0, 0, 1;
    %jmp T_2.36;
T_2.33 ;
    %pushi/vec4 0, 0, 1;
    %store/vec4 v000001fd9821cd90_0, 0, 1;
    %pushi/vec4 0, 0, 1;
    %store/vec4 v000001fd9821c390_0, 0, 1;
    %pushi/vec4 0, 0, 1;
    %store/vec4 v000001fd9821dd30_0, 0, 1;
    %pushi/vec4 0, 0, 1;
    %store/vec4 v000001fd9821c430_0, 0, 1;
    %pushi/vec4 0, 0, 1;
    %store/vec4 v000001fd9821e690_0, 0, 1;
    %pushi/vec4 0, 0, 2;
    %store/vec4 v000001fd9821c6b0_0, 0, 2;
    %pushi/vec4 0, 0, 2;
    %store/vec4 v000001fd9821c610_0, 0, 2;
    %pushi/vec4 0, 0, 1;
    %store/vec4 v000001fd9821e730_0, 0, 1;
    %pushi/vec4 0, 0, 1;
    %store/vec4 v000001fd9821d010_0, 0, 1;
    %pushi/vec4 0, 0, 1;
    %store/vec4 v000001fd9819c5c0_0, 0, 1;
    %pushi/vec4 0, 0, 1;
    %store/vec4 v000001fd9821d330_0, 0, 1;
    %pushi/vec4 0, 0, 1;
    %store/vec4 v000001fd9821e550_0, 0, 1;
    %pushi/vec4 0, 0, 1;
    %store/vec4 v000001fd9821e5f0_0, 0, 1;
    %pushi/vec4 0, 0, 1;
    %store/vec4 v000001fd9821d650_0, 0, 1;
    %pushi/vec4 0, 0, 1;
    %store/vec4 v000001fd9821c4d0_0, 0, 1;
    %pushi/vec4 0, 0, 1;
    %store/vec4 v000001fd9819a2c0_0, 0, 1;
    %pushi/vec4 0, 0, 1;
    %store/vec4 v000001fd9821d3d0_0, 0, 1;
    %pushi/vec4 0, 0, 1;
    %store/vec4 v000001fd9821d510_0, 0, 1;
    %pushi/vec4 0, 0, 1;
    %store/vec4 v000001fd9821cc50_0, 0, 1;
    %pushi/vec4 0, 0, 1;
    %store/vec4 v000001fd9821c750_0, 0, 1;
    %pushi/vec4 0, 0, 2;
    %store/vec4 v000001fd9821cf70_0, 0, 2;
    %pushi/vec4 0, 0, 1;
    %store/vec4 v000001fd9821df10_0, 0, 1;
    %pushi/vec4 0, 0, 1;
    %store/vec4 v000001fd9819cde0_0, 0, 1;
    %pushi/vec4 0, 0, 1;
    %store/vec4 v000001fd9821d1f0_0, 0, 1;
    %jmp T_2.36;
T_2.34 ;
    %pushi/vec4 0, 0, 1;
    %store/vec4 v000001fd9821cd90_0, 0, 1;
    %pushi/vec4 0, 0, 1;
    %store/vec4 v000001fd9821c390_0, 0, 1;
    %pushi/vec4 0, 0, 1;
    %store/vec4 v000001fd9821dd30_0, 0, 1;
    %pushi/vec4 0, 0, 1;
    %store/vec4 v000001fd9821c430_0, 0, 1;
    %pushi/vec4 0, 0, 1;
    %store/vec4 v000001fd9821e690_0, 0, 1;
    %pushi/vec4 0, 0, 2;
    %store/vec4 v000001fd9821c6b0_0, 0, 2;
    %pushi/vec4 0, 0, 2;
    %store/vec4 v000001fd9821c610_0, 0, 2;
    %pushi/vec4 0, 0, 1;
    %store/vec4 v000001fd9821e730_0, 0, 1;
    %pushi/vec4 0, 0, 1;
    %store/vec4 v000001fd9821d010_0, 0, 1;
    %pushi/vec4 0, 0, 1;
    %store/vec4 v000001fd9819c5c0_0, 0, 1;
    %pushi/vec4 0, 0, 1;
    %store/vec4 v000001fd9821d330_0, 0, 1;
    %pushi/vec4 0, 0, 1;
    %store/vec4 v000001fd9821e550_0, 0, 1;
    %pushi/vec4 0, 0, 1;
    %store/vec4 v000001fd9821e5f0_0, 0, 1;
    %pushi/vec4 0, 0, 1;
    %store/vec4 v000001fd9821d650_0, 0, 1;
    %pushi/vec4 0, 0, 1;
    %store/vec4 v000001fd9821c4d0_0, 0, 1;
    %pushi/vec4 0, 0, 1;
    %store/vec4 v000001fd9819a2c0_0, 0, 1;
    %pushi/vec4 0, 0, 1;
    %store/vec4 v000001fd9821d3d0_0, 0, 1;
    %pushi/vec4 0, 0, 1;
    %store/vec4 v000001fd9821d510_0, 0, 1;
    %pushi/vec4 0, 0, 1;
    %store/vec4 v000001fd9821cc50_0, 0, 1;
    %pushi/vec4 0, 0, 1;
    %store/vec4 v000001fd9821c750_0, 0, 1;
    %pushi/vec4 0, 0, 2;
    %store/vec4 v000001fd9821cf70_0, 0, 2;
    %pushi/vec4 0, 0, 1;
    %store/vec4 v000001fd9821df10_0, 0, 1;
    %pushi/vec4 0, 0, 1;
    %store/vec4 v000001fd9819cde0_0, 0, 1;
    %pushi/vec4 0, 0, 1;
    %store/vec4 v000001fd9821d1f0_0, 0, 1;
    %jmp T_2.36;
T_2.35 ;
    %pushi/vec4 0, 0, 1;
    %store/vec4 v000001fd9821cd90_0, 0, 1;
    %pushi/vec4 0, 0, 1;
    %store/vec4 v000001fd9821c390_0, 0, 1;
    %pushi/vec4 0, 0, 1;
    %store/vec4 v000001fd9821dd30_0, 0, 1;
    %pushi/vec4 0, 0, 1;
    %store/vec4 v000001fd9821c430_0, 0, 1;
    %pushi/vec4 0, 0, 1;
    %store/vec4 v000001fd9821e690_0, 0, 1;
    %pushi/vec4 0, 0, 2;
    %store/vec4 v000001fd9821c6b0_0, 0, 2;
    %pushi/vec4 0, 0, 2;
    %store/vec4 v000001fd9821c610_0, 0, 2;
    %pushi/vec4 0, 0, 1;
    %store/vec4 v000001fd9821e730_0, 0, 1;
    %pushi/vec4 0, 0, 1;
    %store/vec4 v000001fd9821d010_0, 0, 1;
    %pushi/vec4 0, 0, 1;
    %store/vec4 v000001fd9819c5c0_0, 0, 1;
    %pushi/vec4 0, 0, 1;
    %store/vec4 v000001fd9821d330_0, 0, 1;
    %pushi/vec4 0, 0, 1;
    %store/vec4 v000001fd9821e550_0, 0, 1;
    %pushi/vec4 0, 0, 1;
    %store/vec4 v000001fd9821e5f0_0, 0, 1;
    %pushi/vec4 0, 0, 1;
    %store/vec4 v000001fd9821d650_0, 0, 1;
    %pushi/vec4 0, 0, 1;
    %store/vec4 v000001fd9821c4d0_0, 0, 1;
    %pushi/vec4 0, 0, 1;
    %store/vec4 v000001fd9819a2c0_0, 0, 1;
    %pushi/vec4 0, 0, 1;
    %store/vec4 v000001fd9821d3d0_0, 0, 1;
    %pushi/vec4 0, 0, 1;
    %store/vec4 v000001fd9821d510_0, 0, 1;
    %pushi/vec4 1, 0, 1;
    %store/vec4 v000001fd9821cc50_0, 0, 1;
    %pushi/vec4 0, 0, 1;
    %store/vec4 v000001fd9821c750_0, 0, 1;
    %pushi/vec4 0, 0, 2;
    %store/vec4 v000001fd9821cf70_0, 0, 2;
    %pushi/vec4 0, 0, 1;
    %store/vec4 v000001fd9821df10_0, 0, 1;
    %pushi/vec4 0, 0, 1;
    %store/vec4 v000001fd9819cde0_0, 0, 1;
    %pushi/vec4 0, 0, 1;
    %store/vec4 v000001fd9821d1f0_0, 0, 1;
    %jmp T_2.36;
T_2.36 ;
    %pop/vec4 1;
    %jmp T_2;
    .thread T_2, $push;
    .scope S_000001fd98258190;
T_3 ;
    %pushi/vec4 0, 0, 4;
    %store/vec4 v000001fd982533a0_0, 0, 4;
    %end;
    .thread T_3;
    .scope S_000001fd98258190;
T_4 ;
    %wait E_000001fd9814d3f0;
    %load/vec4 v000001fd98253b20_0;
    %flag_set/vec4 8;
    %jmp/0xz  T_4.0, 8;
    %load/vec4 v000001fd98252220_0;
    %assign/vec4 v000001fd982533a0_0, 0;
T_4.0 ;
    %jmp T_4;
    .thread T_4;
    .scope S_000001fd98258640;
T_5 ;
    %pushi/vec4 0, 0, 4;
    %store/vec4 v000001fd98253440_0, 0, 4;
    %end;
    .thread T_5;
    .scope S_000001fd98258640;
T_6 ;
    %wait E_000001fd9814d3f0;
    %load/vec4 v000001fd982534e0_0;
    %flag_set/vec4 8;
    %jmp/0xz  T_6.0, 8;
    %load/vec4 v000001fd982522c0_0;
    %assign/vec4 v000001fd98253440_0, 0;
T_6.0 ;
    %jmp T_6;
    .thread T_6;
    .scope S_000001fd982587d0;
T_7 ;
    %pushi/vec4 0, 0, 5;
    %store/vec4 v000001fd98252ae0_0, 0, 5;
    %end;
    .thread T_7;
    .scope S_000001fd982587d0;
T_8 ;
    %wait E_000001fd9814d3f0;
    %load/vec4 v000001fd98253580_0;
    %flag_set/vec4 8;
    %jmp/0xz  T_8.0, 8;
    %load/vec4 v000001fd98252d60_0;
    %assign/vec4 v000001fd98252ae0_0, 0;
T_8.0 ;
    %jmp T_8;
    .thread T_8;
    .scope S_000001fd98259900;
T_9 ;
    %pushi/vec4 0, 0, 4;
    %store/vec4 v000001fd98253620_0, 0, 4;
    %end;
    .thread T_9;
    .scope S_000001fd98259900;
T_10 ;
    %wait E_000001fd9814d3f0;
    %load/vec4 v000001fd982536c0_0;
    %flag_set/vec4 8;
    %jmp/0xz  T_10.0, 8;
    %load/vec4 v000001fd982516e0_0;
    %assign/vec4 v000001fd98253620_0, 0;
T_10.0 ;
    %jmp T_10;
    .thread T_10;
    .scope S_000001fd98258960;
T_11 ;
    %pushi/vec4 0, 0, 5;
    %store/vec4 v000001fd98251dc0_0, 0, 5;
    %end;
    .thread T_11;
    .scope S_000001fd98258960;
T_12 ;
    %wait E_000001fd9814d3f0;
    %load/vec4 v000001fd98253080_0;
    %flag_set/vec4 8;
    %jmp/0xz  T_12.0, 8;
    %load/vec4 v000001fd98251820_0;
    %assign/vec4 v000001fd98251dc0_0, 0;
T_12.0 ;
    %jmp T_12;
    .thread T_12;
    .scope S_000001fd98258af0;
T_13 ;
    %pushi/vec4 0, 0, 4;
    %store/vec4 v000001fd98251fa0_0, 0, 4;
    %end;
    .thread T_13;
    .scope S_000001fd98258af0;
T_14 ;
    %wait E_000001fd9814d3f0;
    %load/vec4 v000001fd98251b40_0;
    %flag_set/vec4 8;
    %jmp/0xz  T_14.0, 8;
    %load/vec4 v000001fd98252180_0;
    %assign/vec4 v000001fd98251fa0_0, 0;
T_14.0 ;
    %jmp T_14;
    .thread T_14;
    .scope S_000001fd98258320;
T_15 ;
    %pushi/vec4 0, 0, 5;
    %store/vec4 v000001fd98253bc0_0, 0, 5;
    %end;
    .thread T_15;
    .scope S_000001fd98258320;
T_16 ;
    %wait E_000001fd9814d3f0;
    %load/vec4 v000001fd98252c20_0;
    %flag_set/vec4 8;
    %jmp/0xz  T_16.0, 8;
    %load/vec4 v000001fd98251e60_0;
    %assign/vec4 v000001fd98253bc0_0, 0;
T_16.0 ;
    %jmp T_16;
    .thread T_16;
    .scope S_000001fd98258c80;
T_17 ;
    %pushi/vec4 0, 0, 4;
    %store/vec4 v000001fd982518c0_0, 0, 4;
    %end;
    .thread T_17;
    .scope S_000001fd98258c80;
T_18 ;
    %wait E_000001fd9814d3f0;
    %load/vec4 v000001fd98253940_0;
    %flag_set/vec4 8;
    %jmp/0xz  T_18.0, 8;
    %load/vec4 v000001fd98252040_0;
    %assign/vec4 v000001fd982518c0_0, 0;
T_18.0 ;
    %jmp T_18;
    .thread T_18;
    .scope S_000001fd98258e10;
T_19 ;
    %pushi/vec4 0, 0, 1;
    %store/vec4 v000001fd98252720_0, 0, 1;
    %end;
    .thread T_19;
    .scope S_000001fd98258e10;
T_20 ;
    %wait E_000001fd9814d3f0;
    %load/vec4 v000001fd982520e0_0;
    %flag_set/vec4 8;
    %jmp/0xz  T_20.0, 8;
    %load/vec4 v000001fd98253800_0;
    %assign/vec4 v000001fd98252720_0, 0;
T_20.0 ;
    %jmp T_20;
    .thread T_20;
    .scope S_000001fd98258fa0;
T_21 ;
    %pushi/vec4 0, 0, 1;
    %store/vec4 v000001fd98251460_0, 0, 1;
    %end;
    .thread T_21;
    .scope S_000001fd98258fa0;
T_22 ;
    %wait E_000001fd9814d3f0;
    %load/vec4 v000001fd98252360_0;
    %flag_set/vec4 8;
    %jmp/0xz  T_22.0, 8;
    %load/vec4 v000001fd982524a0_0;
    %assign/vec4 v000001fd98251460_0, 0;
T_22.0 ;
    %jmp T_22;
    .thread T_22;
    .scope S_000001fd98259130;
T_23 ;
    %pushi/vec4 0, 0, 32;
    %store/vec4 v000001fd98257220_0, 0, 32;
T_23.0 ;
    %load/vec4 v000001fd98257220_0;
    %cmpi/s 16, 0, 32;
    %jmp/0xz T_23.1, 5;
    %pushi/vec4 0, 0, 6;
    %ix/getv/s 4, v000001fd98257220_0;
    %store/vec4a v000001fd98256d20, 4, 0;
    %load/vec4 v000001fd98257220_0;
    %addi 1, 0, 32;
    %store/vec4 v000001fd98257220_0, 0, 32;
    %jmp T_23.0;
T_23.1 ;
    %end;
    .thread T_23;
    .scope S_000001fd98259130;
T_24 ;
    %wait E_000001fd9814d3f0;
    %load/vec4 v000001fd98256820_0;
    %flag_set/vec4 8;
    %jmp/0xz  T_24.0, 8;
    %pushi/vec4 1, 0, 1;
    %load/vec4 v000001fd98256be0_0;
    %concat/vec4; draw_concat_vec4
    %load/vec4 v000001fd98254020_0;
    %pad/u 6;
    %ix/vec4 3;
    %ix/load 4, 0, 0; Constant delay
    %assign/vec4/a/d v000001fd98256d20, 0, 4;
    %jmp T_24.1;
T_24.0 ;
    %load/vec4 v000001fd98256b40_0;
    %flag_set/vec4 8;
    %jmp/0xz  T_24.2, 8;
    %load/vec4 v000001fd98254020_0;
    %pad/u 6;
    %ix/vec4 4;
    %load/vec4a v000001fd98256d20, 4;
    %split/vec4 5;
    %assign/vec4 v000001fd982563c0_0, 0;
    %assign/vec4 v000001fd98256c80_0, 0;
T_24.2 ;
T_24.1 ;
    %jmp T_24;
    .thread T_24;
    .scope S_000001fd981c2d60;
T_25 ;
    %delay 5000, 0;
    %load/vec4 v000001fd9824c280_0;
    %inv;
    %store/vec4 v000001fd9824c280_0, 0, 1;
    %jmp T_25;
    .thread T_25;
    .scope S_000001fd981c2d60;
T_26 ;
    %pushi/vec4 0, 0, 1;
    %store/vec4 v000001fd9824c280_0, 0, 1;
    %pushi/vec4 0, 0, 1;
    %store/vec4 v000001fd9824a480_0, 0, 1;
    %pushi/vec4 0, 0, 4;
    %store/vec4 v000001fd98248680_0, 0, 4;
    %pushi/vec4 0, 0, 5;
    %store/vec4 v000001fd9824ac00_0, 0, 5;
    %delay 2000, 0;
    %pushi/vec4 1, 0, 1;
    %store/vec4 v000001fd9824a480_0, 0, 1;
    %pushi/vec4 2, 0, 4;
    %store/vec4 v000001fd98248680_0, 0, 4;
    %pushi/vec4 16, 0, 5;
    %store/vec4 v000001fd9824ac00_0, 0, 5;
    %delay 10000, 0;
    %pushi/vec4 1, 0, 1;
    %store/vec4 v000001fd9824a480_0, 0, 1;
    %pushi/vec4 6, 0, 4;
    %store/vec4 v000001fd98248680_0, 0, 4;
    %pushi/vec4 11, 0, 5;
    %store/vec4 v000001fd9824ac00_0, 0, 5;
    %delay 10000, 0;
    %pushi/vec4 1, 0, 1;
    %store/vec4 v000001fd9824a480_0, 0, 1;
    %pushi/vec4 5, 0, 4;
    %store/vec4 v000001fd98248680_0, 0, 4;
    %pushi/vec4 17, 0, 5;
    %store/vec4 v000001fd9824ac00_0, 0, 5;
    %delay 10000, 0;
    %pushi/vec4 1, 0, 1;
    %store/vec4 v000001fd9824a480_0, 0, 1;
    %pushi/vec4 9, 0, 4;
    %store/vec4 v000001fd98248680_0, 0, 4;
    %pushi/vec4 21, 0, 5;
    %store/vec4 v000001fd9824ac00_0, 0, 5;
    %delay 10000, 0;
    %pushi/vec4 1, 0, 1;
    %store/vec4 v000001fd9824a480_0, 0, 1;
    %pushi/vec4 11, 0, 4;
    %store/vec4 v000001fd98248680_0, 0, 4;
    %pushi/vec4 13, 0, 5;
    %store/vec4 v000001fd9824ac00_0, 0, 5;
    %delay 10000, 0;
    %pushi/vec4 1, 0, 1;
    %store/vec4 v000001fd9824a480_0, 0, 1;
    %pushi/vec4 15, 0, 4;
    %store/vec4 v000001fd98248680_0, 0, 4;
    %pushi/vec4 20, 0, 5;
    %store/vec4 v000001fd9824ac00_0, 0, 5;
    %delay 10000, 0;
    %pushi/vec4 0, 0, 1;
    %store/vec4 v000001fd9824a480_0, 0, 1;
    %delay 1000000, 0;
    %vpi_call 2 63 "$finish" {0 0 0};
    %end;
    .thread T_26;
    .scope S_000001fd981c2d60;
T_27 ;
    %vpi_call 2 68 "$monitor", " ao=%d, do=%d, vo=%b,CNT=%d,MAXA=%d,MAXV=%d,MINA=%d,MINV=%d,MDR=%d,MAR=%d,ceq=%d,vd=%b,cs=%d, m0=%b, m1=%b,m2=%b,m3=%b,m4=%b,m5=%b,m11=%b,m12=%b,m13=%b,m14=%b,m15=%b", v000001fd98248720_0, v000001fd9824ade0_0, v000001fd9824b6a0_0, v000001fd98248d60_0, v000001fd98248e00_0, v000001fd98248f40_0, v000001fd98249440_0, v000001fd982482c0_0, v000001fd98249bc0_0, v000001fd982494e0_0, v000001fd98247e60_0, v000001fd98247780_0, v000001fd98248fe0_0, v000001fd98249580_0, v000001fd98249620_0, v000001fd98248540_0, v000001fd982485e0_0, v000001fd982498a0_0, v000001fd98247960_0, v000001fd98247b40_0, v000001fd98247c80_0, v000001fd98247fa0_0, v000001fd98248400_0, v000001fd98247640_0 {0 0 0};
    %end;
    .thread T_27;
# The file index is used to find the file name in the following table.
:file_names 4;
    "N/A";
    "<interactive>";
    "test_final_tb.v";
    "durgeshchange.v";
